date,co2_tonnes
2020-11-25 01:00:00,2255.397670299551
2020-11-25 02:00:00,2056.478081835034
2020-11-25 03:00:00,2615.030527872529
2020-11-25 04:00:00,2585.5777044423858
2020-11-25 05:00:00,3172.5773418614012
2020-11-25 06:00:00,3748.914832979783
2020-11-25 07:00:00,3494.304107139453
2020-11-25 08:00:00,3697.9734209717785
2020-11-25 09:00:00,3454.054659615802
2020-11-25 10:00:00,3488.791403937209
2020-11-25 11:00:00,3317.8258059400714
2020-11-25 12:00:00,2955.943440162664
2020-11-25 13:00:00,3051.4303452788545
2020-11-25 14:00:00,3191.5446909206144
2020-11-25 15:00:00,3435.9874430918294
2020-11-25 16:00:00,3547.757993002398
2020-11-25 17:00:00,4000.110993068311
2020-11-25 18:00:00,3544.723160915684
2020-11-25 19:00:00,3334.1690701788157
2020-11-25 20:00:00,3553.829463964585
2020-11-25 21:00:00,3448.3158800122883
2020-11-25 22:00:00,2814.421945406467
2020-11-25 23:00:00,2679.6458111319607
2020-11-26 00:00:00,1898.9347109232424
2020-11-26 01:00:00,2293.8656928580026
2020-11-26 02:00:00,2455.475002557918
2020-11-26 03:00:00,2655.999627052216
2020-11-26 04:00:00,2773.7749262108264
2020-11-26 05:00:00,3096.705511173769
2020-11-26 06:00:00,3245.31133041753
2020-11-26 07:00:00,3524.403656576631
2020-11-26 08:00:00,3967.0741558659174
2020-11-26 09:00:00,3592.788190415243
2020-11-26 10:00:00,3615.458300702386
2020-11-26 11:00:00,3470.280823401111
2020-11-26 12:00:00,3384.786691648275
2020-11-26 13:00:00,3081.871966956924
2020-11-26 14:00:00,3144.410664918381
2020-11-26 15:00:00,3728.311000521178
2020-11-26 16:00:00,3515.652682518965
2020-11-26 17:00:00,3483.0646516662014
2020-11-26 18:00:00,3870.4954202009008
2020-11-26 19:00:00,3600.075593077008
2020-11-26 20:00:00,3732.7833309481985
2020-11-26 21:00:00,3432.576228275398
2020-11-26 22:00:00,3254.3897460890453
2020-11-26 23:00:00,2813.026434997053
2020-11-27 00:00:00,2254.233699702855
2020-11-27 01:00:00,2429.291199643648
2020-11-27 02:00:00,2285.003726188195
2020-11-27 03:00:00,2605.113948516511
2020-11-27 04:00:00,2755.516133649765
2020-11-27 05:00:00,2969.9488719816277
2020-11-27 06:00:00,3639.3576696763075
2020-11-27 07:00:00,3752.094842057005
2020-11-27 08:00:00,3832.946422924137
2020-11-27 09:00:00,3506.1704275284887
2020-11-27 10:00:00,3416.651640144436
2020-11-27 11:00:00,3366.0407871097686
2020-11-27 12:00:00,3149.995776386184
2020-11-27 13:00:00,2976.645686188802
2020-11-27 14:00:00,3204.982049368168
2020-11-27 15:00:00,3586.2258031363426
2020-11-27 16:00:00,3309.688452200091
2020-11-27 17:00:00,3989.8787678152958
2020-11-27 18:00:00,3582.558981880817
2020-11-27 19:00:00,3556.5038843718803
2020-11-27 20:00:00,3623.7426195142716
2020-11-27 21:00:00,3267.5453810890745
2020-11-27 22:00:00,3235.6767862231754
2020-11-27 23:00:00,2621.6630255605432
2020-11-28 00:00:00,1831.123758653269
2020-11-28 01:00:00,2041.1291192270596
2020-11-28 02:00:00,1917.6463556539934
2020-11-28 03:00:00,1971.780763441985
2020-11-28 04:00:00,2303.573465928335
2020-11-28 05:00:00,2395.531972991639
2020-11-28 06:00:00,2749.0754885751376
2020-11-28 07:00:00,3024.5584534743753
2020-11-28 08:00:00,3142.9936041292985
2020-11-28 09:00:00,3130.4940089274414
2020-11-28 10:00:00,3251.48760557598
2020-11-28 11:00:00,2792.2947011031115
2020-11-28 12:00:00,2696.1534276051075
2020-11-28 13:00:00,2590.0426761142903
2020-11-28 14:00:00,2839.6578639521836
2020-11-28 15:00:00,3043.10841223573
2020-11-28 16:00:00,2773.919550196862
2020-11-28 17:00:00,3095.6948203775505
2020-11-28 18:00:00,3123.9330887875994
2020-11-28 19:00:00,3199.757075806015
2020-11-28 20:00:00,2979.334381354796
2020-11-28 21:00:00,2777.6704452610647
2020-11-28 22:00:00,2500.7323905520725
2020-11-28 23:00:00,2551.427274478061
2020-11-29 00:00:00,1630.9560400754913
2020-11-29 01:00:00,1825.7984062986086
2020-11-29 02:00:00,1868.3742012461544
2020-11-29 03:00:00,1851.1814472351618
2020-11-29 04:00:00,2188.783545258615
2020-11-29 05:00:00,2264.668574372462
2020-11-29 06:00:00,2611.4739107556234
2020-11-29 07:00:00,2901.3266783890467
2020-11-29 08:00:00,2594.113284139555
2020-11-29 09:00:00,2803.1936862197167
2020-11-29 10:00:00,2806.8881927909783
2020-11-29 11:00:00,2390.2796593634107
2020-11-29 12:00:00,2822.058459648748
2020-11-29 13:00:00,2314.3084971754065
2020-11-29 14:00:00,2432.5180423073043
2020-11-29 15:00:00,2582.460153374047
2020-11-29 16:00:00,2652.376409111842
2020-11-29 17:00:00,2600.2041456562793
2020-11-29 18:00:00,3047.0272847902297
2020-11-29 19:00:00,2726.223004874409
2020-11-29 20:00:00,2613.495846580805
2020-11-29 21:00:00,2662.8733979361427
2020-11-29 22:00:00,2332.2626064441665
2020-11-29 23:00:00,2070.0777383123914
2020-11-30 00:00:00,2350.8866196045474
2020-11-30 01:00:00,2217.964452380917
2020-11-30 02:00:00,2558.9602167630164
2020-11-30 03:00:00,2751.0131397060672
2020-11-30 04:00:00,2806.6403736386505
2020-11-30 05:00:00,3016.17546295192
2020-11-30 06:00:00,3630.2188669837915
2020-11-30 07:00:00,3734.454515018337
2020-11-30 08:00:00,3534.610948454986
2020-11-30 09:00:00,3885.6722837390066
2020-11-30 10:00:00,3657.995846666031
2020-11-30 11:00:00,3811.117353535733
2020-11-30 12:00:00,3194.3491642317504
2020-11-30 13:00:00,3378.4397802226754
2020-11-30 14:00:00,3403.0830814106002
2020-11-30 15:00:00,3339.952759841094
2020-11-30 16:00:00,3725.521159440103
2020-11-30 17:00:00,3695.794759231644
2020-11-30 18:00:00,3578.2473518371926
2020-11-30 19:00:00,3507.3299527139147
2020-11-30 20:00:00,3483.2842638420047
2020-11-30 21:00:00,3308.5772250167843
2020-11-30 22:00:00,2910.7589705614173
2020-11-30 23:00:00,2776.2681756636634
2020-12-01 00:00:00,2427.3493043359285
2020-12-01 01:00:00,2268.534036496347
2020-12-01 02:00:00,2423.634701442036
2020-12-01 03:00:00,2478.373844838211
2020-12-01 04:00:00,2728.969065063445
2020-12-01 05:00:00,3113.9843597334757
2020-12-01 06:00:00,3160.7305408697157
2020-12-01 07:00:00,3734.72741368764
2020-12-01 08:00:00,3674.912184895417
2020-12-01 09:00:00,4066.734464890859
2020-12-01 10:00:00,3690.7729531693085
2020-12-01 11:00:00,3421.5508816983925
2020-12-01 12:00:00,3420.821895133992
2020-12-01 13:00:00,3045.480252422433
2020-12-01 14:00:00,3375.9726209832597
2020-12-01 15:00:00,3595.4176322693297
2020-12-01 16:00:00,3351.3447035774193
2020-12-01 17:00:00,3830.7924556311323
2020-12-01 18:00:00,3690.0742569999566
2020-12-01 19:00:00,3405.0105751212996
2020-12-01 20:00:00,3774.2658293254394
2020-12-01 21:00:00,3315.3493554018924
2020-12-01 22:00:00,3237.095839928837
2020-12-01 23:00:00,3003.6687007963815
2020-12-02 00:00:00,2339.129806827289
2020-12-02 01:00:00,2311.8169703356284
2020-12-02 02:00:00,2579.598609677613
2020-12-02 03:00:00,2744.4641138558973
2020-12-02 04:00:00,2916.7259737895006
2020-12-02 05:00:00,3123.929924958812
2020-12-02 06:00:00,3306.627074796829
2020-12-02 07:00:00,3320.7908587262223
2020-12-02 08:00:00,3574.768562348027
2020-12-02 09:00:00,3610.473112568865
2020-12-02 10:00:00,3694.3447811432566
2020-12-02 11:00:00,3643.0990448023726
2020-12-02 12:00:00,3041.0298640429346
2020-12-02 13:00:00,3116.288042824335
2020-12-02 14:00:00,3186.0103620584064
2020-12-02 15:00:00,3433.8334450846355
2020-12-02 16:00:00,3834.716025886137
2020-12-02 17:00:00,3565.136950671163
2020-12-02 18:00:00,3531.752907377474
2020-12-02 19:00:00,3652.5389640209446
2020-12-02 20:00:00,3597.0443507790205
2020-12-02 21:00:00,2991.064242153645
2020-12-02 22:00:00,3117.4708356008978
2020-12-02 23:00:00,2825.4236437830677
2020-12-03 00:00:00,2152.4263545056797
2020-12-03 01:00:00,2376.389946167074
2020-12-03 02:00:00,2121.6914049685342
2020-12-03 03:00:00,2657.8447883140657
2020-12-03 04:00:00,2902.0700885155406
2020-12-03 05:00:00,3356.0221128776298
2020-12-03 06:00:00,3642.1632206979702
2020-12-03 07:00:00,3391.3891252348817
2020-12-03 08:00:00,3921.134421173234
2020-12-03 09:00:00,3294.525520911426
2020-12-03 10:00:00,3711.864717147721
2020-12-03 11:00:00,3290.0048245033527
2020-12-03 12:00:00,3183.499089049344
2020-12-03 13:00:00,3399.7427762675575
2020-12-03 14:00:00,3229.6014617232236
2020-12-03 15:00:00,3561.7078962292135
2020-12-03 16:00:00,3554.629185228861
2020-12-03 17:00:00,3649.656353058804
2020-12-03 18:00:00,3651.0129822510557
2020-12-03 19:00:00,3479.8005553441494
2020-12-03 20:00:00,2985.350907322499
2020-12-03 21:00:00,3584.528423681557
2020-12-03 22:00:00,2720.505150610362
2020-12-03 23:00:00,2716.495131023103
2020-12-04 00:00:00,2252.355477340369
2020-12-04 01:00:00,2090.545854364033
2020-12-04 02:00:00,2380.903283309363
2020-12-04 03:00:00,2439.3651073815236
2020-12-04 04:00:00,2881.8875929768683
2020-12-04 05:00:00,2844.5442765250887
2020-12-04 06:00:00,3542.87884476973
2020-12-04 07:00:00,3557.3576476685203
2020-12-04 08:00:00,3934.6726864953416
2020-12-04 09:00:00,3482.234861117235
2020-12-04 10:00:00,3632.6282592597518
2020-12-04 11:00:00,3578.3590994002807
2020-12-04 12:00:00,3327.0808203634033
2020-12-04 13:00:00,3268.735821526162
2020-12-04 14:00:00,3485.1268611991786
2020-12-04 15:00:00,3248.6958448228856
2020-12-04 16:00:00,3729.608200809467
2020-12-04 17:00:00,3813.0911385764157
2020-12-04 18:00:00,3537.995364509246
2020-12-04 19:00:00,3887.825230994198
2020-12-04 20:00:00,3173.303446366423
2020-12-04 21:00:00,3357.8732708315047
2020-12-04 22:00:00,3129.629195213486
2020-12-04 23:00:00,2957.7672747970637
2020-12-05 00:00:00,1949.0172606577464
2020-12-05 01:00:00,1862.5376061414593
2020-12-05 02:00:00,2044.8147344920123
2020-12-05 03:00:00,2126.854579877998
2020-12-05 04:00:00,2458.516801931153
2020-12-05 05:00:00,2600.574781443326
2020-12-05 06:00:00,2723.4068064445432
2020-12-05 07:00:00,3049.3463017440677
2020-12-05 08:00:00,3214.6857995946843
2020-12-05 09:00:00,3448.4022611366686
2020-12-05 10:00:00,2961.8737008564485
2020-12-05 11:00:00,3204.4697834349936
2020-12-05 12:00:00,2652.0620618961498
2020-12-05 13:00:00,2820.056013600591
2020-12-05 14:00:00,2828.6390541936075
2020-12-05 15:00:00,3187.4982272721627
2020-12-05 16:00:00,3133.4777651376644
2020-12-05 17:00:00,3061.0406789353187
2020-12-05 18:00:00,3134.752874839134
2020-12-05 19:00:00,3098.621490502591
2020-12-05 20:00:00,2917.7383125395927
2020-12-05 21:00:00,2982.034299500511
2020-12-05 22:00:00,2737.5265377781407
2020-12-05 23:00:00,2638.6630255651958
2020-12-06 00:00:00,1612.1426805506844
2020-12-06 01:00:00,1830.5042767286761
2020-12-06 02:00:00,1721.8100188968094
2020-12-06 03:00:00,2058.0609006988775
2020-12-06 04:00:00,2105.9638505116936
2020-12-06 05:00:00,2342.9330892573694
2020-12-06 06:00:00,2514.9758697067077
2020-12-06 07:00:00,2722.500099193064
2020-12-06 08:00:00,2691.1346649261677
2020-12-06 09:00:00,2730.1452134170195
2020-12-06 10:00:00,2661.288952496875
2020-12-06 11:00:00,2572.9323102593307
2020-12-06 12:00:00,2396.2880935204594
2020-12-06 13:00:00,2594.695485884882
2020-12-06 14:00:00,2452.1401062869586
2020-12-06 15:00:00,2617.896669184342
2020-12-06 16:00:00,2758.3354621384274
2020-12-06 17:00:00,2558.656233766804
2020-12-06 18:00:00,2709.1093036234906
2020-12-06 19:00:00,2835.625002564435
2020-12-06 20:00:00,2752.483427214391
2020-12-06 21:00:00,2533.3132198089834
2020-12-06 22:00:00,2488.3267106588482
2020-12-06 23:00:00,2348.850993059263
2020-12-07 00:00:00,2369.650322600294
2020-12-07 01:00:00,2266.4578630260817
2020-12-07 02:00:00,2315.7912088560156
2020-12-07 03:00:00,2513.573274098986
2020-12-07 04:00:00,2677.140673171233
2020-12-07 05:00:00,3164.35261286325
2020-12-07 06:00:00,3421.2495735420507
2020-12-07 07:00:00,3869.6781969182184
2020-12-07 08:00:00,3897.550580080369
2020-12-07 09:00:00,3696.58469213399
2020-12-07 10:00:00,3642.8228185944813
2020-12-07 11:00:00,3485.973065912586
2020-12-07 12:00:00,3488.8965649488277
2020-12-07 13:00:00,3217.4634281981166
2020-12-07 14:00:00,3283.924623477866
2020-12-07 15:00:00,3634.6579755366693
2020-12-07 16:00:00,3589.9228559017356
2020-12-07 17:00:00,3728.80945830138
2020-12-07 18:00:00,3552.1262634136283
2020-12-07 19:00:00,3386.8285965569175
2020-12-07 20:00:00,3642.2150258563233
2020-12-07 21:00:00,3463.1517118493443
2020-12-07 22:00:00,2956.7257587177164
2020-12-07 23:00:00,2880.7896827480636
2020-12-08 00:00:00,2276.1941314039013
2020-12-08 01:00:00,2235.6492190907825
2020-12-08 02:00:00,2383.2876839014593
2020-12-08 03:00:00,2483.4854872194096
2020-12-08 04:00:00,2878.8326630952024
2020-12-08 05:00:00,2944.793899831084
2020-12-08 06:00:00,3375.158198563739
2020-12-08 07:00:00,3988.7551931433177
2020-12-08 08:00:00,4012.5569716976734
2020-12-08 09:00:00,3633.843492958096
2020-12-08 10:00:00,3420.4748712674227
2020-12-08 11:00:00,3395.2943526657095
2020-12-08 12:00:00,3418.275330032714
2020-12-08 13:00:00,3113.0277058011734
2020-12-08 14:00:00,3159.9887468707384
2020-12-08 15:00:00,3199.91990974812
2020-12-08 16:00:00,3769.4476540217292
2020-12-08 17:00:00,3746.751256470587
2020-12-08 18:00:00,3701.798075039065
2020-12-08 19:00:00,3571.985648171527
2020-12-08 20:00:00,3219.7038806558303
2020-12-08 21:00:00,3247.6528949283183
2020-12-08 22:00:00,2933.9166362066726
2020-12-08 23:00:00,2987.9928935713297
2020-12-09 00:00:00,2320.675217916228
2020-12-09 01:00:00,2177.5119649692415
2020-12-09 02:00:00,2336.505965105807
2020-12-09 03:00:00,2365.4501118901994
2020-12-09 04:00:00,2834.4534596815447
2020-12-09 05:00:00,2934.4268951837494
2020-12-09 06:00:00,3600.651533922231
2020-12-09 07:00:00,3803.216183589444
2020-12-09 08:00:00,4093.893245450328
2020-12-09 09:00:00,4017.1531087201683
2020-12-09 10:00:00,3447.2383114689865
2020-12-09 11:00:00,3382.041168963956
2020-12-09 12:00:00,3383.3086782395567
2020-12-09 13:00:00,3524.448073485803
2020-12-09 14:00:00,3409.573177153232
2020-12-09 15:00:00,3678.027163314976
2020-12-09 16:00:00,3578.7056345530514
2020-12-09 17:00:00,3397.700936310735
2020-12-09 18:00:00,4022.135999852494
2020-12-09 19:00:00,3840.5154393460475
2020-12-09 20:00:00,3518.531464563077
2020-12-09 21:00:00,3680.820786255159
2020-12-09 22:00:00,3012.1457023034004
2020-12-09 23:00:00,2955.4829581732943
2020-12-10 00:00:00,2555.56452772274
2020-12-10 01:00:00,2454.529378564217
2020-12-10 02:00:00,2533.9872475784678
2020-12-10 03:00:00,2676.953594415958
2020-12-10 04:00:00,2926.2782001995224
2020-12-10 05:00:00,3547.109674278868
2020-12-10 06:00:00,3555.2706904580973
2020-12-10 07:00:00,3735.9878626180093
2020-12-10 08:00:00,3836.3649012648807
2020-12-10 09:00:00,3740.933493684967
2020-12-10 10:00:00,3610.262233575703
2020-12-10 11:00:00,3274.208772821718
2020-12-10 12:00:00,3348.1039649516324
2020-12-10 13:00:00,3451.287083183102
2020-12-10 14:00:00,3776.880089209634
2020-12-10 15:00:00,3541.9786273272393
2020-12-10 16:00:00,3641.1575512108557
2020-12-10 17:00:00,3951.958259104301
2020-12-10 18:00:00,3747.35731143527
2020-12-10 19:00:00,3501.028862196847
2020-12-10 20:00:00,3590.365686279256
2020-12-10 21:00:00,3349.886377964509
2020-12-10 22:00:00,3312.5363311042343
2020-12-10 23:00:00,3199.3366883483823
2020-12-11 00:00:00,2342.287571720961
2020-12-11 01:00:00,2279.0533635083634
2020-12-11 02:00:00,2374.3234193241983
2020-12-11 03:00:00,2655.1520392284565
2020-12-11 04:00:00,2990.001935777315
2020-12-11 05:00:00,2977.680793601787
2020-12-11 06:00:00,3653.801662706211
2020-12-11 07:00:00,3713.582890604668
2020-12-11 08:00:00,3868.1863194432935
2020-12-11 09:00:00,3712.8426703200103
2020-12-11 10:00:00,3378.2892372818906
2020-12-11 11:00:00,3430.8319183058943
2020-12-11 12:00:00,3389.3886039752
2020-12-11 13:00:00,3247.519407863509
2020-12-11 14:00:00,3327.8262767165006
2020-12-11 15:00:00,3375.195105520092
2020-12-11 16:00:00,3675.5675867673435
2020-12-11 17:00:00,3823.407944915307
2020-12-11 18:00:00,3419.411989073804
2020-12-11 19:00:00,3671.2445373155842
2020-12-11 20:00:00,3774.6434137643464
2020-12-11 21:00:00,3355.8553630253946
2020-12-11 22:00:00,3220.852247199615
2020-12-11 23:00:00,3132.955040310914
2020-12-12 00:00:00,1907.87334878626
2020-12-12 01:00:00,1801.464057060202
2020-12-12 02:00:00,2089.5132010516954
2020-12-12 03:00:00,2361.452171650145
2020-12-12 04:00:00,2345.126821037753
2020-12-12 05:00:00,2751.860430727739
2020-12-12 06:00:00,2948.849659198214
2020-12-12 07:00:00,3304.5618725449203
2020-12-12 08:00:00,3663.8794560830156
2020-12-12 09:00:00,3331.67521606481
2020-12-12 10:00:00,3042.9256445109945
2020-12-12 11:00:00,2721.224933430816
2020-12-12 12:00:00,2872.4234361864346
2020-12-12 13:00:00,2735.3204398024704
2020-12-12 14:00:00,2824.6024395188074
2020-12-12 15:00:00,3163.399525756532
2020-12-12 16:00:00,3199.2601659538764
2020-12-12 17:00:00,3040.499818096246
2020-12-12 18:00:00,3318.0711310568986
2020-12-12 19:00:00,3498.704339149182
2020-12-12 20:00:00,3050.9425980808273
2020-12-12 21:00:00,2838.5484661965934
2020-12-12 22:00:00,2671.498163735736
2020-12-12 23:00:00,2201.9046705096735
2020-12-13 00:00:00,1612.1872426400816
2020-12-13 01:00:00,1718.4069142860649
2020-12-13 02:00:00,2057.332664329554
2020-12-13 03:00:00,1770.4747403681642
2020-12-13 04:00:00,2032.2649022100832
2020-12-13 05:00:00,2577.7082873973623
2020-12-13 06:00:00,2753.4129981766
2020-12-13 07:00:00,2704.3941535137415
2020-12-13 08:00:00,2847.9221524427116
2020-12-13 09:00:00,2980.0542474004214
2020-12-13 10:00:00,2828.133369561337
2020-12-13 11:00:00,2619.642072205505
2020-12-13 12:00:00,2465.7309858902604
2020-12-13 13:00:00,2773.271803955513
2020-12-13 14:00:00,2453.251975728749
2020-12-13 15:00:00,2720.3323335718414
2020-12-13 16:00:00,2927.6738190162228
2020-12-13 17:00:00,2880.2523741049545
2020-12-13 18:00:00,2711.4198492939663
2020-12-13 19:00:00,2726.2576371519363
2020-12-13 20:00:00,2946.0186691017484
2020-12-13 21:00:00,2553.190279551567
2020-12-13 22:00:00,2179.634633305285
2020-12-13 23:00:00,2300.0536698523733
2020-12-14 00:00:00,2309.1832178070263
2020-12-14 01:00:00,2266.0008410603186
2020-12-14 02:00:00,2491.404083968514
2020-12-14 03:00:00,2356.042652558105
2020-12-14 04:00:00,2675.4112447252564
2020-12-14 05:00:00,2906.0288153704405
2020-12-14 06:00:00,3369.93079890875
2020-12-14 07:00:00,3480.516513279653
2020-12-14 08:00:00,3871.8007326884895
2020-12-14 09:00:00,4020.564803781439
2020-12-14 10:00:00,3882.9825858197014
2020-12-14 11:00:00,3411.722028415435
2020-12-14 12:00:00,3526.6809326424536
2020-12-14 13:00:00,3422.7780467884045
2020-12-14 14:00:00,3154.787269259945
2020-12-14 15:00:00,3455.9876180884794
2020-12-14 16:00:00,3716.9407786365323
2020-12-14 17:00:00,3434.542249224131
2020-12-14 18:00:00,3847.830376402645
2020-12-14 19:00:00,3713.3326209497386
2020-12-14 20:00:00,3695.418797533898
2020-12-14 21:00:00,3471.9341694475934
2020-12-14 22:00:00,3230.2239290151297
2020-12-14 23:00:00,2804.1447162485224
2020-12-15 00:00:00,2426.0881519547193
2020-12-15 01:00:00,2433.241972211443
2020-12-15 02:00:00,2384.190603655299
2020-12-15 03:00:00,2682.5939208507834
2020-12-15 04:00:00,2881.9095486713463
2020-12-15 05:00:00,2982.8437954763876
2020-12-15 06:00:00,3341.5808921977145
2020-12-15 07:00:00,3697.789912770471
2020-12-15 08:00:00,3457.7906141646313
2020-12-15 09:00:00,4031.2992710572335
2020-12-15 10:00:00,3750.2497900445214
2020-12-15 11:00:00,3463.803469518446
2020-12-15 12:00:00,3581.06323911988
2020-12-15 13:00:00,3271.518119852533
2020-12-15 14:00:00,3225.848344009314
2020-12-15 15:00:00,3412.5906632276146
2020-12-15 16:00:00,3734.832671010483
2020-12-15 17:00:00,3659.9938063886
2020-12-15 18:00:00,3758.6230946668206
2020-12-15 19:00:00,3888.6516218590427
2020-12-15 20:00:00,3632.185709323491
2020-12-15 21:00:00,3583.6436635277396
2020-12-15 22:00:00,3376.079337190809
2020-12-15 23:00:00,3101.7837739619035
2020-12-16 00:00:00,2113.8782507202945
2020-12-16 01:00:00,2288.6705434970295
2020-12-16 02:00:00,2649.0801954256945
2020-12-16 03:00:00,2494.25154654607
2020-12-16 04:00:00,2546.131001196652
2020-12-16 05:00:00,3290.510654128304
2020-12-16 06:00:00,3542.5933633887535
2020-12-16 07:00:00,3760.2251241498116
2020-12-16 08:00:00,4106.273657074764
2020-12-16 09:00:00,4241.5932815303
2020-12-16 10:00:00,3833.9261208102153
2020-12-16 11:00:00,3357.289413328951
2020-12-16 12:00:00,3396.6476453612745
2020-12-16 13:00:00,3384.5735599805307
2020-12-16 14:00:00,3452.3777098166656
2020-12-16 15:00:00,3403.5533081306394
2020-12-16 16:00:00,3621.3506962578736
2020-12-16 17:00:00,3752.567402118261
2020-12-16 18:00:00,3658.6378238394836
2020-12-16 19:00:00,3760.573470629714
2020-12-16 20:00:00,3669.396903080853
2020-12-16 21:00:00,3289.4741990360953
2020-12-16 22:00:00,3262.938217387309
2020-12-16 23:00:00,2925.7741113112716
2020-12-17 00:00:00,2390.879897517068
2020-12-17 01:00:00,2337.6591363817156
2020-12-17 02:00:00,2576.8613281590383
2020-12-17 03:00:00,2583.9019705629244
2020-12-17 04:00:00,2660.1288765802433
2020-12-17 05:00:00,3105.1803904466697
2020-12-17 06:00:00,3605.3082681793294
2020-12-17 07:00:00,3777.0960513602377
2020-12-17 08:00:00,3456.6875954699804
2020-12-17 09:00:00,3715.2155793876072
2020-12-17 10:00:00,4003.1284352707207
2020-12-17 11:00:00,3640.5405333048134
2020-12-17 12:00:00,3535.790350660439
2020-12-17 13:00:00,2991.516003962289
2020-12-17 14:00:00,3490.4118990796783
2020-12-17 15:00:00,3228.244781504644
2020-12-17 16:00:00,3632.487641429409
2020-12-17 17:00:00,3933.2658969111912
2020-12-17 18:00:00,3580.0555126821414
2020-12-17 19:00:00,3782.6475359903757
2020-12-17 20:00:00,3421.5723220533196
2020-12-17 21:00:00,3479.3332443115346
2020-12-17 22:00:00,3297.424936601679
2020-12-17 23:00:00,2752.29694248606
2020-12-18 00:00:00,2425.584709029918
2020-12-18 01:00:00,2240.9272443376503
2020-12-18 02:00:00,2617.7336428021695
2020-12-18 03:00:00,2613.58649025059
2020-12-18 04:00:00,2794.707904953419
2020-12-18 05:00:00,2854.0272863016894
2020-12-18 06:00:00,3124.022815231556
2020-12-18 07:00:00,4041.55176676418
2020-12-18 08:00:00,3990.3531360877264
2020-12-18 09:00:00,3722.2247594961523
2020-12-18 10:00:00,3928.6193746198333
2020-12-18 11:00:00,3639.06679855926
2020-12-18 12:00:00,3163.5213979791383
2020-12-18 13:00:00,3409.6130195441774
2020-12-18 14:00:00,3412.887200181968
2020-12-18 15:00:00,3725.4215476754407
2020-12-18 16:00:00,3515.474126707066
2020-12-18 17:00:00,3805.6013347906064
2020-12-18 18:00:00,3600.7799988537986
2020-12-18 19:00:00,3678.920599715546
2020-12-18 20:00:00,3286.2864627865906
2020-12-18 21:00:00,3533.026853327126
2020-12-18 22:00:00,3056.973443071722
2020-12-18 23:00:00,3221.4418455301957
2020-12-19 00:00:00,1971.7046872275823
2020-12-19 01:00:00,1920.8516325409228
2020-12-19 02:00:00,2313.4123230260216
2020-12-19 03:00:00,2034.9163582227504
2020-12-19 04:00:00,2706.8517426559733
2020-12-19 05:00:00,2661.752669337777
2020-12-19 06:00:00,3078.1741396417538
2020-12-19 07:00:00,3051.6561285144103
2020-12-19 08:00:00,3456.557186995802
2020-12-19 09:00:00,3416.6938319719106
2020-12-19 10:00:00,2890.8598507671045
2020-12-19 11:00:00,3104.829548543963
2020-12-19 12:00:00,2793.307891101636
2020-12-19 13:00:00,2906.264491534281
2020-12-19 14:00:00,2879.4469885347307
2020-12-19 15:00:00,3098.7491368810756
2020-12-19 16:00:00,3153.5116863103913
2020-12-19 17:00:00,3334.8792383814866
2020-12-19 18:00:00,3309.85199941124
2020-12-19 19:00:00,3183.7005280743047
2020-12-19 20:00:00,3366.2834498775856
2020-12-19 21:00:00,2818.524162965938
2020-12-19 22:00:00,2741.798198180476
2020-12-19 23:00:00,2367.022918794272
2020-12-20 00:00:00,1676.39708471706
2020-12-20 01:00:00,1781.1484631447047
2020-12-20 02:00:00,1998.689420339138
2020-12-20 03:00:00,2150.1904789439363
2020-12-20 04:00:00,2292.356212028527
2020-12-20 05:00:00,2419.7018058093213
2020-12-20 06:00:00,2798.10723572991
2020-12-20 07:00:00,3009.2529518027695
2020-12-20 08:00:00,2880.2477683219686
2020-12-20 09:00:00,3029.6999139918344
2020-12-20 10:00:00,3002.785065480473
2020-12-20 11:00:00,2781.354805196104
2020-12-20 12:00:00,2611.2111604715883
2020-12-20 13:00:00,2471.3041232677133
2020-12-20 14:00:00,2539.353534307835
2020-12-20 15:00:00,2415.822792467124
2020-12-20 16:00:00,2728.486315252863
2020-12-20 17:00:00,3060.7736602141435
2020-12-20 18:00:00,2577.508630399383
2020-12-20 19:00:00,2977.688449898901
2020-12-20 20:00:00,2741.2348104438556
2020-12-20 21:00:00,2411.2201222731796
2020-12-20 22:00:00,2553.076418992921
2020-12-20 23:00:00,2279.6372937629844
2020-12-21 00:00:00,2295.427796024284
2020-12-21 01:00:00,2478.5693294523985
2020-12-21 02:00:00,2297.108425873435
2020-12-21 03:00:00,2815.524302900494
2020-12-21 04:00:00,3009.838696609576
2020-12-21 05:00:00,3332.0862131958424
2020-12-21 06:00:00,3709.5212691031907
2020-12-21 07:00:00,3998.9936342432593
2020-12-21 08:00:00,3951.7188137740222
2020-12-21 09:00:00,3826.090022011075
2020-12-21 10:00:00,3750.149515600281
2020-12-21 11:00:00,3114.1822131004906
2020-12-21 12:00:00,3439.9716404012006
2020-12-21 13:00:00,3571.2720282430787
2020-12-21 14:00:00,3362.595038014826
2020-12-21 15:00:00,3459.781366245691
2020-12-21 16:00:00,3838.442032743309
2020-12-21 17:00:00,4005.1382525223703
2020-12-21 18:00:00,3774.9179051474184
2020-12-21 19:00:00,3444.9498737065205
2020-12-21 20:00:00,3913.662791002842
2020-12-21 21:00:00,3436.963501563468
2020-12-21 22:00:00,2989.679203735369
2020-12-21 23:00:00,3090.0395261755107
2020-12-22 00:00:00,2165.903838831163
2020-12-22 01:00:00,2372.832949697069
2020-12-22 02:00:00,2668.4580885676637
2020-12-22 03:00:00,2664.146188855726
2020-12-22 04:00:00,2745.6771894267245
2020-12-22 05:00:00,3129.5832056864288
2020-12-22 06:00:00,3406.2383287081643
2020-12-22 07:00:00,3655.1248280304367
2020-12-22 08:00:00,3860.3325483305894
2020-12-22 09:00:00,3990.208359418175
2020-12-22 10:00:00,3816.7297541612916
2020-12-22 11:00:00,3487.2635189593475
2020-12-22 12:00:00,3578.9667605457603
2020-12-22 13:00:00,3494.1046298327615
2020-12-22 14:00:00,3268.3304442935478
2020-12-22 15:00:00,3582.739974511422
2020-12-22 16:00:00,3618.3101026620193
2020-12-22 17:00:00,3806.9639461229217
2020-12-22 18:00:00,4070.995107501331
2020-12-22 19:00:00,3738.9370082119403
2020-12-22 20:00:00,3427.331394763893
2020-12-22 21:00:00,3293.4991020630587
2020-12-22 22:00:00,3163.6098311925302
2020-12-22 23:00:00,3012.9037679802623
2020-12-23 00:00:00,2415.050090536211
2020-12-23 01:00:00,2278.5377349284568
2020-12-23 02:00:00,2490.9702145943193
2020-12-23 03:00:00,2653.4599608948356
2020-12-23 04:00:00,3000.9693841793182
2020-12-23 05:00:00,3156.2606643617346
2020-12-23 06:00:00,3424.591964034348
2020-12-23 07:00:00,3618.5287712465474
2020-12-23 08:00:00,4004.218489581847
2020-12-23 09:00:00,3598.937010364129
2020-12-23 10:00:00,3427.596766122557
2020-12-23 11:00:00,3463.234344715052
2020-12-23 12:00:00,3334.641253854211
2020-12-23 13:00:00,3665.7732254362713
2020-12-23 14:00:00,3298.9241238395693
2020-12-23 15:00:00,3716.298010273221
2020-12-23 16:00:00,3649.7612792951304
2020-12-23 17:00:00,4183.1662027064285
2020-12-23 18:00:00,3675.8479420067642
2020-12-23 19:00:00,3853.1536754482245
2020-12-23 20:00:00,3886.474959354687
2020-12-23 21:00:00,3321.9528534227306
2020-12-23 22:00:00,3334.9657291953013
2020-12-23 23:00:00,2926.0383642432716
2020-12-24 00:00:00,2083.8689758358905
2020-12-24 01:00:00,2390.347454255881
2020-12-24 02:00:00,2527.8107181032374
2020-12-24 03:00:00,2590.769768769312
2020-12-24 04:00:00,2679.5698759860416
2020-12-24 05:00:00,3121.207099288927
2020-12-24 06:00:00,3495.1850105897033
2020-12-24 07:00:00,3762.738283685139
2020-12-24 08:00:00,3690.7725243020122
2020-12-24 09:00:00,3611.7236146572573
2020-12-24 10:00:00,3911.3374992234367
2020-12-24 11:00:00,3507.1366970569607
2020-12-24 12:00:00,3533.0777852753754
2020-12-24 13:00:00,3498.8130118671274
2020-12-24 14:00:00,3076.663505614551
2020-12-24 15:00:00,3496.2399338798427
2020-12-24 16:00:00,3722.5232960462577
2020-12-24 17:00:00,3945.8944666948373
2020-12-24 18:00:00,3468.8216525454354
2020-12-24 19:00:00,3881.7388348771897
2020-12-24 20:00:00,3554.919128510894
2020-12-24 21:00:00,3163.749541198956
2020-12-24 22:00:00,3548.9462728535623
2020-12-24 23:00:00,2746.858247962693
2020-12-25 00:00:00,2455.6809795011745
2020-12-25 01:00:00,2303.345658843415
2020-12-25 02:00:00,2312.6147814150545
2020-12-25 03:00:00,2566.9199938962765
2020-12-25 04:00:00,2823.661599126361
2020-12-25 05:00:00,3259.58393152615
2020-12-25 06:00:00,3564.9154093153506
2020-12-25 07:00:00,3991.496157675402
2020-12-25 08:00:00,4128.640306614361
2020-12-25 09:00:00,3770.3978051228314
2020-12-25 10:00:00,3819.496609442001
2020-12-25 11:00:00,3652.284069597883
2020-12-25 12:00:00,3307.882838610696
2020-12-25 13:00:00,3402.4425084052646
2020-12-25 14:00:00,3425.484346960194
2020-12-25 15:00:00,3501.060495907557
2020-12-25 16:00:00,3499.1692898386336
2020-12-25 17:00:00,3737.9704590682336
2020-12-25 18:00:00,4059.1149953978406
2020-12-25 19:00:00,3882.9238340722973
2020-12-25 20:00:00,3765.363581447935
2020-12-25 21:00:00,3357.2618777580274
2020-12-25 22:00:00,3078.6833045277917
2020-12-25 23:00:00,2789.4717831270664
2020-12-26 00:00:00,2107.827089283754
2020-12-26 01:00:00,2053.594485505758
2020-12-26 02:00:00,2240.60168906564
2020-12-26 03:00:00,2388.9299948730322
2020-12-26 04:00:00,2155.9493469049394
2020-12-26 05:00:00,3156.235672644329
2020-12-26 06:00:00,2993.7079898652355
2020-12-26 07:00:00,3101.854213008272
2020-12-26 08:00:00,3110.721697918211
2020-12-26 09:00:00,3312.822413228335
2020-12-26 10:00:00,2962.5004771149024
2020-12-26 11:00:00,3172.9667491562313
2020-12-26 12:00:00,2966.527591050623
2020-12-26 13:00:00,2922.408532772673
2020-12-26 14:00:00,2907.1641338056597
2020-12-26 15:00:00,2984.750286815575
2020-12-26 16:00:00,3321.6863871559185
2020-12-26 17:00:00,3420.189332271739
2020-12-26 18:00:00,3207.4706470131073
2020-12-26 19:00:00,2973.8501063109893
2020-12-26 20:00:00,3201.8417792744126
2020-12-26 21:00:00,2943.879636192781
2020-12-26 22:00:00,2708.6211831817927
2020-12-26 23:00:00,2390.6733198557754
2020-12-27 00:00:00,1768.5300215420468
2020-12-27 01:00:00,1820.0197713508894
2020-12-27 02:00:00,1852.153037455731
2020-12-27 03:00:00,2107.719831675486
2020-12-27 04:00:00,2223.3358135021654
2020-12-27 05:00:00,2253.066985710903
2020-12-27 06:00:00,2523.8643444176323
2020-12-27 07:00:00,2894.8553781198516
2020-12-27 08:00:00,2715.054359220253
2020-12-27 09:00:00,2909.689988766171
2020-12-27 10:00:00,2498.0749055309375
2020-12-27 11:00:00,2542.112060785772
2020-12-27 12:00:00,2751.5633135224184
2020-12-27 13:00:00,2573.8641485671988
2020-12-27 14:00:00,2663.2910286859324
2020-12-27 15:00:00,2720.025130883844
2020-12-27 16:00:00,2811.817540807975
2020-12-27 17:00:00,2943.4665995584824
2020-12-27 18:00:00,2638.2807097408295
2020-12-27 19:00:00,2918.72892822131
2020-12-27 20:00:00,2759.7083313571684
2020-12-27 21:00:00,2538.41937851622
2020-12-27 22:00:00,2436.55361085105
2020-12-27 23:00:00,2191.62090695343
2020-12-28 00:00:00,2402.422694070615
2020-12-28 01:00:00,2534.809762321903
2020-12-28 02:00:00,2607.74762506192
2020-12-28 03:00:00,2732.990819435934
2020-12-28 04:00:00,3296.807687982764
2020-12-28 05:00:00,3093.8064193787454
2020-12-28 06:00:00,3642.9973787368426
2020-12-28 07:00:00,4136.166367054198
2020-12-28 08:00:00,3626.501198857311
2020-12-28 09:00:00,3745.869469482829
2020-12-28 10:00:00,3826.7793866283687
2020-12-28 11:00:00,3330.962161525053
2020-12-28 12:00:00,3287.407327238407
2020-12-28 13:00:00,3335.1367669725178
2020-12-28 14:00:00,3192.158217960431
2020-12-28 15:00:00,3423.2830797121032
2020-12-28 16:00:00,3670.4345424110747
2020-12-28 17:00:00,3561.485944355844
2020-12-28 18:00:00,3599.8589821636738
2020-12-28 19:00:00,3771.160364306451
2020-12-28 20:00:00,3324.118302529917
2020-12-28 21:00:00,3647.8900777203594
2020-12-28 22:00:00,3326.4814234728706
2020-12-28 23:00:00,3023.1466281399844
2020-12-29 00:00:00,2498.0743854989005
2020-12-29 01:00:00,2445.0065571527366
2020-12-29 02:00:00,2354.2175590322295
2020-12-29 03:00:00,2650.362854208538
2020-12-29 04:00:00,2975.39469327987
2020-12-29 05:00:00,3337.4797244141387
2020-12-29 06:00:00,3685.100116105536
2020-12-29 07:00:00,3670.0342017920857
2020-12-29 08:00:00,3785.609418479793
2020-12-29 09:00:00,3701.6477547632226
2020-12-29 10:00:00,3693.863241262832
2020-12-29 11:00:00,3601.2922320762095
2020-12-29 12:00:00,3284.053305710177
2020-12-29 13:00:00,3702.728953270829
2020-12-29 14:00:00,3287.5953703445703
2020-12-29 15:00:00,3721.62995306658
2020-12-29 16:00:00,3736.719318988632
2020-12-29 17:00:00,3813.594683387234
2020-12-29 18:00:00,4135.276882754714
2020-12-29 19:00:00,3802.6554242486436
2020-12-29 20:00:00,3598.4291681563227
2020-12-29 21:00:00,3426.3911055088433
2020-12-29 22:00:00,3286.8867781942704
2020-12-29 23:00:00,3077.5359853625437
2020-12-30 00:00:00,2317.3171533686714
2020-12-30 01:00:00,2266.9305174914907
2020-12-30 02:00:00,2544.223297438116
2020-12-30 03:00:00,2765.2574499970688
2020-12-30 04:00:00,2800.508478007918
2020-12-30 05:00:00,3351.72102935572
2020-12-30 06:00:00,3493.7258416851955
2020-12-30 07:00:00,4109.129675116212
2020-12-30 08:00:00,3881.2742069427113
2020-12-30 09:00:00,3847.821313669355
2020-12-30 10:00:00,3808.710279804772
2020-12-30 11:00:00,3587.3871963289203
2020-12-30 12:00:00,3536.6839447559387
2020-12-30 13:00:00,3459.1016477164244
2020-12-30 14:00:00,3204.7502723541984
2020-12-30 15:00:00,3370.452248378799
2020-12-30 16:00:00,3434.06673632928
2020-12-30 17:00:00,4002.348302480793
2020-12-30 18:00:00,3814.780735182666
2020-12-30 19:00:00,4069.2194442224563
2020-12-30 20:00:00,3804.2765507130443
2020-12-30 21:00:00,3367.5276804098244
2020-12-30 22:00:00,3122.7399237394343
2020-12-30 23:00:00,3022.037849594515
2020-12-31 00:00:00,2452.808816784442
2020-12-31 01:00:00,2389.445487657089
2020-12-31 02:00:00,2321.2486050712755
2020-12-31 03:00:00,2681.540767235672
2020-12-31 04:00:00,3165.151799361659
2020-12-31 05:00:00,2904.0244336775945
2020-12-31 06:00:00,3783.3862824445846
2020-12-31 07:00:00,3632.890895177464
2020-12-31 08:00:00,3866.84229215052
2020-12-31 09:00:00,3861.7840364896824
2020-12-31 10:00:00,4042.462849809181
2020-12-31 11:00:00,3736.713744330049
2020-12-31 12:00:00,3331.1090081252055
2020-12-31 13:00:00,3270.4054243133323
2020-12-31 14:00:00,3284.1135741448747
2020-12-31 15:00:00,3487.0716787877295
2020-12-31 16:00:00,3889.423437338608
2020-12-31 17:00:00,4097.364027734706
2020-12-31 18:00:00,3898.208002893609
2020-12-31 19:00:00,3924.2908846015434
2020-12-31 20:00:00,3403.843003604181
2020-12-31 21:00:00,3664.411646065204
2020-12-31 22:00:00,3067.9923227852796
2020-12-31 23:00:00,3337.634120009066
2021-01-01 00:00:00,2445.566672739172
2021-01-01 01:00:00,2492.178635716038
2021-01-01 02:00:00,2844.6116738664527
2021-01-01 03:00:00,2811.917026798065
2021-01-01 04:00:00,3238.717771054879
2021-01-01 05:00:00,3779.69011698578
2021-01-01 06:00:00,3388.854211058959
2021-01-01 07:00:00,3667.7970792965857
2021-01-01 08:00:00,3931.4044590224566
2021-01-01 09:00:00,4035.8402016940026
2021-01-01 10:00:00,4030.9618292698183
2021-01-01 11:00:00,3878.3090429811878
2021-01-01 12:00:00,3526.8582930193093
2021-01-01 13:00:00,3926.4156262962206
2021-01-01 14:00:00,3484.0007437649456
2021-01-01 15:00:00,4049.37085791066
2021-01-01 16:00:00,3635.521945863549
2021-01-01 17:00:00,4317.157936869999
2021-01-01 18:00:00,3927.234581444039
2021-01-01 19:00:00,3553.772242227329
2021-01-01 20:00:00,3576.5555566574135
2021-01-01 21:00:00,3682.182253378695
2021-01-01 22:00:00,3006.024261588456
2021-01-01 23:00:00,3081.125324526155
2021-01-02 00:00:00,2183.987979472284
2021-01-02 01:00:00,2126.8073389157503
2021-01-02 02:00:00,2180.105652492229
2021-01-02 03:00:00,2285.4730148647486
2021-01-02 04:00:00,2593.5342614920637
2021-01-02 05:00:00,2957.1785508073376
2021-01-02 06:00:00,2941.428567773553
2021-01-02 07:00:00,3272.0624650822565
2021-01-02 08:00:00,3481.573980794406
2021-01-02 09:00:00,3630.9914320409252
2021-01-02 10:00:00,3623.8221082630557
2021-01-02 11:00:00,3502.612802017557
2021-01-02 12:00:00,3259.536714167567
2021-01-02 13:00:00,3292.1082242138023
2021-01-02 14:00:00,3044.2017606203817
2021-01-02 15:00:00,3169.469345806614
2021-01-02 16:00:00,3160.8899310234287
2021-01-02 17:00:00,3492.7744729811147
2021-01-02 18:00:00,3542.1577310785333
2021-01-02 19:00:00,3357.067428061595
2021-01-02 20:00:00,3171.151687060253
2021-01-02 21:00:00,2999.1764258413746
2021-01-02 22:00:00,2818.4700848867274
2021-01-02 23:00:00,2852.7749336949223
2021-01-03 00:00:00,1963.5549300445448
2021-01-03 01:00:00,1845.4038476226083
2021-01-03 02:00:00,1901.9858793161302
2021-01-03 03:00:00,2159.2195575838637
2021-01-03 04:00:00,2212.8438182417135
2021-01-03 05:00:00,2562.430676521545
2021-01-03 06:00:00,2788.2856628627005
2021-01-03 07:00:00,2794.5558383664215
2021-01-03 08:00:00,3340.419082385468
2021-01-03 09:00:00,3064.139888168172
2021-01-03 10:00:00,2983.4316701786033
2021-01-03 11:00:00,2991.4130205884117
2021-01-03 12:00:00,2823.0987604474053
2021-01-03 13:00:00,2502.9130357623694
2021-01-03 14:00:00,2690.562837464719
2021-01-03 15:00:00,2748.239797414647
2021-01-03 16:00:00,2931.269201604938
2021-01-03 17:00:00,3055.851277530796
2021-01-03 18:00:00,3232.7418839613615
2021-01-03 19:00:00,3087.733083110423
2021-01-03 20:00:00,2996.381186018546
2021-01-03 21:00:00,2503.421118931605
2021-01-03 22:00:00,2657.2161149767016
2021-01-03 23:00:00,2459.6970180472176
2021-01-04 00:00:00,2322.331153674129
2021-01-04 01:00:00,2317.8255672127107
2021-01-04 02:00:00,2546.8805538160523
2021-01-04 03:00:00,3094.0177552348646
2021-01-04 04:00:00,3135.2648043596773
2021-01-04 05:00:00,3144.8899312336835
2021-01-04 06:00:00,3927.6427801453983
2021-01-04 07:00:00,3963.608000903887
2021-01-04 08:00:00,4415.962746172731
2021-01-04 09:00:00,3948.9652190341762
2021-01-04 10:00:00,3974.9832712132657
2021-01-04 11:00:00,3708.6633622491017
2021-01-04 12:00:00,3625.6211226117393
2021-01-04 13:00:00,3696.2880980101286
2021-01-04 14:00:00,3556.632680528599
2021-01-04 15:00:00,3473.131124683909
2021-01-04 16:00:00,3749.939511134082
2021-01-04 17:00:00,4212.141532729737
2021-01-04 18:00:00,4200.821211010731
2021-01-04 19:00:00,3824.2880679939635
2021-01-04 20:00:00,3911.4000326741184
2021-01-04 21:00:00,3659.2259270628233
2021-01-04 22:00:00,3686.0745790380565
2021-01-04 23:00:00,3026.9444471667407
2021-01-05 00:00:00,2457.1411613856803
2021-01-05 01:00:00,2554.2839603081484
2021-01-05 02:00:00,2597.2207884331247
2021-01-05 03:00:00,2952.740914916265
2021-01-05 04:00:00,3119.150060343431
2021-01-05 05:00:00,3350.4931403476903
2021-01-05 06:00:00,3626.807823684
2021-01-05 07:00:00,3921.5902252318574
2021-01-05 08:00:00,4109.799660730221
2021-01-05 09:00:00,4304.695068122098
2021-01-05 10:00:00,4166.7012861469975
2021-01-05 11:00:00,3966.8074272091317
2021-01-05 12:00:00,3580.8530827977597
2021-01-05 13:00:00,3379.7647084955593
2021-01-05 14:00:00,3496.6419843058543
2021-01-05 15:00:00,3918.5251779398664
2021-01-05 16:00:00,3569.47097468395
2021-01-05 17:00:00,3939.344653617743
2021-01-05 18:00:00,4043.6203188106056
2021-01-05 19:00:00,4083.3240525945785
2021-01-05 20:00:00,3777.692463316012
2021-01-05 21:00:00,3751.164356729662
2021-01-05 22:00:00,3642.682452120946
2021-01-05 23:00:00,2965.9134459601305
2021-01-06 00:00:00,2613.195727571748
2021-01-06 01:00:00,2587.194309416707
2021-01-06 02:00:00,2467.2780344538005
2021-01-06 03:00:00,2729.283741869935
2021-01-06 04:00:00,3285.597519895729
2021-01-06 05:00:00,3442.4453618624925
2021-01-06 06:00:00,3943.4847606871654
2021-01-06 07:00:00,3895.51780401452
2021-01-06 08:00:00,4271.2818602805655
2021-01-06 09:00:00,4145.717598890999
2021-01-06 10:00:00,3866.7962080906177
2021-01-06 11:00:00,3698.963534141299
2021-01-06 12:00:00,3443.2571537776716
2021-01-06 13:00:00,3471.8004722375126
2021-01-06 14:00:00,4107.667021377176
2021-01-06 15:00:00,3803.941440040621
2021-01-06 16:00:00,4022.827232615408
2021-01-06 17:00:00,4078.7832575068082
2021-01-06 18:00:00,4261.083093400011
2021-01-06 19:00:00,3686.235699066731
2021-01-06 20:00:00,3686.9804027272403
2021-01-06 21:00:00,3612.4911105116485
2021-01-06 22:00:00,3400.814686738375
2021-01-06 23:00:00,2903.371279169903
2021-01-07 00:00:00,2633.1425847910405
2021-01-07 01:00:00,2522.442953107654
2021-01-07 02:00:00,2638.2734845271434
2021-01-07 03:00:00,2818.1608211016514
2021-01-07 04:00:00,3403.9696168783166
2021-01-07 05:00:00,3368.015060644347
2021-01-07 06:00:00,3682.5193214630503
2021-01-07 07:00:00,4148.594471761317
2021-01-07 08:00:00,3730.504992021186
2021-01-07 09:00:00,3833.892740272434
2021-01-07 10:00:00,3883.3867032858266
2021-01-07 11:00:00,4177.211481383432
2021-01-07 12:00:00,3244.6880874238905
2021-01-07 13:00:00,3396.119301240756
2021-01-07 14:00:00,3769.1536963218405
2021-01-07 15:00:00,3548.211928680688
2021-01-07 16:00:00,4137.276243005087
2021-01-07 17:00:00,3927.91354037331
2021-01-07 18:00:00,4027.6568962814895
2021-01-07 19:00:00,4236.6225715629835
2021-01-07 20:00:00,4133.086900061921
2021-01-07 21:00:00,3473.253264970032
2021-01-07 22:00:00,3232.7395847219022
2021-01-07 23:00:00,3197.1672056852317
2021-01-08 00:00:00,2312.438425853307
2021-01-08 01:00:00,2246.1203204512394
2021-01-08 02:00:00,2592.60754585398
2021-01-08 03:00:00,3002.433024427827
2021-01-08 04:00:00,2932.9157399196624
2021-01-08 05:00:00,3412.7519133209826
2021-01-08 06:00:00,3858.5922667145946
2021-01-08 07:00:00,4199.346427452099
2021-01-08 08:00:00,4200.361950465185
2021-01-08 09:00:00,3888.9916216070437
2021-01-08 10:00:00,4044.9827091071297
2021-01-08 11:00:00,3638.149511654573
2021-01-08 12:00:00,3501.646472648502
2021-01-08 13:00:00,3557.598026310005
2021-01-08 14:00:00,3634.154406435202
2021-01-08 15:00:00,3896.477413476948
2021-01-08 16:00:00,4331.011248281162
2021-01-08 17:00:00,4079.1905606933806
2021-01-08 18:00:00,3752.6257359801
2021-01-08 19:00:00,3617.019024446671
2021-01-08 20:00:00,3638.16995284962
2021-01-08 21:00:00,3753.2528011920226
2021-01-08 22:00:00,3568.158105189498
2021-01-08 23:00:00,3092.7200716016387
2021-01-09 00:00:00,2277.3338135166036
2021-01-09 01:00:00,1966.0308189716557
2021-01-09 02:00:00,2300.0769243544314
2021-01-09 03:00:00,2332.026280584423
2021-01-09 04:00:00,2454.0017756302636
2021-01-09 05:00:00,2731.485910176576
2021-01-09 06:00:00,3126.8627895606032
2021-01-09 07:00:00,3816.6711747934473
2021-01-09 08:00:00,3748.9457631147557
2021-01-09 09:00:00,3882.5577673511716
2021-01-09 10:00:00,3284.4762905646026
2021-01-09 11:00:00,3133.0554292108236
2021-01-09 12:00:00,3049.0775896539685
2021-01-09 13:00:00,2937.795464756323
2021-01-09 14:00:00,3100.514446802851
2021-01-09 15:00:00,3239.5103772256048
2021-01-09 16:00:00,3402.5474504506055
2021-01-09 17:00:00,3403.358497904333
2021-01-09 18:00:00,3556.288981877433
2021-01-09 19:00:00,3541.1358457996553
2021-01-09 20:00:00,3236.87769752875
2021-01-09 21:00:00,3160.366658631849
2021-01-09 22:00:00,2946.8031291866355
2021-01-09 23:00:00,2580.883003208744
2021-01-10 00:00:00,1914.0496357234917
2021-01-10 01:00:00,1892.8628188957791
2021-01-10 02:00:00,1951.3459408777271
2021-01-10 03:00:00,2055.3970206491617
2021-01-10 04:00:00,2626.998202733078
2021-01-10 05:00:00,2497.642213402385
2021-01-10 06:00:00,2431.938601117269
2021-01-10 07:00:00,2815.239449084343
2021-01-10 08:00:00,3057.302276631293
2021-01-10 09:00:00,2912.8420616650583
2021-01-10 10:00:00,2917.1512816514432
2021-01-10 11:00:00,2659.514639349964
2021-01-10 12:00:00,2679.121422811458
2021-01-10 13:00:00,2696.5811251436908
2021-01-10 14:00:00,2741.3405488504823
2021-01-10 15:00:00,2854.0916294537865
2021-01-10 16:00:00,2977.5888963658253
2021-01-10 17:00:00,2945.0937691340123
2021-01-10 18:00:00,3173.386683548309
2021-01-10 19:00:00,2984.3907222953703
2021-01-10 20:00:00,2978.8155944044743
2021-01-10 21:00:00,2776.7402297899475
2021-01-10 22:00:00,2668.017394665133
2021-01-10 23:00:00,2367.5372604676586
2021-01-11 00:00:00,2308.04364909296
2021-01-11 01:00:00,2693.1772339524714
2021-01-11 02:00:00,2759.810606387303
2021-01-11 03:00:00,2908.8717964840766
2021-01-11 04:00:00,3046.985354187566
2021-01-11 05:00:00,3539.065745451375
2021-01-11 06:00:00,3860.0118160891907
2021-01-11 07:00:00,3911.016353220973
2021-01-11 08:00:00,4410.261026948762
2021-01-11 09:00:00,4140.645904821967
2021-01-11 10:00:00,4023.0673244304485
2021-01-11 11:00:00,3701.6702750474587
2021-01-11 12:00:00,3821.3881983119295
2021-01-11 13:00:00,3557.498923808347
2021-01-11 14:00:00,3342.7513132360978
2021-01-11 15:00:00,3810.085143079197
2021-01-11 16:00:00,3872.8805729643304
2021-01-11 17:00:00,4054.110697028554
2021-01-11 18:00:00,3841.8915659427166
2021-01-11 19:00:00,4009.7684855849684
2021-01-11 20:00:00,3987.642009036881
2021-01-11 21:00:00,3593.50517099733
2021-01-11 22:00:00,3296.3696017821003
2021-01-11 23:00:00,3230.3270546970675
2021-01-12 00:00:00,2613.0876411585195
2021-01-12 01:00:00,2685.8203242044187
2021-01-12 02:00:00,2691.3617312004817
2021-01-12 03:00:00,2937.3337447122985
2021-01-12 04:00:00,2938.345630831956
2021-01-12 05:00:00,3316.7782160898983
2021-01-12 06:00:00,3603.741813658045
2021-01-12 07:00:00,3694.6984543825643
2021-01-12 08:00:00,3941.735612016479
2021-01-12 09:00:00,3943.771417048221
2021-01-12 10:00:00,3858.3222790725877
2021-01-12 11:00:00,3814.5467922852768
2021-01-12 12:00:00,3856.2919396358147
2021-01-12 13:00:00,3724.8650886833766
2021-01-12 14:00:00,3520.828335463517
2021-01-12 15:00:00,3509.8970189827955
2021-01-12 16:00:00,4209.694249540619
2021-01-12 17:00:00,3883.945722688584
2021-01-12 18:00:00,4027.696219353727
2021-01-12 19:00:00,4085.284124292654
2021-01-12 20:00:00,3842.044099269831
2021-01-12 21:00:00,3316.6928063268074
2021-01-12 22:00:00,3360.9548416641674
2021-01-12 23:00:00,3121.7391242592253
2021-01-13 00:00:00,2542.4163658143175
2021-01-13 01:00:00,2481.3630994531054
2021-01-13 02:00:00,2677.0358304008537
2021-01-13 03:00:00,2827.9191705302683
2021-01-13 04:00:00,3018.1123175503603
2021-01-13 05:00:00,3354.2786618063424
2021-01-13 06:00:00,4190.6200971805165
2021-01-13 07:00:00,3812.812250344732
2021-01-13 08:00:00,4117.103006462913
2021-01-13 09:00:00,4057.7188009668725
2021-01-13 10:00:00,3671.6512488546036
2021-01-13 11:00:00,3740.329766048803
2021-01-13 12:00:00,3845.880889101656
2021-01-13 13:00:00,3819.1052554298067
2021-01-13 14:00:00,3730.800075642893
2021-01-13 15:00:00,3786.2968447642743
2021-01-13 16:00:00,3679.720963475434
2021-01-13 17:00:00,4022.355194396578
2021-01-13 18:00:00,4052.492263981837
2021-01-13 19:00:00,3998.394868222807
2021-01-13 20:00:00,3718.0560854766254
2021-01-13 21:00:00,3621.580950576743
2021-01-13 22:00:00,3715.5459989739397
2021-01-13 23:00:00,2919.6311222169047
2021-01-14 00:00:00,2469.0359773936466
2021-01-14 01:00:00,2652.084580095148
2021-01-14 02:00:00,2560.3815035877965
2021-01-14 03:00:00,3016.7548514559985
2021-01-14 04:00:00,3277.0643295520276
2021-01-14 05:00:00,3499.38222216385
2021-01-14 06:00:00,3618.963263674624
2021-01-14 07:00:00,4339.540350439833
2021-01-14 08:00:00,4090.409062452182
2021-01-14 09:00:00,3991.2459130391953
2021-01-14 10:00:00,3906.439572097341
2021-01-14 11:00:00,3580.3437896854857
2021-01-14 12:00:00,3782.5828672059233
2021-01-14 13:00:00,3608.001184726336
2021-01-14 14:00:00,3590.8884074472057
2021-01-14 15:00:00,3427.2997865489847
2021-01-14 16:00:00,3744.5641819565535
2021-01-14 17:00:00,4332.880373820704
2021-01-14 18:00:00,3912.2958881408954
2021-01-14 19:00:00,4259.567515722805
2021-01-14 20:00:00,3653.635441174189
2021-01-14 21:00:00,3799.2913844387253
2021-01-14 22:00:00,3156.516303709601
2021-01-14 23:00:00,3227.2372881427377
2021-01-15 00:00:00,2465.7390760123453
2021-01-15 01:00:00,2581.3639347634653
2021-01-15 02:00:00,2637.111829727331
2021-01-15 03:00:00,2720.3042819533666
2021-01-15 04:00:00,2825.7245510630387
2021-01-15 05:00:00,3557.985911493455
2021-01-15 06:00:00,3566.051186658663
2021-01-15 07:00:00,3805.1255923609824
2021-01-15 08:00:00,4290.222669585964
2021-01-15 09:00:00,3667.647972741091
2021-01-15 10:00:00,4104.70183565769
2021-01-15 11:00:00,3785.7603076006008
2021-01-15 12:00:00,3749.9038855887625
2021-01-15 13:00:00,3708.3608522034165
2021-01-15 14:00:00,3757.246413073529
2021-01-15 15:00:00,3604.1874082395007
2021-01-15 16:00:00,3803.423851973473
2021-01-15 17:00:00,3911.267743522351
2021-01-15 18:00:00,4060.5593997244723
2021-01-15 19:00:00,3935.4761830322986
2021-01-15 20:00:00,3702.578931877236
2021-01-15 21:00:00,3504.0464125394174
2021-01-15 22:00:00,3642.967258351597
2021-01-15 23:00:00,3172.7293334446526
2021-01-16 00:00:00,2115.280069199917
2021-01-16 01:00:00,2083.315422469362
2021-01-16 02:00:00,2340.8598717168406
2021-01-16 03:00:00,2244.55350203167
2021-01-16 04:00:00,2375.146968614186
2021-01-16 05:00:00,2991.8961667516814
2021-01-16 06:00:00,3135.49262388734
2021-01-16 07:00:00,3449.9760858646728
2021-01-16 08:00:00,3890.7653094734023
2021-01-16 09:00:00,3638.5013215561903
2021-01-16 10:00:00,3605.2141900700212
2021-01-16 11:00:00,3329.456714092938
2021-01-16 12:00:00,3085.8527686690654
2021-01-16 13:00:00,2857.582500993607
2021-01-16 14:00:00,2820.0860721504273
2021-01-16 15:00:00,3127.7647013574287
2021-01-16 16:00:00,3490.6599200796354
2021-01-16 17:00:00,3428.5394774069723
2021-01-16 18:00:00,3674.633022991168
2021-01-16 19:00:00,3401.1388728204206
2021-01-16 20:00:00,3401.4397364081788
2021-01-16 21:00:00,3136.9189117603096
2021-01-16 22:00:00,2897.2548111570654
2021-01-16 23:00:00,2681.4871587109456
2021-01-17 00:00:00,1864.0333734675883
2021-01-17 01:00:00,1959.5378375538212
2021-01-17 02:00:00,2063.460851277563
2021-01-17 03:00:00,2075.800692349345
2021-01-17 04:00:00,2344.4924426212547
2021-01-17 05:00:00,2763.2766517386744
2021-01-17 06:00:00,2945.09725076729
2021-01-17 07:00:00,3137.6440990754622
2021-01-17 08:00:00,3094.643092497142
2021-01-17 09:00:00,3203.8535625448144
2021-01-17 10:00:00,2998.869765350113
2021-01-17 11:00:00,2715.8184016932414
2021-01-17 12:00:00,2910.9119760722
2021-01-17 13:00:00,2927.3242640769386
2021-01-17 14:00:00,2702.8651761004403
2021-01-17 15:00:00,2800.0970194882393
2021-01-17 16:00:00,3172.9108783584247
2021-01-17 17:00:00,2960.0804073338695
2021-01-17 18:00:00,3050.6995951945714
2021-01-17 19:00:00,2811.078312600994
2021-01-17 20:00:00,3022.9069503976407
2021-01-17 21:00:00,2800.609371334085
2021-01-17 22:00:00,2658.6615843838567
2021-01-17 23:00:00,2355.453124495698
2021-01-18 00:00:00,2449.147463035762
2021-01-18 01:00:00,2535.9899334407232
2021-01-18 02:00:00,2765.5928577474197
2021-01-18 03:00:00,3044.6698983267106
2021-01-18 04:00:00,3114.6111964570587
2021-01-18 05:00:00,3290.2821177823475
2021-01-18 06:00:00,3729.7706497790105
2021-01-18 07:00:00,3812.0568659329574
2021-01-18 08:00:00,4220.621229131251
2021-01-18 09:00:00,3886.9626358322107
2021-01-18 10:00:00,4064.944782807089
2021-01-18 11:00:00,3806.1752884929842
2021-01-18 12:00:00,3575.9050262058645
2021-01-18 13:00:00,3671.5787939304964
2021-01-18 14:00:00,3386.6996199036066
2021-01-18 15:00:00,3513.086169597865
2021-01-18 16:00:00,3933.3343081468756
2021-01-18 17:00:00,4302.2850827474895
2021-01-18 18:00:00,3819.006241527983
2021-01-18 19:00:00,3903.1972227506076
2021-01-18 20:00:00,3636.9464213471556
2021-01-18 21:00:00,3992.508681484619
2021-01-18 22:00:00,3092.2242299812224
2021-01-18 23:00:00,2924.2977217524444
2021-01-19 00:00:00,2099.4261668462673
2021-01-19 01:00:00,2337.173603815615
2021-01-19 02:00:00,2653.8537007545265
2021-01-19 03:00:00,2930.5443493587945
2021-01-19 04:00:00,2978.740217052778
2021-01-19 05:00:00,3411.8714391068866
2021-01-19 06:00:00,3521.0199292287593
2021-01-19 07:00:00,4491.142487255546
2021-01-19 08:00:00,4165.877241923299
2021-01-19 09:00:00,3911.101125962004
2021-01-19 10:00:00,3938.4009446616537
2021-01-19 11:00:00,3294.519850247523
2021-01-19 12:00:00,3407.0289284129767
2021-01-19 13:00:00,3745.05270689892
2021-01-19 14:00:00,4086.690872146458
2021-01-19 15:00:00,3893.2672205210088
2021-01-19 16:00:00,4114.938064400661
2021-01-19 17:00:00,4264.220662575979
2021-01-19 18:00:00,3782.4664661853913
2021-01-19 19:00:00,4121.989009300746
2021-01-19 20:00:00,4096.318373524005
2021-01-19 21:00:00,3684.21950705867
2021-01-19 22:00:00,3208.2141982529506
2021-01-19 23:00:00,3232.386124627179
2021-01-20 00:00:00,2346.386530063709
2021-01-20 01:00:00,2499.907184794345
2021-01-20 02:00:00,2835.356517792208
2021-01-20 03:00:00,2800.7007871946757
2021-01-20 04:00:00,2969.611126785432
2021-01-20 05:00:00,3188.9976351179835
2021-01-20 06:00:00,4023.353982455846
2021-01-20 07:00:00,3733.593254239719
2021-01-20 08:00:00,3942.226336529739
2021-01-20 09:00:00,3827.717552502891
2021-01-20 10:00:00,3885.917553108071
2021-01-20 11:00:00,3470.114323954363
2021-01-20 12:00:00,3819.700538574181
2021-01-20 13:00:00,3796.816242320947
2021-01-20 14:00:00,3325.503522502972
2021-01-20 15:00:00,4015.550249422633
2021-01-20 16:00:00,3823.5899330115662
2021-01-20 17:00:00,4147.123954557851
2021-01-20 18:00:00,4080.217295292971
2021-01-20 19:00:00,4143.435264880866
2021-01-20 20:00:00,4127.869539419154
2021-01-20 21:00:00,3537.428814718709
2021-01-20 22:00:00,3300.457115055666
2021-01-20 23:00:00,3187.519847961711
2021-01-21 00:00:00,2474.347159078425
2021-01-21 01:00:00,2718.6433483473984
2021-01-21 02:00:00,2543.886390306954
2021-01-21 03:00:00,2909.995360892035
2021-01-21 04:00:00,2856.754714594658
2021-01-21 05:00:00,3365.1368589800395
2021-01-21 06:00:00,3808.9878341817443
2021-01-21 07:00:00,3787.242803914939
2021-01-21 08:00:00,4051.3173316178413
2021-01-21 09:00:00,3847.4070918302764
2021-01-21 10:00:00,3556.386161040603
2021-01-21 11:00:00,3720.385890766033
2021-01-21 12:00:00,3607.9946014219154
2021-01-21 13:00:00,3800.3492614230177
2021-01-21 14:00:00,3564.0555423151036
2021-01-21 15:00:00,4031.5342602693213
2021-01-21 16:00:00,3739.0048667342903
2021-01-21 17:00:00,3744.8382232767804
2021-01-21 18:00:00,3923.070203108243
2021-01-21 19:00:00,4024.054465907796
2021-01-21 20:00:00,3835.009835889747
2021-01-21 21:00:00,3745.129933875435
2021-01-21 22:00:00,3226.201608135712
2021-01-21 23:00:00,3010.032626778858
2021-01-22 00:00:00,2499.944669635975
2021-01-22 01:00:00,2635.254717389288
2021-01-22 02:00:00,2607.3815871118113
2021-01-22 03:00:00,3049.314751177299
2021-01-22 04:00:00,3198.2927392086617
2021-01-22 05:00:00,3649.0887139808788
2021-01-22 06:00:00,4049.017028702152
2021-01-22 07:00:00,4028.716450117787
2021-01-22 08:00:00,4362.375600650134
2021-01-22 09:00:00,4027.202088704087
2021-01-22 10:00:00,4186.991044029748
2021-01-22 11:00:00,3799.146698606412
2021-01-22 12:00:00,3416.040658454834
2021-01-22 13:00:00,3526.9027638247712
2021-01-22 14:00:00,3498.2813266991348
2021-01-22 15:00:00,3624.1819043086116
2021-01-22 16:00:00,3901.6326866637373
2021-01-22 17:00:00,3711.0926234331996
2021-01-22 18:00:00,4233.305745828197
2021-01-22 19:00:00,4019.5509495197366
2021-01-22 20:00:00,3521.959644233386
2021-01-22 21:00:00,3796.5515580998544
2021-01-22 22:00:00,3209.081818860023
2021-01-22 23:00:00,3109.3863166103342
2021-01-23 00:00:00,2149.168566429446
2021-01-23 01:00:00,2433.9035436337094
2021-01-23 02:00:00,2162.0055530874884
2021-01-23 03:00:00,2573.6344985634155
2021-01-23 04:00:00,2496.5110001053954
2021-01-23 05:00:00,2698.7197931875976
2021-01-23 06:00:00,3165.3050789648923
2021-01-23 07:00:00,3357.7233396063357
2021-01-23 08:00:00,3237.1316298769257
2021-01-23 09:00:00,3438.7704027842988
2021-01-23 10:00:00,3529.509691979755
2021-01-23 11:00:00,3251.605927389192
2021-01-23 12:00:00,3048.245274051063
2021-01-23 13:00:00,2883.7682332641584
2021-01-23 14:00:00,2840.6168620559883
2021-01-23 15:00:00,3169.1893474304457
2021-01-23 16:00:00,3362.0026135238095
2021-01-23 17:00:00,3470.7352374441352
2021-01-23 18:00:00,3223.2475366133885
2021-01-23 19:00:00,3412.6397777022357
2021-01-23 20:00:00,3210.532413519792
2021-01-23 21:00:00,2723.8854421461615
2021-01-23 22:00:00,2946.2922532266393
2021-01-23 23:00:00,2795.089136574626
2021-01-24 00:00:00,1855.2940390773947
2021-01-24 01:00:00,1888.5969658564607
2021-01-24 02:00:00,2021.7847824174069
2021-01-24 03:00:00,2214.37154640385
2021-01-24 04:00:00,2399.022274153038
2021-01-24 05:00:00,2401.1438301065314
2021-01-24 06:00:00,2763.205860967003
2021-01-24 07:00:00,3032.404643666723
2021-01-24 08:00:00,2937.619216922272
2021-01-24 09:00:00,3258.299915688516
2021-01-24 10:00:00,3046.272135773731
2021-01-24 11:00:00,2958.0530559926365
2021-01-24 12:00:00,2551.0024412213925
2021-01-24 13:00:00,2814.6135739403758
2021-01-24 14:00:00,2673.9094753141785
2021-01-24 15:00:00,3060.9925215101985
2021-01-24 16:00:00,2936.4570205808145
2021-01-24 17:00:00,3044.7564042368276
2021-01-24 18:00:00,3016.2898342430035
2021-01-24 19:00:00,3059.8088327806854
2021-01-24 20:00:00,2792.3065109796503
2021-01-24 21:00:00,2877.6294983906164
2021-01-24 22:00:00,2300.8632525713274
2021-01-24 23:00:00,2538.3792869796494
2021-01-25 00:00:00,2645.046871246672
2021-01-25 01:00:00,2519.2183278117695
2021-01-25 02:00:00,2738.04995956861
2021-01-25 03:00:00,2828.1826631873214
2021-01-25 04:00:00,3187.1509489066952
2021-01-25 05:00:00,3386.829138807293
2021-01-25 06:00:00,3414.852451671607
2021-01-25 07:00:00,4026.765049732468
2021-01-25 08:00:00,3957.6174571958427
2021-01-25 09:00:00,4078.512723327906
2021-01-25 10:00:00,3754.896680009303
2021-01-25 11:00:00,3827.373010128515
2021-01-25 12:00:00,3610.8695852812853
2021-01-25 13:00:00,3324.8209547085303
2021-01-25 14:00:00,3825.949899627601
2021-01-25 15:00:00,3403.7382697412486
2021-01-25 16:00:00,4051.9792648237276
2021-01-25 17:00:00,4218.121296390494
2021-01-25 18:00:00,4192.426644466804
2021-01-25 19:00:00,3911.8912360181507
2021-01-25 20:00:00,4045.9643578075616
2021-01-25 21:00:00,4068.040898609817
2021-01-25 22:00:00,3283.8672980072347
2021-01-25 23:00:00,3107.464410094532
2021-01-26 00:00:00,2522.844931084248
2021-01-26 01:00:00,2646.6737338296384
2021-01-26 02:00:00,2686.15337029687
2021-01-26 03:00:00,2918.0764353392624
2021-01-26 04:00:00,2892.0685146185383
2021-01-26 05:00:00,3686.8158597160054
2021-01-26 06:00:00,3606.341852299976
2021-01-26 07:00:00,3892.033829754901
2021-01-26 08:00:00,3979.4455388290608
2021-01-26 09:00:00,4011.6047343870237
2021-01-26 10:00:00,3915.993416205582
2021-01-26 11:00:00,3541.5422194146513
2021-01-26 12:00:00,3527.857138997779
2021-01-26 13:00:00,3377.6403246766386
2021-01-26 14:00:00,4114.633188813794
2021-01-26 15:00:00,3911.238252059077
2021-01-26 16:00:00,4227.0747911638455
2021-01-26 17:00:00,4277.8357889978715
2021-01-26 18:00:00,3628.1566732193787
2021-01-26 19:00:00,3985.4287884545347
2021-01-26 20:00:00,3663.999091889331
2021-01-26 21:00:00,3421.8798318962968
2021-01-26 22:00:00,3141.1578458169392
2021-01-26 23:00:00,3328.1907352649296
2021-01-27 00:00:00,2530.693100885831
2021-01-27 01:00:00,2446.9958290820878
2021-01-27 02:00:00,2564.3043587363286
2021-01-27 03:00:00,2810.3306326319766
2021-01-27 04:00:00,2809.42491878398
2021-01-27 05:00:00,3619.4908159058155
2021-01-27 06:00:00,3920.6978484782835
2021-01-27 07:00:00,3938.42495898737
2021-01-27 08:00:00,4078.8932034598174
2021-01-27 09:00:00,4416.665776566711
2021-01-27 10:00:00,4126.619103627796
2021-01-27 11:00:00,3737.280786569894
2021-01-27 12:00:00,3528.9757271177427
2021-01-27 13:00:00,3768.407627004075
2021-01-27 14:00:00,3457.541951319048
2021-01-27 15:00:00,3790.905125406985
2021-01-27 16:00:00,3724.3481990504233
2021-01-27 17:00:00,4183.3947447335895
2021-01-27 18:00:00,4216.722639040836
2021-01-27 19:00:00,3936.832556448376
2021-01-27 20:00:00,3567.57783261042
2021-01-27 21:00:00,3486.553912379395
2021-01-27 22:00:00,2946.719046428143
2021-01-27 23:00:00,2998.058481119237
2021-01-28 00:00:00,2636.5234795775477
2021-01-28 01:00:00,2261.741985600305
2021-01-28 02:00:00,2659.934415269228
2021-01-28 03:00:00,2593.3980100832423
2021-01-28 04:00:00,3317.3578135330663
2021-01-28 05:00:00,3301.226461679168
2021-01-28 06:00:00,3399.3388523272556
2021-01-28 07:00:00,3898.501359501813
2021-01-28 08:00:00,4053.0713124472613
2021-01-28 09:00:00,3800.951442899363
2021-01-28 10:00:00,3649.3888437114806
2021-01-28 11:00:00,3755.376178584941
2021-01-28 12:00:00,3437.142069626087
2021-01-28 13:00:00,3487.2388070032916
2021-01-28 14:00:00,3580.392666553646
2021-01-28 15:00:00,3533.515072879951
2021-01-28 16:00:00,3448.2620132680863
2021-01-28 17:00:00,4332.392909016874
2021-01-28 18:00:00,4446.898276027734
2021-01-28 19:00:00,4080.771920064047
2021-01-28 20:00:00,3536.2762200389766
2021-01-28 21:00:00,3808.6973777240587
2021-01-28 22:00:00,3288.3613845017207
2021-01-28 23:00:00,3373.1802056184147
2021-01-29 00:00:00,2268.2912848571473
2021-01-29 01:00:00,2455.359681919816
2021-01-29 02:00:00,2357.0588772613232
2021-01-29 03:00:00,2712.386060062139
2021-01-29 04:00:00,2566.2834207017927
2021-01-29 05:00:00,3556.3830972413357
2021-01-29 06:00:00,3631.6345636015053
2021-01-29 07:00:00,3923.2643659726555
2021-01-29 08:00:00,4037.8444962974777
2021-01-29 09:00:00,4242.137064418639
2021-01-29 10:00:00,4087.403457395066
2021-01-29 11:00:00,3628.4111365010563
2021-01-29 12:00:00,3685.842613140575
2021-01-29 13:00:00,3443.1494622806163
2021-01-29 14:00:00,3690.6844477334616
2021-01-29 15:00:00,3640.208791947079
2021-01-29 16:00:00,3607.310773083052
2021-01-29 17:00:00,3858.5110121642024
2021-01-29 18:00:00,4183.254947476026
2021-01-29 19:00:00,4145.079795665058
2021-01-29 20:00:00,3865.4690075286057
2021-01-29 21:00:00,3470.374557572026
2021-01-29 22:00:00,2975.8782031219303
2021-01-29 23:00:00,3130.3392966085976
2021-01-30 00:00:00,2148.606230948365
2021-01-30 01:00:00,2105.2899807512667
2021-01-30 02:00:00,2333.498402554567
2021-01-30 03:00:00,2283.6133129496325
2021-01-30 04:00:00,2442.796489055271
2021-01-30 05:00:00,2833.5692682852596
2021-01-30 06:00:00,3429.9703313507334
2021-01-30 07:00:00,3670.941548960409
2021-01-30 08:00:00,3481.178484860426
2021-01-30 09:00:00,3416.800759730111
2021-01-30 10:00:00,3498.5725215868238
2021-01-30 11:00:00,3132.0653533730447
2021-01-30 12:00:00,3016.9271282340537
2021-01-30 13:00:00,2854.6198229437164
2021-01-30 14:00:00,3009.344819109951
2021-01-30 15:00:00,3174.542860126327
2021-01-30 16:00:00,3293.831119008593
2021-01-30 17:00:00,3487.630811892485
2021-01-30 18:00:00,3624.0511340709236
2021-01-30 19:00:00,3746.6172013847863
2021-01-30 20:00:00,3134.674401595493
2021-01-30 21:00:00,3569.4098501160356
2021-01-30 22:00:00,2841.494477539973
2021-01-30 23:00:00,2926.4024381598697
2021-01-31 00:00:00,1915.5672309652666
2021-01-31 01:00:00,1996.6484520545014
2021-01-31 02:00:00,1904.0580911882532
2021-01-31 03:00:00,2131.0806839558077
2021-01-31 04:00:00,2240.694030836121
2021-01-31 05:00:00,2759.077854523289
2021-01-31 06:00:00,2712.079008070437
2021-01-31 07:00:00,2859.7181242783045
2021-01-31 08:00:00,3181.9711279188027
2021-01-31 09:00:00,2710.9515161760373
2021-01-31 10:00:00,2938.402158648345
2021-01-31 11:00:00,2658.129286770533
2021-01-31 12:00:00,2615.029256837547
2021-01-31 13:00:00,2508.8068942051323
2021-01-31 14:00:00,2772.0123062450502
2021-01-31 15:00:00,2759.4673845211196
2021-01-31 16:00:00,2902.070022064263
2021-01-31 17:00:00,2860.4626703534655
2021-01-31 18:00:00,3208.953521569234
2021-01-31 19:00:00,2881.615520991464
2021-01-31 20:00:00,3045.9106647680132
2021-01-31 21:00:00,2757.350454637914
2021-01-31 22:00:00,2384.964367713011
2021-01-31 23:00:00,2452.2172031332675
2021-02-01 00:00:00,2496.0769517508593
2021-02-01 01:00:00,2569.2745779227075
2021-02-01 02:00:00,2669.403184935368
2021-02-01 03:00:00,2632.7470942561376
2021-02-01 04:00:00,3023.829318204814
2021-02-01 05:00:00,3514.970899323522
2021-02-01 06:00:00,3581.741732533552
2021-02-01 07:00:00,4164.568934663039
2021-02-01 08:00:00,4220.669435467715
2021-02-01 09:00:00,4478.891224424314
2021-02-01 10:00:00,3773.3642699011216
2021-02-01 11:00:00,3948.114229671707
2021-02-01 12:00:00,3715.310334484601
2021-02-01 13:00:00,3652.2345810456636
2021-02-01 14:00:00,3584.613971447908
2021-02-01 15:00:00,3589.8409456324025
2021-02-01 16:00:00,4012.2864354065014
2021-02-01 17:00:00,3869.141485802662
2021-02-01 18:00:00,3820.32721979239
2021-02-01 19:00:00,4307.739634451771
2021-02-01 20:00:00,3746.161066128323
2021-02-01 21:00:00,3761.961729877621
2021-02-01 22:00:00,3319.6849272421805
2021-02-01 23:00:00,3147.315887741403
2021-02-02 00:00:00,2659.380822178979
2021-02-02 01:00:00,2388.561397265083
2021-02-02 02:00:00,2565.127745162839
2021-02-02 03:00:00,2876.5581484741356
2021-02-02 04:00:00,3336.9368844161354
2021-02-02 05:00:00,3341.364728036882
2021-02-02 06:00:00,3423.0552874672867
2021-02-02 07:00:00,3970.0600630781264
2021-02-02 08:00:00,4686.4692719886625
2021-02-02 09:00:00,4016.204233720591
2021-02-02 10:00:00,3618.637112701672
2021-02-02 11:00:00,3689.254428228077
2021-02-02 12:00:00,3649.497540399631
2021-02-02 13:00:00,3348.2265226071904
2021-02-02 14:00:00,3465.533874035283
2021-02-02 15:00:00,3650.9636101341953
2021-02-02 16:00:00,3887.490982413893
2021-02-02 17:00:00,4193.608750069382
2021-02-02 18:00:00,4180.473251207109
2021-02-02 19:00:00,4212.76655632629
2021-02-02 20:00:00,4017.823727375737
2021-02-02 21:00:00,3548.78996734777
2021-02-02 22:00:00,3278.657484412749
2021-02-02 23:00:00,3237.15358874213
2021-02-03 00:00:00,2532.496209221885
2021-02-03 01:00:00,2473.540988099298
2021-02-03 02:00:00,2557.065445449401
2021-02-03 03:00:00,2823.3921679228897
2021-02-03 04:00:00,2928.626800776117
2021-02-03 05:00:00,3423.131350936505
2021-02-03 06:00:00,4118.401698424583
2021-02-03 07:00:00,4034.3831207658945
2021-02-03 08:00:00,4332.217379750354
2021-02-03 09:00:00,4107.444070639335
2021-02-03 10:00:00,3866.133057880605
2021-02-03 11:00:00,3605.1110303008236
2021-02-03 12:00:00,3458.168389880163
2021-02-03 13:00:00,3710.6059291595943
2021-02-03 14:00:00,3447.6232058782243
2021-02-03 15:00:00,3781.3109765840854
2021-02-03 16:00:00,3907.259907548356
2021-02-03 17:00:00,3954.927470793157
2021-02-03 18:00:00,4030.7579033374072
2021-02-03 19:00:00,3952.829592895493
2021-02-03 20:00:00,3870.7071880239237
2021-02-03 21:00:00,3663.8662650884467
2021-02-03 22:00:00,3318.5002320205763
2021-02-03 23:00:00,2976.4163763805595
2021-02-04 00:00:00,2444.681844637297
2021-02-04 01:00:00,2437.0788958417693
2021-02-04 02:00:00,2546.3504368176064
2021-02-04 03:00:00,2955.0833053740444
2021-02-04 04:00:00,3463.3953325037437
2021-02-04 05:00:00,3473.6043462450507
2021-02-04 06:00:00,3734.6460234496217
2021-02-04 07:00:00,3708.6275743822407
2021-02-04 08:00:00,3831.196365190923
2021-02-04 09:00:00,4328.0253331852045
2021-02-04 10:00:00,3606.925610047491
2021-02-04 11:00:00,3842.240424648223
2021-02-04 12:00:00,3186.3301252989318
2021-02-04 13:00:00,3529.6109905177714
2021-02-04 14:00:00,4022.4080160587596
2021-02-04 15:00:00,3708.304497465906
2021-02-04 16:00:00,4044.352683527454
2021-02-04 17:00:00,3659.1351378735235
2021-02-04 18:00:00,3779.510019647614
2021-02-04 19:00:00,3935.9719920862267
2021-02-04 20:00:00,3456.64840249574
2021-02-04 21:00:00,3834.275071367474
2021-02-04 22:00:00,3525.7519380317103
2021-02-04 23:00:00,3406.472404589695
2021-02-05 00:00:00,2609.4059841094872
2021-02-05 01:00:00,2545.338440173466
2021-02-05 02:00:00,2491.2584709969974
2021-02-05 03:00:00,2880.608441928264
2021-02-05 04:00:00,3134.4570481395494
2021-02-05 05:00:00,3524.2400625644514
2021-02-05 06:00:00,3480.466236642921
2021-02-05 07:00:00,3830.2204788820604
2021-02-05 08:00:00,4126.454468975462
2021-02-05 09:00:00,3770.654494227165
2021-02-05 10:00:00,3784.836475146093
2021-02-05 11:00:00,4000.9150679737727
2021-02-05 12:00:00,3685.1228932425465
2021-02-05 13:00:00,3348.7977064579245
2021-02-05 14:00:00,3708.0786992198114
2021-02-05 15:00:00,3653.7884804526534
2021-02-05 16:00:00,3787.9869243936723
2021-02-05 17:00:00,3727.328840182095
2021-02-05 18:00:00,3938.7741160640508
2021-02-05 19:00:00,4092.967709304296
2021-02-05 20:00:00,3673.249540678995
2021-02-05 21:00:00,3772.938621222181
2021-02-05 22:00:00,3263.8731369881266
2021-02-05 23:00:00,3005.3756820078543
2021-02-06 00:00:00,2125.5480179307624
2021-02-06 01:00:00,2189.2246566688355
2021-02-06 02:00:00,2055.0230001904383
2021-02-06 03:00:00,2313.9425102630885
2021-02-06 04:00:00,2573.00104114612
2021-02-06 05:00:00,2867.070367072052
2021-02-06 06:00:00,3181.281855053952
2021-02-06 07:00:00,3402.3983384730877
2021-02-06 08:00:00,3390.155640577505
2021-02-06 09:00:00,3500.9296690114484
2021-02-06 10:00:00,3210.4647031110635
2021-02-06 11:00:00,3096.984250040841
2021-02-06 12:00:00,2879.141089835525
2021-02-06 13:00:00,3188.7222911654567
2021-02-06 14:00:00,3088.7506298519575
2021-02-06 15:00:00,3267.363373733387
2021-02-06 16:00:00,3300.5454539702873
2021-02-06 17:00:00,3490.2926742376662
2021-02-06 18:00:00,3563.5002166662753
2021-02-06 19:00:00,3175.9177525366354
2021-02-06 20:00:00,2996.5017317277034
2021-02-06 21:00:00,3067.8501577669385
2021-02-06 22:00:00,2508.4022716171035
2021-02-06 23:00:00,2469.888578541252
2021-02-07 00:00:00,1809.2913449341254
2021-02-07 01:00:00,1846.9652353920264
2021-02-07 02:00:00,1958.1845664880086
2021-02-07 03:00:00,2065.3058599467986
2021-02-07 04:00:00,2285.290172637198
2021-02-07 05:00:00,2376.980417148645
2021-02-07 06:00:00,2721.0567904734576
2021-02-07 07:00:00,2976.528200440334
2021-02-07 08:00:00,3201.7432156284576
2021-02-07 09:00:00,3187.107512633549
2021-02-07 10:00:00,3141.333105500436
2021-02-07 11:00:00,2707.0531427037
2021-02-07 12:00:00,2714.2091213486697
2021-02-07 13:00:00,2755.2242863129263
2021-02-07 14:00:00,2510.96988259511
2021-02-07 15:00:00,2838.794641739514
2021-02-07 16:00:00,3007.8873024045865
2021-02-07 17:00:00,3089.928096675644
2021-02-07 18:00:00,3127.9708106993744
2021-02-07 19:00:00,2920.739340260117
2021-02-07 20:00:00,2952.901624116851
2021-02-07 21:00:00,2642.860791039486
2021-02-07 22:00:00,2569.7997407312955
2021-02-07 23:00:00,2414.791367853104
2021-02-08 00:00:00,2235.959917496691
2021-02-08 01:00:00,2278.5505922431616
2021-02-08 02:00:00,2578.2818524374647
2021-02-08 03:00:00,2712.486684822531
2021-02-08 04:00:00,3122.878774968257
2021-02-08 05:00:00,3361.673121597754
2021-02-08 06:00:00,3811.509325469141
2021-02-08 07:00:00,3341.0284620585467
2021-02-08 08:00:00,4206.778802332699
2021-02-08 09:00:00,4008.854860441981
2021-02-08 10:00:00,3715.4051998483747
2021-02-08 11:00:00,4042.6323030753892
2021-02-08 12:00:00,3559.407750391106
2021-02-08 13:00:00,3481.5222620996287
2021-02-08 14:00:00,3635.737106877612
2021-02-08 15:00:00,3336.626321096634
2021-02-08 16:00:00,3684.761184711957
2021-02-08 17:00:00,4143.789995031928
2021-02-08 18:00:00,4051.134307207905
2021-02-08 19:00:00,3776.133285117026
2021-02-08 20:00:00,3745.2526577498743
2021-02-08 21:00:00,3832.3184236089924
2021-02-08 22:00:00,3170.0509117611227
2021-02-08 23:00:00,2929.530183822356
2021-02-09 00:00:00,2392.0222086469425
2021-02-09 01:00:00,2458.09550485555
2021-02-09 02:00:00,2565.5153385349477
2021-02-09 03:00:00,2832.538320070969
2021-02-09 04:00:00,3220.2080931689
2021-02-09 05:00:00,3564.565999424263
2021-02-09 06:00:00,3676.826691554815
2021-02-09 07:00:00,3945.858589450124
2021-02-09 08:00:00,4638.017288237084
2021-02-09 09:00:00,3773.309869136487
2021-02-09 10:00:00,4349.587350553157
2021-02-09 11:00:00,3633.8450418418342
2021-02-09 12:00:00,3577.980167595963
2021-02-09 13:00:00,3714.322627876906
2021-02-09 14:00:00,3351.5565361791723
2021-02-09 15:00:00,3547.7366402242146
2021-02-09 16:00:00,3710.2556632216347
2021-02-09 17:00:00,4105.0242174331
2021-02-09 18:00:00,4058.316100600437
2021-02-09 19:00:00,3692.942871971177
2021-02-09 20:00:00,3797.6677387184436
2021-02-09 21:00:00,3340.256320956638
2021-02-09 22:00:00,3273.9276712812184
2021-02-09 23:00:00,3201.205221421773
2021-02-10 00:00:00,2521.525191953846
2021-02-10 01:00:00,2163.8896581697154
2021-02-10 02:00:00,2684.171527427672
2021-02-10 03:00:00,2608.5601242336684
2021-02-10 04:00:00,3020.0428710459655
2021-02-10 05:00:00,3291.812378963677
2021-02-10 06:00:00,3745.8731430323696
2021-02-10 07:00:00,3804.584036835898
2021-02-10 08:00:00,4492.476974089876
2021-02-10 09:00:00,4077.1691619811945
2021-02-10 10:00:00,3882.380579480946
2021-02-10 11:00:00,3432.702719296896
2021-02-10 12:00:00,3481.4402956979693
2021-02-10 13:00:00,3380.435273475214
2021-02-10 14:00:00,3518.1423960973702
2021-02-10 15:00:00,4021.7680400338763
2021-02-10 16:00:00,3727.420067652505
2021-02-10 17:00:00,4197.854518846246
2021-02-10 18:00:00,4226.215680729403
2021-02-10 19:00:00,4163.291134976312
2021-02-10 20:00:00,3909.3202796517257
2021-02-10 21:00:00,3507.028011406331
2021-02-10 22:00:00,3112.4209972182725
2021-02-10 23:00:00,3076.261103066236
2021-02-11 00:00:00,2334.968196892068
2021-02-11 01:00:00,2508.0857602089613
2021-02-11 02:00:00,2590.028835094726
2021-02-11 03:00:00,2760.2178088448663
2021-02-11 04:00:00,2979.3407839940987
2021-02-11 05:00:00,3193.957807471304
2021-02-11 06:00:00,3695.868006706568
2021-02-11 07:00:00,4034.895960209258
2021-02-11 08:00:00,3926.917143942196
2021-02-11 09:00:00,3897.591832361037
2021-02-11 10:00:00,3664.1755594035903
2021-02-11 11:00:00,3727.56333156857
2021-02-11 12:00:00,3559.976441647368
2021-02-11 13:00:00,3318.4539646710564
2021-02-11 14:00:00,3503.7567280837266
2021-02-11 15:00:00,3627.2714232565777
2021-02-11 16:00:00,3644.149000320381
2021-02-11 17:00:00,3815.9607418980263
2021-02-11 18:00:00,3924.2634323813486
2021-02-11 19:00:00,3777.43235641469
2021-02-11 20:00:00,3889.046393868161
2021-02-11 21:00:00,3625.231068367655
2021-02-11 22:00:00,3288.7326672234103
2021-02-11 23:00:00,2949.8743091657548
2021-02-12 00:00:00,2668.9520579560835
2021-02-12 01:00:00,2584.0207116615616
2021-02-12 02:00:00,2450.5011500515834
2021-02-12 03:00:00,2809.5790757750365
2021-02-12 04:00:00,2768.5474607096007
2021-02-12 05:00:00,3427.793595529435
2021-02-12 06:00:00,3623.697810317231
2021-02-12 07:00:00,3742.7120296289245
2021-02-12 08:00:00,4304.36447319192
2021-02-12 09:00:00,4094.747563840734
2021-02-12 10:00:00,3984.3116486276413
2021-02-12 11:00:00,3739.5354602218426
2021-02-12 12:00:00,3539.7103703779567
2021-02-12 13:00:00,3343.340566790825
2021-02-12 14:00:00,3619.4499009310434
2021-02-12 15:00:00,3833.9244849746283
2021-02-12 16:00:00,3652.7642924274246
2021-02-12 17:00:00,3899.5670839347194
2021-02-12 18:00:00,3978.780829766068
2021-02-12 19:00:00,3900.6230811835703
2021-02-12 20:00:00,4040.7640485730044
2021-02-12 21:00:00,3762.702772909112
2021-02-12 22:00:00,3060.8771791242552
2021-02-12 23:00:00,3248.7619902383512
2021-02-13 00:00:00,2104.287220604243
2021-02-13 01:00:00,2192.0488166747127
2021-02-13 02:00:00,2334.6449150061208
2021-02-13 03:00:00,2177.329939237804
2021-02-13 04:00:00,2805.8105558748753
2021-02-13 05:00:00,2673.5045693061143
2021-02-13 06:00:00,3360.820205635054
2021-02-13 07:00:00,3335.827832612924
2021-02-13 08:00:00,3527.1869933306284
2021-02-13 09:00:00,3555.4483865181696
2021-02-13 10:00:00,3421.2772980751747
2021-02-13 11:00:00,3380.9334009039203
2021-02-13 12:00:00,3169.022055633868
2021-02-13 13:00:00,3072.7184081936
2021-02-13 14:00:00,2949.816262547523
2021-02-13 15:00:00,2965.2644099126237
2021-02-13 16:00:00,3351.6795277615615
2021-02-13 17:00:00,3506.691659410684
2021-02-13 18:00:00,3309.568865705952
2021-02-13 19:00:00,3364.0500918085722
2021-02-13 20:00:00,3049.7578690619566
2021-02-13 21:00:00,3265.059829792241
2021-02-13 22:00:00,3001.896375425942
2021-02-13 23:00:00,2663.9564615144086
2021-02-14 00:00:00,1869.050872994872
2021-02-14 01:00:00,1875.8971194939961
2021-02-14 02:00:00,1986.311628251016
2021-02-14 03:00:00,2129.4318030579643
2021-02-14 04:00:00,2601.9535266678677
2021-02-14 05:00:00,2575.9468643082623
2021-02-14 06:00:00,2963.7832009481863
2021-02-14 07:00:00,2922.369403097856
2021-02-14 08:00:00,3168.457657601441
2021-02-14 09:00:00,2727.81466956055
2021-02-14 10:00:00,2786.449566587603
2021-02-14 11:00:00,2898.987550017884
2021-02-14 12:00:00,2621.428874352881
2021-02-14 13:00:00,2825.8014984032047
2021-02-14 14:00:00,2631.8780685647484
2021-02-14 15:00:00,2751.103363864739
2021-02-14 16:00:00,2853.0394419234362
2021-02-14 17:00:00,2944.065291572826
2021-02-14 18:00:00,3010.0630592467646
2021-02-14 19:00:00,2881.6828443143045
2021-02-14 20:00:00,2834.471774839863
2021-02-14 21:00:00,2617.073116058426
2021-02-14 22:00:00,2348.554080749777
2021-02-14 23:00:00,2274.538299693966
2021-02-15 00:00:00,2486.3615067324067
2021-02-15 01:00:00,2653.511825672346
2021-02-15 02:00:00,2459.910313620815
2021-02-15 03:00:00,2772.433120526831
2021-02-15 04:00:00,2998.732578723393
2021-02-15 05:00:00,3240.966355213402
2021-02-15 06:00:00,3639.5552053127635
2021-02-15 07:00:00,3904.339886298691
2021-02-15 08:00:00,4006.7660503451593
2021-02-15 09:00:00,4247.450392318114
2021-02-15 10:00:00,4090.6832357718836
2021-02-15 11:00:00,3634.550316499395
2021-02-15 12:00:00,3512.126543835003
2021-02-15 13:00:00,3433.242333926327
2021-02-15 14:00:00,3442.5831231901825
2021-02-15 15:00:00,3433.6832190727373
2021-02-15 16:00:00,3977.623534418266
2021-02-15 17:00:00,3899.696033726317
2021-02-15 18:00:00,3902.3863055580905
2021-02-15 19:00:00,4034.7924601916384
2021-02-15 20:00:00,3515.7418987246624
2021-02-15 21:00:00,3571.8082117051385
2021-02-15 22:00:00,3780.296136424267
2021-02-15 23:00:00,3149.538089334111
2021-02-16 00:00:00,2442.592325944885
2021-02-16 01:00:00,2386.7059962069934
2021-02-16 02:00:00,2424.6513841158203
2021-02-16 03:00:00,2859.9127041140555
2021-02-16 04:00:00,3194.481217380395
2021-02-16 05:00:00,3180.648617442468
2021-02-16 06:00:00,3644.525736311159
2021-02-16 07:00:00,3961.5435143123236
2021-02-16 08:00:00,4235.378922629807
2021-02-16 09:00:00,4117.875811062823
2021-02-16 10:00:00,3928.1078082896356
2021-02-16 11:00:00,3682.8739718315524
2021-02-16 12:00:00,3599.51268911406
2021-02-16 13:00:00,3564.1851225177825
2021-02-16 14:00:00,3384.115177805837
2021-02-16 15:00:00,3584.3517134113317
2021-02-16 16:00:00,3717.950749674471
2021-02-16 17:00:00,4073.1058374415743
2021-02-16 18:00:00,3662.286499793456
2021-02-16 19:00:00,4103.304274764503
2021-02-16 20:00:00,3864.726732845036
2021-02-16 21:00:00,3470.0959515669556
2021-02-16 22:00:00,3507.8823995394246
2021-02-16 23:00:00,3029.658607465748
2021-02-17 00:00:00,2427.5620830147336
2021-02-17 01:00:00,2326.930124346364
2021-02-17 02:00:00,2421.4593219648486
2021-02-17 03:00:00,2738.259091741091
2021-02-17 04:00:00,2885.083493119884
2021-02-17 05:00:00,3498.749925531979
2021-02-17 06:00:00,3466.614494788846
2021-02-17 07:00:00,3591.0750575675265
2021-02-17 08:00:00,3992.6974413614394
2021-02-17 09:00:00,3771.9865351850012
2021-02-17 10:00:00,3790.3481127033097
2021-02-17 11:00:00,3337.254228501102
2021-02-17 12:00:00,3878.7930560218347
2021-02-17 13:00:00,3680.186582014137
2021-02-17 14:00:00,3571.818546115963
2021-02-17 15:00:00,3470.3309197833437
2021-02-17 16:00:00,3772.0368001419015
2021-02-17 17:00:00,3872.6890227640874
2021-02-17 18:00:00,3728.5783583626176
2021-02-17 19:00:00,3776.7164793261823
2021-02-17 20:00:00,3762.167757197609
2021-02-17 21:00:00,3609.666448357312
2021-02-17 22:00:00,3142.1166349670575
2021-02-17 23:00:00,3105.0755073136766
2021-02-18 00:00:00,2339.5619826930288
2021-02-18 01:00:00,2881.892351155107
2021-02-18 02:00:00,2737.0783139378254
2021-02-18 03:00:00,2739.348600093671
2021-02-18 04:00:00,2629.788603809069
2021-02-18 05:00:00,3237.036066036942
2021-02-18 06:00:00,3689.684313890166
2021-02-18 07:00:00,3966.6601415004675
2021-02-18 08:00:00,4266.6955931458415
2021-02-18 09:00:00,3720.0312196358586
2021-02-18 10:00:00,4065.226892788253
2021-02-18 11:00:00,3798.117885507574
2021-02-18 12:00:00,3618.1449286442253
2021-02-18 13:00:00,3599.26487556563
2021-02-18 14:00:00,3319.8502709120844
2021-02-18 15:00:00,3503.1251451604808
2021-02-18 16:00:00,4145.10685974365
2021-02-18 17:00:00,3526.0457308394016
2021-02-18 18:00:00,3961.9557865447655
2021-02-18 19:00:00,3892.0152187438625
2021-02-18 20:00:00,3636.1542660854257
2021-02-18 21:00:00,3386.559757936856
2021-02-18 22:00:00,3295.3367792823187
2021-02-18 23:00:00,2961.856521029242
2021-02-19 00:00:00,2539.1045632914766
2021-02-19 01:00:00,2433.60577093024
2021-02-19 02:00:00,2324.5560733808484
2021-02-19 03:00:00,3053.611141008089
2021-02-19 04:00:00,2736.2519936749272
2021-02-19 05:00:00,3355.373923693446
2021-02-19 06:00:00,3406.237672111875
2021-02-19 07:00:00,3774.2537939229
2021-02-19 08:00:00,3835.073426739621
2021-02-19 09:00:00,4057.1846366722957
2021-02-19 10:00:00,3910.4211570745615
2021-02-19 11:00:00,3722.7190807062893
2021-02-19 12:00:00,3404.2266611208224
2021-02-19 13:00:00,3388.2932783231327
2021-02-19 14:00:00,3576.256796353885
2021-02-19 15:00:00,3624.9828323451216
2021-02-19 16:00:00,3707.5023219370446
2021-02-19 17:00:00,3766.4880888428997
2021-02-19 18:00:00,3670.0542113304455
2021-02-19 19:00:00,3893.6927332595815
2021-02-19 20:00:00,3910.397227320109
2021-02-19 21:00:00,3835.163614865116
2021-02-19 22:00:00,3278.529207086385
2021-02-19 23:00:00,3359.866603244315
2021-02-20 00:00:00,2093.498973484487
2021-02-20 01:00:00,2106.8726107314105
2021-02-20 02:00:00,1989.4587051682747
2021-02-20 03:00:00,2660.527229850817
2021-02-20 04:00:00,2492.1035316739567
2021-02-20 05:00:00,2655.006509251209
2021-02-20 06:00:00,2911.74808441381
2021-02-20 07:00:00,3276.331584151923
2021-02-20 08:00:00,3200.551031493223
2021-02-20 09:00:00,3397.875047210027
2021-02-20 10:00:00,3360.259680720166
2021-02-20 11:00:00,2937.4289953824905
2021-02-20 12:00:00,3060.3764028800206
2021-02-20 13:00:00,2922.159430040157
2021-02-20 14:00:00,2785.576081485933
2021-02-20 15:00:00,3056.1697000324334
2021-02-20 16:00:00,3286.78724792178
2021-02-20 17:00:00,3381.078378118574
2021-02-20 18:00:00,3257.1286816991
2021-02-20 19:00:00,3339.60806848118
2021-02-20 20:00:00,2913.602387913635
2021-02-20 21:00:00,2568.805472879895
2021-02-20 22:00:00,2702.579995804239
2021-02-20 23:00:00,2734.8586587981313
2021-02-21 00:00:00,1754.6945113352594
2021-02-21 01:00:00,1906.0782425895354
2021-02-21 02:00:00,1994.9608729638703
2021-02-21 03:00:00,2166.137663293675
2021-02-21 04:00:00,2237.1428998430933
2021-02-21 05:00:00,2408.771500040696
2021-02-21 06:00:00,2546.201163558864
2021-02-21 07:00:00,2747.028827121481
2021-02-21 08:00:00,2968.649442350609
2021-02-21 09:00:00,3067.486296165029
2021-02-21 10:00:00,3036.5628209202646
2021-02-21 11:00:00,2748.8748556773926
2021-02-21 12:00:00,2843.7089132610577
2021-02-21 13:00:00,2538.997517741968
2021-02-21 14:00:00,2632.7914046449005
2021-02-21 15:00:00,2633.5260141726603
2021-02-21 16:00:00,2687.1844606469112
2021-02-21 17:00:00,2794.5135256049284
2021-02-21 18:00:00,2917.8457753914013
2021-02-21 19:00:00,3123.174191737543
2021-02-21 20:00:00,2683.386730531503
2021-02-21 21:00:00,2814.063892506733
2021-02-21 22:00:00,2466.201245342769
2021-02-21 23:00:00,2332.3235458371914
2021-02-22 00:00:00,2433.3619673871817
2021-02-22 01:00:00,2247.114159322945
2021-02-22 02:00:00,2566.8831288698316
2021-02-22 03:00:00,2580.1171137563924
2021-02-22 04:00:00,3231.6236485464433
2021-02-22 05:00:00,3299.8749971431625
2021-02-22 06:00:00,3774.0457373179233
2021-02-22 07:00:00,3879.357009593081
2021-02-22 08:00:00,3745.9667500147584
2021-02-22 09:00:00,3966.01323141044
2021-02-22 10:00:00,4195.280386157493
2021-02-22 11:00:00,3644.6537042256164
2021-02-22 12:00:00,3572.795595934599
2021-02-22 13:00:00,3528.008432868742
2021-02-22 14:00:00,3722.8761675019823
2021-02-22 15:00:00,3650.5734745191126
2021-02-22 16:00:00,3911.115854634559
2021-02-22 17:00:00,3736.480564288672
2021-02-22 18:00:00,3648.4692874499538
2021-02-22 19:00:00,3809.143478063748
2021-02-22 20:00:00,3506.7192848824748
2021-02-22 21:00:00,3497.413621194279
2021-02-22 22:00:00,3297.783300320771
2021-02-22 23:00:00,3444.7261264320678
2021-02-23 00:00:00,2203.863202081076
2021-02-23 01:00:00,2238.8395658489667
2021-02-23 02:00:00,2755.7724194368457
2021-02-23 03:00:00,2775.3884507163093
2021-02-23 04:00:00,2943.4723952572217
2021-02-23 05:00:00,3132.5366454109158
2021-02-23 06:00:00,3085.4642326003573
2021-02-23 07:00:00,3634.1997310299357
2021-02-23 08:00:00,3863.3855291988884
2021-02-23 09:00:00,4051.059299973861
2021-02-23 10:00:00,3509.047060065527
2021-02-23 11:00:00,3487.3654195528698
2021-02-23 12:00:00,3444.7512866326006
2021-02-23 13:00:00,3708.825213942004
2021-02-23 14:00:00,3358.5746396602494
2021-02-23 15:00:00,3826.524458800147
2021-02-23 16:00:00,3940.783486520384
2021-02-23 17:00:00,3852.0808216295413
2021-02-23 18:00:00,3968.708390593522
2021-02-23 19:00:00,3745.131429166466
2021-02-23 20:00:00,3689.0251483199168
2021-02-23 21:00:00,3401.278384078168
2021-02-23 22:00:00,3682.675552748004
2021-02-23 23:00:00,2899.7270436765743
2021-02-24 00:00:00,2339.345637108277
2021-02-24 01:00:00,2407.0227722346845
2021-02-24 02:00:00,2692.009165065488
2021-02-24 03:00:00,2761.7874647262224
2021-02-24 04:00:00,2925.0875923300528
2021-02-24 05:00:00,3053.008672183456
2021-02-24 06:00:00,3607.179786174963
2021-02-24 07:00:00,4213.643881935321
2021-02-24 08:00:00,4028.885180413575
2021-02-24 09:00:00,3817.282588181002
2021-02-24 10:00:00,3676.952155210457
2021-02-24 11:00:00,3784.3316713659397
2021-02-24 12:00:00,3468.862991408625
2021-02-24 13:00:00,3459.362497037444
2021-02-24 14:00:00,3661.7147833542917
2021-02-24 15:00:00,3461.3926776305534
2021-02-24 16:00:00,3954.8974700309554
2021-02-24 17:00:00,3769.2618841197404
2021-02-24 18:00:00,3802.6265118018046
2021-02-24 19:00:00,3481.5171077741397
2021-02-24 20:00:00,3699.013005776118
2021-02-24 21:00:00,3541.697719081952
2021-02-24 22:00:00,3363.6052833231324
2021-02-24 23:00:00,2784.8227476076704
2021-02-25 00:00:00,2306.9206174562346
2021-02-25 01:00:00,2448.5172908697937
2021-02-25 02:00:00,2414.277259320968
2021-02-25 03:00:00,2634.1567660858373
2021-02-25 04:00:00,3025.185645369652
2021-02-25 05:00:00,3263.7627377130934
2021-02-25 06:00:00,3768.9476433032683
2021-02-25 07:00:00,4049.2174842817103
2021-02-25 08:00:00,4091.423386270861
2021-02-25 09:00:00,3946.7538270663563
2021-02-25 10:00:00,3820.2667222589143
2021-02-25 11:00:00,3782.1531021679557
2021-02-25 12:00:00,3686.7220662785094
2021-02-25 13:00:00,3539.42434540038
2021-02-25 14:00:00,3312.026191980864
2021-02-25 15:00:00,3582.7014604673086
2021-02-25 16:00:00,3929.1863920857854
2021-02-25 17:00:00,3974.6354041664185
2021-02-25 18:00:00,3960.8037387870645
2021-02-25 19:00:00,3740.3671864562884
2021-02-25 20:00:00,3914.3869513312607
2021-02-25 21:00:00,3756.804230012238
2021-02-25 22:00:00,3425.8155942467984
2021-02-25 23:00:00,3055.092634564804
2021-02-26 00:00:00,2355.614172068518
2021-02-26 01:00:00,2293.700012751553
2021-02-26 02:00:00,2422.929678343748
2021-02-26 03:00:00,2763.2952564812795
2021-02-26 04:00:00,3199.920264901728
2021-02-26 05:00:00,3090.1808130442473
2021-02-26 06:00:00,3483.7649415951414
2021-02-26 07:00:00,3646.7986624984505
2021-02-26 08:00:00,3888.6715584816548
2021-02-26 09:00:00,3960.1133303778793
2021-02-26 10:00:00,3588.1104853996176
2021-02-26 11:00:00,3668.2987597874544
2021-02-26 12:00:00,3307.722370113728
2021-02-26 13:00:00,3512.6937160554676
2021-02-26 14:00:00,3616.905599874839
2021-02-26 15:00:00,3584.8938654290423
2021-02-26 16:00:00,3628.0229094910655
2021-02-26 17:00:00,3992.014309679743
2021-02-26 18:00:00,3783.295868350896
2021-02-26 19:00:00,3807.3790119663086
2021-02-26 20:00:00,4062.5489911869818
2021-02-26 21:00:00,3591.4929907079927
2021-02-26 22:00:00,3025.549450472559
2021-02-26 23:00:00,3102.2418979601734
2021-02-27 00:00:00,2050.633074051852
2021-02-27 01:00:00,2080.988926170421
2021-02-27 02:00:00,2234.1758982702167
2021-02-27 03:00:00,2250.2873691779255
2021-02-27 04:00:00,2429.8312879022888
2021-02-27 05:00:00,2729.8888749794437
2021-02-27 06:00:00,2983.9172660767567
2021-02-27 07:00:00,3306.3013003211445
2021-02-27 08:00:00,3312.5164814220198
2021-02-27 09:00:00,3408.3495530165
2021-02-27 10:00:00,3073.3097664362185
2021-02-27 11:00:00,3123.987137393107
2021-02-27 12:00:00,2932.2006698485507
2021-02-27 13:00:00,2908.1977727948765
2021-02-27 14:00:00,3024.9460483168355
2021-02-27 15:00:00,2778.584118889433
2021-02-27 16:00:00,3076.1152511510854
2021-02-27 17:00:00,3088.782872654784
2021-02-27 18:00:00,3195.6672491528147
2021-02-27 19:00:00,3428.0719822872516
2021-02-27 20:00:00,2817.9990932888786
2021-02-27 21:00:00,2884.7022029865125
2021-02-27 22:00:00,2600.7524689806096
2021-02-27 23:00:00,2499.2103750125184
2021-02-28 00:00:00,1668.9107023744227
2021-02-28 01:00:00,1708.7910425461216
2021-02-28 02:00:00,1910.9951977848223
2021-02-28 03:00:00,1882.6628137715295
2021-02-28 04:00:00,2277.362066886075
2021-02-28 05:00:00,2351.220827397494
2021-02-28 06:00:00,2887.07816190634
2021-02-28 07:00:00,2976.6696191848187
2021-02-28 08:00:00,3061.0672114987724
2021-02-28 09:00:00,2806.5601022870014
2021-02-28 10:00:00,2752.1279427764343
2021-02-28 11:00:00,2843.2645480612982
2021-02-28 12:00:00,2734.662511212209
2021-02-28 13:00:00,2614.7720692772164
2021-02-28 14:00:00,2867.9594124850946
2021-02-28 15:00:00,2663.5196930220995
2021-02-28 16:00:00,2780.191624499398
2021-02-28 17:00:00,2609.21704573903
2021-02-28 18:00:00,2962.0205548863005
2021-02-28 19:00:00,2635.6727890559487
2021-02-28 20:00:00,2791.6167423890233
2021-02-28 21:00:00,2492.71303344007
2021-02-28 22:00:00,2488.7923030409133
2021-02-28 23:00:00,2280.244013983591
2021-03-01 00:00:00,2290.1969941468396
2021-03-01 01:00:00,2366.065512614301
2021-03-01 02:00:00,2439.123119070739
2021-03-01 03:00:00,2537.3823081238274
2021-03-01 04:00:00,2789.68823320425
2021-03-01 05:00:00,3253.8902790179627
2021-03-01 06:00:00,3516.028774701073
2021-03-01 07:00:00,4036.838582378991
2021-03-01 08:00:00,3538.08262859384
2021-03-01 09:00:00,3920.802168403932
2021-03-01 10:00:00,3816.5215355102982
2021-03-01 11:00:00,3833.2279660298104
2021-03-01 12:00:00,3375.7122411602713
2021-03-01 13:00:00,3654.515673500289
2021-03-01 14:00:00,3494.382319407712
2021-03-01 15:00:00,3659.4727666743047
2021-03-01 16:00:00,3664.118665959225
2021-03-01 17:00:00,3823.0304444776557
2021-03-01 18:00:00,3906.7851240707528
2021-03-01 19:00:00,4167.374452956614
2021-03-01 20:00:00,3723.0068795199454
2021-03-01 21:00:00,3160.1397794652344
2021-03-01 22:00:00,3335.5730843163897
2021-03-01 23:00:00,2743.387078987287
2021-03-02 00:00:00,2206.5676757983806
2021-03-02 01:00:00,2316.966748896898
2021-03-02 02:00:00,2388.4656063141206
2021-03-02 03:00:00,2796.9848982710096
2021-03-02 04:00:00,2858.4947426950507
2021-03-02 05:00:00,3239.806019092549
2021-03-02 06:00:00,3780.229981964311
2021-03-02 07:00:00,3821.635518916483
2021-03-02 08:00:00,3977.3644415571553
2021-03-02 09:00:00,3896.7532957585254
2021-03-02 10:00:00,4058.8275492685734
2021-03-02 11:00:00,3630.3645823907395
2021-03-02 12:00:00,3246.4333708085114
2021-03-02 13:00:00,3384.1065911252726
2021-03-02 14:00:00,3453.07688791945
2021-03-02 15:00:00,3194.353886956319
2021-03-02 16:00:00,3440.839172100793
2021-03-02 17:00:00,4055.2356427725094
2021-03-02 18:00:00,3556.9587976760895
2021-03-02 19:00:00,3737.599437331351
2021-03-02 20:00:00,3724.7557025622004
2021-03-02 21:00:00,3809.5497949850273
2021-03-02 22:00:00,3203.2225630566086
2021-03-02 23:00:00,2854.6935103592773
2021-03-03 00:00:00,2431.5978906502555
2021-03-03 01:00:00,2342.948757607069
2021-03-03 02:00:00,2484.8827974365195
2021-03-03 03:00:00,2502.0422738686707
2021-03-03 04:00:00,2961.6243890749315
2021-03-03 05:00:00,3214.447257003852
2021-03-03 06:00:00,3208.4221007295323
2021-03-03 07:00:00,3742.6059302111366
2021-03-03 08:00:00,3949.6259797614252
2021-03-03 09:00:00,3974.448029954415
2021-03-03 10:00:00,3610.071281191989
2021-03-03 11:00:00,3465.5536030686776
2021-03-03 12:00:00,3231.177284485941
2021-03-03 13:00:00,3300.969027659008
2021-03-03 14:00:00,3396.8467758949696
2021-03-03 15:00:00,3394.2116827537457
2021-03-03 16:00:00,3827.5128697081777
2021-03-03 17:00:00,3851.087070911832
2021-03-03 18:00:00,3664.0696120150787
2021-03-03 19:00:00,3809.1163930228226
2021-03-03 20:00:00,3813.366565376952
2021-03-03 21:00:00,3298.036445652078
2021-03-03 22:00:00,3198.9371265446653
2021-03-03 23:00:00,3001.7093039090514
2021-03-04 00:00:00,2284.7667057453823
2021-03-04 01:00:00,2595.1335137542173
2021-03-04 02:00:00,2595.5792074183937
2021-03-04 03:00:00,2691.187013440764
2021-03-04 04:00:00,2968.05045327775
2021-03-04 05:00:00,3305.8900119966074
2021-03-04 06:00:00,3911.6539740794115
2021-03-04 07:00:00,3770.0521071267126
2021-03-04 08:00:00,3726.140803315216
2021-03-04 09:00:00,3831.95045177374
2021-03-04 10:00:00,3449.7704496249494
2021-03-04 11:00:00,3604.613844632134
2021-03-04 12:00:00,3371.090165017134
2021-03-04 13:00:00,3633.255522619799
2021-03-04 14:00:00,3362.1356600250924
2021-03-04 15:00:00,3559.3194101327526
2021-03-04 16:00:00,3680.790626456968
2021-03-04 17:00:00,3873.3671834667093
2021-03-04 18:00:00,3687.479879549586
2021-03-04 19:00:00,3906.0448065540872
2021-03-04 20:00:00,3575.392876499208
2021-03-04 21:00:00,3432.930460036004
2021-03-04 22:00:00,3119.4949231995893
2021-03-04 23:00:00,2779.488528818917
2021-03-05 00:00:00,2169.5447513730355
2021-03-05 01:00:00,2318.150975527365
2021-03-05 02:00:00,2577.7405634605157
2021-03-05 03:00:00,2395.0568184278973
2021-03-05 04:00:00,2757.104662635497
2021-03-05 05:00:00,2885.7142377366217
2021-03-05 06:00:00,3738.718379115428
2021-03-05 07:00:00,3854.9543975871725
2021-03-05 08:00:00,3761.6681100017563
2021-03-05 09:00:00,3732.02480104684
2021-03-05 10:00:00,3810.4721367843995
2021-03-05 11:00:00,3778.0443155280595
2021-03-05 12:00:00,3536.25159036684
2021-03-05 13:00:00,3540.111534312124
2021-03-05 14:00:00,3566.9854162664915
2021-03-05 15:00:00,3799.1592077086907
2021-03-05 16:00:00,3757.650064271422
2021-03-05 17:00:00,3419.115142858124
2021-03-05 18:00:00,3756.199933673263
2021-03-05 19:00:00,3851.612651020548
2021-03-05 20:00:00,3762.2348561984327
2021-03-05 21:00:00,3507.1199851482393
2021-03-05 22:00:00,3527.875884991296
2021-03-05 23:00:00,2908.928858679872
2021-03-06 00:00:00,1865.0140236030402
2021-03-06 01:00:00,1840.7947745299089
2021-03-06 02:00:00,2312.166703149349
2021-03-06 03:00:00,1892.8506698985334
2021-03-06 04:00:00,2339.4722260405406
2021-03-06 05:00:00,2748.502622594927
2021-03-06 06:00:00,2845.8889809731627
2021-03-06 07:00:00,2939.9487469854075
2021-03-06 08:00:00,3305.0482365526823
2021-03-06 09:00:00,3309.2220809488776
2021-03-06 10:00:00,3146.448719203955
2021-03-06 11:00:00,3149.6436428941565
2021-03-06 12:00:00,3176.0342836584086
2021-03-06 13:00:00,2967.7746009781217
2021-03-06 14:00:00,3033.535104212388
2021-03-06 15:00:00,3165.182884164852
2021-03-06 16:00:00,2947.2624473428605
2021-03-06 17:00:00,3182.5653548309156
2021-03-06 18:00:00,3246.4595126096715
2021-03-06 19:00:00,3000.853750033369
2021-03-06 20:00:00,3564.1989912175477
2021-03-06 21:00:00,2891.4172331033283
2021-03-06 22:00:00,2852.323350344823
2021-03-06 23:00:00,2246.2074912288126
2021-03-07 00:00:00,1584.3845898614848
2021-03-07 01:00:00,1824.0305811908872
2021-03-07 02:00:00,1820.1736519935694
2021-03-07 03:00:00,1861.4192502676685
2021-03-07 04:00:00,2531.943235838863
2021-03-07 05:00:00,2436.885574133951
2021-03-07 06:00:00,2712.1921026546256
2021-03-07 07:00:00,2939.4971324332196
2021-03-07 08:00:00,3155.2456435401527
2021-03-07 09:00:00,2820.1415664646916
2021-03-07 10:00:00,2759.781082945889
2021-03-07 11:00:00,2558.2038155247146
2021-03-07 12:00:00,2624.2960934920243
2021-03-07 13:00:00,2544.455761507686
2021-03-07 14:00:00,2319.4085372668847
2021-03-07 15:00:00,2726.799687133535
2021-03-07 16:00:00,2797.5783481316066
2021-03-07 17:00:00,2898.583481553449
2021-03-07 18:00:00,2869.8386525915994
2021-03-07 19:00:00,2957.3196059327356
2021-03-07 20:00:00,2740.6358861605327
2021-03-07 21:00:00,2540.45060886942
2021-03-07 22:00:00,2347.8050418807866
2021-03-07 23:00:00,2315.9559064457735
2021-03-08 00:00:00,2342.487242709676
2021-03-08 01:00:00,2568.375337498496
2021-03-08 02:00:00,2243.0634001747417
2021-03-08 03:00:00,2606.936157916367
2021-03-08 04:00:00,2761.1059122596143
2021-03-08 05:00:00,3105.265435082843
2021-03-08 06:00:00,3304.7522866420372
2021-03-08 07:00:00,3507.251634994652
2021-03-08 08:00:00,3640.8043232915393
2021-03-08 09:00:00,3488.569227782124
2021-03-08 10:00:00,3487.1685200930397
2021-03-08 11:00:00,3455.3827070810075
2021-03-08 12:00:00,3184.331830604359
2021-03-08 13:00:00,3313.1107450837308
2021-03-08 14:00:00,3573.684999562712
2021-03-08 15:00:00,3620.425689040338
2021-03-08 16:00:00,3874.581338351084
2021-03-08 17:00:00,3813.316831227341
2021-03-08 18:00:00,3900.178116374198
2021-03-08 19:00:00,3758.0769766209964
2021-03-08 20:00:00,3402.141968179816
2021-03-08 21:00:00,3462.602211336579
2021-03-08 22:00:00,3075.048004506641
2021-03-08 23:00:00,2988.3410198518386
2021-03-09 00:00:00,2295.2878098905912
2021-03-09 01:00:00,2164.5814665159246
2021-03-09 02:00:00,2438.2595984914315
2021-03-09 03:00:00,2979.824837023128
2021-03-09 04:00:00,2891.4366163683176
2021-03-09 05:00:00,3376.4400172625437
2021-03-09 06:00:00,3429.319936910833
2021-03-09 07:00:00,3754.644945540669
2021-03-09 08:00:00,3923.6827287098067
2021-03-09 09:00:00,4158.025697154169
2021-03-09 10:00:00,3900.907072502149
2021-03-09 11:00:00,3630.4739101793234
2021-03-09 12:00:00,3178.0250223415437
2021-03-09 13:00:00,3196.6449608716416
2021-03-09 14:00:00,3325.381763979353
2021-03-09 15:00:00,3402.954316860065
2021-03-09 16:00:00,3698.2573242385665
2021-03-09 17:00:00,3527.158325107039
2021-03-09 18:00:00,3725.4188157973485
2021-03-09 19:00:00,3709.5337687572974
2021-03-09 20:00:00,3446.503659683593
2021-03-09 21:00:00,3222.988192923511
2021-03-09 22:00:00,3198.8440665638004
2021-03-09 23:00:00,3105.392257167065
2021-03-10 00:00:00,2304.3523068375475
2021-03-10 01:00:00,2403.742225867388
2021-03-10 02:00:00,2681.7611808080806
2021-03-10 03:00:00,2542.3094381322735
2021-03-10 04:00:00,2633.9930310567674
2021-03-10 05:00:00,3148.065347623794
2021-03-10 06:00:00,3510.887489974981
2021-03-10 07:00:00,3458.4524307421148
2021-03-10 08:00:00,3787.8935080497113
2021-03-10 09:00:00,3867.5159028239605
2021-03-10 10:00:00,3489.937942275025
2021-03-10 11:00:00,3472.4958432593994
2021-03-10 12:00:00,3373.6483365299623
2021-03-10 13:00:00,3166.222358177137
2021-03-10 14:00:00,3506.1835476314295
2021-03-10 15:00:00,3607.558510457091
2021-03-10 16:00:00,3652.3189247095447
2021-03-10 17:00:00,3537.8187588271917
2021-03-10 18:00:00,3582.6258891903854
2021-03-10 19:00:00,3835.878328872582
2021-03-10 20:00:00,3254.095416074634
2021-03-10 21:00:00,3489.091861807475
2021-03-10 22:00:00,3076.2113866084205
2021-03-10 23:00:00,2875.7721464146316
2021-03-11 00:00:00,2363.4247249104233
2021-03-11 01:00:00,2123.082949208001
2021-03-11 02:00:00,2566.3157802768505
2021-03-11 03:00:00,2419.3458262640484
2021-03-11 04:00:00,2854.155573352613
2021-03-11 05:00:00,3149.2282457056485
2021-03-11 06:00:00,3626.6892666811696
2021-03-11 07:00:00,3741.257365953079
2021-03-11 08:00:00,4072.1980152462193
2021-03-11 09:00:00,3756.017115909187
2021-03-11 10:00:00,3730.0420059019575
2021-03-11 11:00:00,3373.7129853185565
2021-03-11 12:00:00,3597.342598317903
2021-03-11 13:00:00,3209.873407586808
2021-03-11 14:00:00,3449.650228120421
2021-03-11 15:00:00,3275.568196213774
2021-03-11 16:00:00,3885.9462453501806
2021-03-11 17:00:00,3918.0035603889896
2021-03-11 18:00:00,3698.6063577498016
2021-03-11 19:00:00,3627.095355116019
2021-03-11 20:00:00,3298.0524653210605
2021-03-11 21:00:00,3502.8734152871234
2021-03-11 22:00:00,3179.8832425201736
2021-03-11 23:00:00,3023.5956495913038
2021-03-12 00:00:00,2539.876492241618
2021-03-12 01:00:00,2094.105468532566
2021-03-12 02:00:00,2500.53921590497
2021-03-12 03:00:00,2847.225403455161
2021-03-12 04:00:00,2823.854391593001
2021-03-12 05:00:00,3217.7999184045593
2021-03-12 06:00:00,3321.7923808545697
2021-03-12 07:00:00,3500.5386820992812
2021-03-12 08:00:00,3904.1528710749685
2021-03-12 09:00:00,3878.78013641719
2021-03-12 10:00:00,3840.637059083595
2021-03-12 11:00:00,3484.8268730546206
2021-03-12 12:00:00,3135.5778338223067
2021-03-12 13:00:00,3467.876062344214
2021-03-12 14:00:00,3303.111881735722
2021-03-12 15:00:00,3367.771838643361
2021-03-12 16:00:00,3471.419286024839
2021-03-12 17:00:00,3929.14300010607
2021-03-12 18:00:00,3678.2156935806247
2021-03-12 19:00:00,4023.0165876914643
2021-03-12 20:00:00,3726.1026289868764
2021-03-12 21:00:00,3404.872080311014
2021-03-12 22:00:00,3228.688205810537
2021-03-12 23:00:00,2584.9374911634723
2021-03-13 00:00:00,1983.9005201641073
2021-03-13 01:00:00,1943.1316595891412
2021-03-13 02:00:00,2016.800936572412
2021-03-13 03:00:00,2362.140042647303
2021-03-13 04:00:00,2455.444781175197
2021-03-13 05:00:00,2552.394471020329
2021-03-13 06:00:00,3015.276035861965
2021-03-13 07:00:00,3312.9886324735967
2021-03-13 08:00:00,2997.006752465375
2021-03-13 09:00:00,3250.287828052878
2021-03-13 10:00:00,3266.462651500299
2021-03-13 11:00:00,2750.957331836385
2021-03-13 12:00:00,2803.1868761475553
2021-03-13 13:00:00,2955.4556685151183
2021-03-13 14:00:00,2868.333982872272
2021-03-13 15:00:00,2938.2635881653127
2021-03-13 16:00:00,3138.384472965609
2021-03-13 17:00:00,3236.7011776315057
2021-03-13 18:00:00,3349.633442598937
2021-03-13 19:00:00,3109.905399645968
2021-03-13 20:00:00,2832.4517514609597
2021-03-13 21:00:00,2917.4428566976453
2021-03-13 22:00:00,2688.7473949481346
2021-03-13 23:00:00,2544.4049800215475
2021-03-14 00:00:00,1718.7732552106143
2021-03-14 01:00:00,1615.5535432828244
2021-03-14 02:00:00,1746.8335413843533
2021-03-14 03:00:00,1878.9751325380196
2021-03-14 04:00:00,2046.4400926007888
2021-03-14 05:00:00,2364.0461343215275
2021-03-14 06:00:00,2623.6438103906307
2021-03-14 07:00:00,2514.6024731151037
2021-03-14 08:00:00,2999.003740314322
2021-03-14 09:00:00,2925.405638238984
2021-03-14 10:00:00,3024.542547046102
2021-03-14 11:00:00,2784.807876328789
2021-03-14 12:00:00,2540.5499113124124
2021-03-14 13:00:00,2407.303330144974
2021-03-14 14:00:00,2389.896781622293
2021-03-14 15:00:00,2602.4363938323736
2021-03-14 16:00:00,2830.6109973199996
2021-03-14 17:00:00,2637.678749821322
2021-03-14 18:00:00,2788.832930294042
2021-03-14 19:00:00,2707.4137913495515
2021-03-14 20:00:00,2755.2221118729444
2021-03-14 21:00:00,2627.9536179673587
2021-03-14 22:00:00,2212.6962471755332
2021-03-14 23:00:00,2250.4706484303133
2021-03-15 00:00:00,2114.3420414010106
2021-03-15 01:00:00,2195.766554438933
2021-03-15 02:00:00,2335.7752948951857
2021-03-15 03:00:00,2582.55154407985
2021-03-15 04:00:00,2783.001164177257
2021-03-15 05:00:00,3300.4913613143503
2021-03-15 06:00:00,3033.296002289834
2021-03-15 07:00:00,3403.0935325300256
2021-03-15 08:00:00,3711.9096921649166
2021-03-15 09:00:00,4236.167500550194
2021-03-15 10:00:00,3599.9356005385894
2021-03-15 11:00:00,3655.673873849761
2021-03-15 12:00:00,3193.498972997227
2021-03-15 13:00:00,3186.503488063545
2021-03-15 14:00:00,2891.4911719692172
2021-03-15 15:00:00,3299.7421395441165
2021-03-15 16:00:00,3544.12866871095
2021-03-15 17:00:00,3662.462657557849
2021-03-15 18:00:00,3900.8821154201473
2021-03-15 19:00:00,3877.3283216677805
2021-03-15 20:00:00,3380.673189109774
2021-03-15 21:00:00,3289.4602682546733
2021-03-15 22:00:00,3213.9155336271597
2021-03-15 23:00:00,2781.1285171832296
2021-03-16 00:00:00,2211.70049671104
2021-03-16 01:00:00,2213.9578014868403
2021-03-16 02:00:00,2299.101859794427
2021-03-16 03:00:00,2698.661218733607
2021-03-16 04:00:00,3019.3397447836
2021-03-16 05:00:00,3048.00321308096
2021-03-16 06:00:00,3325.286360902069
2021-03-16 07:00:00,3563.7684170130456
2021-03-16 08:00:00,4007.15028151674
2021-03-16 09:00:00,3379.985033887437
2021-03-16 10:00:00,3555.9152941922257
2021-03-16 11:00:00,3541.620172031581
2021-03-16 12:00:00,3462.5719826754002
2021-03-16 13:00:00,3157.439882452502
2021-03-16 14:00:00,3084.1906023077504
2021-03-16 15:00:00,3281.7420044165074
2021-03-16 16:00:00,3139.799034957505
2021-03-16 17:00:00,3399.9660356420336
2021-03-16 18:00:00,3489.563188594938
2021-03-16 19:00:00,3808.870862921092
2021-03-16 20:00:00,3759.1825052608656
2021-03-16 21:00:00,3596.7013408617886
2021-03-16 22:00:00,3370.912692705997
2021-03-16 23:00:00,2946.8239641246437
2021-03-17 00:00:00,2198.471193873057
2021-03-17 01:00:00,2315.1698648517063
2021-03-17 02:00:00,2580.822794992202
2021-03-17 03:00:00,2562.120004748917
2021-03-17 04:00:00,2823.452994112527
2021-03-17 05:00:00,3407.7800462048485
2021-03-17 06:00:00,3342.101971543962
2021-03-17 07:00:00,3765.5082885428606
2021-03-17 08:00:00,3806.9177749588134
2021-03-17 09:00:00,3672.973443286114
2021-03-17 10:00:00,3449.8475279077693
2021-03-17 11:00:00,3474.556997450608
2021-03-17 12:00:00,3671.3011319718203
2021-03-17 13:00:00,3334.993544501966
2021-03-17 14:00:00,3420.442991974865
2021-03-17 15:00:00,3478.912897603568
2021-03-17 16:00:00,3613.2328708183695
2021-03-17 17:00:00,3450.3824727474125
2021-03-17 18:00:00,3202.2060029063828
2021-03-17 19:00:00,3526.6408128045687
2021-03-17 20:00:00,3245.600126942339
2021-03-17 21:00:00,3408.37673782645
2021-03-17 22:00:00,2904.9038852946096
2021-03-17 23:00:00,2964.5801082245453
2021-03-18 00:00:00,2276.318856326046
2021-03-18 01:00:00,2177.199066981194
2021-03-18 02:00:00,2327.9308188855016
2021-03-18 03:00:00,2534.4857161433365
2021-03-18 04:00:00,2958.850647508662
2021-03-18 05:00:00,3062.913828395541
2021-03-18 06:00:00,3299.013281634481
2021-03-18 07:00:00,3917.704316434592
2021-03-18 08:00:00,3504.6964959874567
2021-03-18 09:00:00,3906.875187045908
2021-03-18 10:00:00,3674.0617596126053
2021-03-18 11:00:00,3225.448416828874
2021-03-18 12:00:00,3279.1181664601922
2021-03-18 13:00:00,3516.6854361089395
2021-03-18 14:00:00,3194.067020641512
2021-03-18 15:00:00,3365.9114602738296
2021-03-18 16:00:00,3551.747007385509
2021-03-18 17:00:00,3715.58643415341
2021-03-18 18:00:00,4044.9380665863678
2021-03-18 19:00:00,3802.292649933313
2021-03-18 20:00:00,3507.515808864419
2021-03-18 21:00:00,3377.290832133797
2021-03-18 22:00:00,2843.9087137227784
2021-03-18 23:00:00,2892.635734011256
2021-03-19 00:00:00,2086.7659076048362
2021-03-19 01:00:00,1983.0653504006789
2021-03-19 02:00:00,2345.3854648529446
2021-03-19 03:00:00,2402.679699090821
2021-03-19 04:00:00,2692.0487549604013
2021-03-19 05:00:00,3159.910582013934
2021-03-19 06:00:00,3182.3331788702562
2021-03-19 07:00:00,3284.950437664092
2021-03-19 08:00:00,3809.2120786271994
2021-03-19 09:00:00,3539.700927146424
2021-03-19 10:00:00,3662.713440829011
2021-03-19 11:00:00,3344.567150532172
2021-03-19 12:00:00,3048.1644924725383
2021-03-19 13:00:00,3351.748718589786
2021-03-19 14:00:00,3077.3393485445613
2021-03-19 15:00:00,3360.241053316388
2021-03-19 16:00:00,3689.586617239508
2021-03-19 17:00:00,3554.2947798164005
2021-03-19 18:00:00,3612.8979437103726
2021-03-19 19:00:00,3783.1239972720587
2021-03-19 20:00:00,3216.8689217267906
2021-03-19 21:00:00,3421.4344516748242
2021-03-19 22:00:00,2999.830595648187
2021-03-19 23:00:00,3041.0650002612324
2021-03-20 00:00:00,1912.3345848209412
2021-03-20 01:00:00,2010.5312786028471
2021-03-20 02:00:00,1786.2497940310764
2021-03-20 03:00:00,2270.540719392333
2021-03-20 04:00:00,2039.5008278878393
2021-03-20 05:00:00,2550.077186854782
2021-03-20 06:00:00,2799.284427642883
2021-03-20 07:00:00,3138.7934773323873
2021-03-20 08:00:00,3084.755748003393
2021-03-20 09:00:00,3168.9481546670427
2021-03-20 10:00:00,2989.1991099658444
2021-03-20 11:00:00,2714.6577347491425
2021-03-20 12:00:00,2752.8238954625235
2021-03-20 13:00:00,2769.6243270890823
2021-03-20 14:00:00,2793.6864275094167
2021-03-20 15:00:00,2911.486288369593
2021-03-20 16:00:00,3204.881235027006
2021-03-20 17:00:00,3186.5686700442247
2021-03-20 18:00:00,3197.348753677784
2021-03-20 19:00:00,3085.2419318613515
2021-03-20 20:00:00,2937.884075728621
2021-03-20 21:00:00,2872.45552931818
2021-03-20 22:00:00,2672.670413782583
2021-03-20 23:00:00,2483.3742357248816
2021-03-21 00:00:00,1669.3350740951291
2021-03-21 01:00:00,1634.7175823838452
2021-03-21 02:00:00,1806.3354686312146
2021-03-21 03:00:00,2067.119072206224
2021-03-21 04:00:00,2222.687079427946
2021-03-21 05:00:00,2407.6849529992337
2021-03-21 06:00:00,2546.7363353551787
2021-03-21 07:00:00,2857.11631786938
2021-03-21 08:00:00,2814.812465206578
2021-03-21 09:00:00,2698.7863041894475
2021-03-21 10:00:00,2709.9904842620576
2021-03-21 11:00:00,2590.645458613353
2021-03-21 12:00:00,2641.167073181627
2021-03-21 13:00:00,2593.2227130662686
2021-03-21 14:00:00,2279.475158807886
2021-03-21 15:00:00,2690.88646926576
2021-03-21 16:00:00,2626.171497417681
2021-03-21 17:00:00,2478.725286662407
2021-03-21 18:00:00,2841.7313701858598
2021-03-21 19:00:00,2760.535845618767
2021-03-21 20:00:00,2760.586700786772
2021-03-21 21:00:00,2408.181549406376
2021-03-21 22:00:00,2230.970018576378
2021-03-21 23:00:00,2161.320577489433
2021-03-22 00:00:00,2345.0546670499257
2021-03-22 01:00:00,2349.614275873239
2021-03-22 02:00:00,2339.5756977569763
2021-03-22 03:00:00,2407.13284508898
2021-03-22 04:00:00,2719.5076873153666
2021-03-22 05:00:00,2889.7039635266897
2021-03-22 06:00:00,3393.438537632712
2021-03-22 07:00:00,3439.695576416634
2021-03-22 08:00:00,3905.9626409961857
2021-03-22 09:00:00,3452.5849701501993
2021-03-22 10:00:00,3525.606252245305
2021-03-22 11:00:00,3460.0564440139165
2021-03-22 12:00:00,3067.8697230771686
2021-03-22 13:00:00,3003.65436077257
2021-03-22 14:00:00,3386.4158627213615
2021-03-22 15:00:00,3459.5736694677453
2021-03-22 16:00:00,3671.286623264658
2021-03-22 17:00:00,3900.0952464069765
2021-03-22 18:00:00,3106.477145275089
2021-03-22 19:00:00,3374.878099204785
2021-03-22 20:00:00,3511.3754285867158
2021-03-22 21:00:00,3159.7600127246874
2021-03-22 22:00:00,3076.242085155262
2021-03-22 23:00:00,2544.8071030706988
2021-03-23 00:00:00,2224.7571203242
2021-03-23 01:00:00,2181.8867057324433
2021-03-23 02:00:00,2420.479338680887
2021-03-23 03:00:00,2616.152622106725
2021-03-23 04:00:00,2593.598176381768
2021-03-23 05:00:00,3240.8523425781573
2021-03-23 06:00:00,3217.7344567937043
2021-03-23 07:00:00,3912.5530812847674
2021-03-23 08:00:00,3946.97930428358
2021-03-23 09:00:00,3514.7145185902414
2021-03-23 10:00:00,3601.710853281947
2021-03-23 11:00:00,3377.945238807862
2021-03-23 12:00:00,3252.531829685472
2021-03-23 13:00:00,3109.9192098790404
2021-03-23 14:00:00,3213.9198145433024
2021-03-23 15:00:00,3238.1901333817405
2021-03-23 16:00:00,3735.042682666475
2021-03-23 17:00:00,3395.1812944089615
2021-03-23 18:00:00,3319.1959345444284
2021-03-23 19:00:00,3866.359834114177
2021-03-23 20:00:00,3423.76570081439
2021-03-23 21:00:00,2970.5599130263136
2021-03-23 22:00:00,3061.480877440617
2021-03-23 23:00:00,2821.2035580913307
2021-03-24 00:00:00,2002.227655206387
2021-03-24 01:00:00,2310.5536181689995
2021-03-24 02:00:00,2588.412403250868
2021-03-24 03:00:00,2637.083127185003
2021-03-24 04:00:00,2733.9086883896616
2021-03-24 05:00:00,2922.2298558050743
2021-03-24 06:00:00,3476.2795798986062
2021-03-24 07:00:00,3562.4979049393237
2021-03-24 08:00:00,3645.221681439043
2021-03-24 09:00:00,3973.693056108909
2021-03-24 10:00:00,3707.4712632213445
2021-03-24 11:00:00,3508.5483831752667
2021-03-24 12:00:00,3198.4464063310115
2021-03-24 13:00:00,3458.231607520498
2021-03-24 14:00:00,3407.0037744633996
2021-03-24 15:00:00,3541.711815314837
2021-03-24 16:00:00,3185.4628687977215
2021-03-24 17:00:00,3673.5556262727087
2021-03-24 18:00:00,3857.988907557232
2021-03-24 19:00:00,3613.9929577766407
2021-03-24 20:00:00,3313.4342626942907
2021-03-24 21:00:00,3109.6696770145077
2021-03-24 22:00:00,3035.5151364879166
2021-03-24 23:00:00,2712.585690773129
2021-03-25 00:00:00,2212.2311616331685
2021-03-25 01:00:00,2282.961525634545
2021-03-25 02:00:00,2298.1396545438593
2021-03-25 03:00:00,2530.8414340274467
2021-03-25 04:00:00,2557.7166983959405
2021-03-25 05:00:00,3322.9902921946455
2021-03-25 06:00:00,3538.603522173265
2021-03-25 07:00:00,3420.5581499938885
2021-03-25 08:00:00,3548.774096607049
2021-03-25 09:00:00,3740.537041887907
2021-03-25 10:00:00,3592.457560187898
2021-03-25 11:00:00,3121.5938394383325
2021-03-25 12:00:00,3133.886802458249
2021-03-25 13:00:00,3238.896664686566
2021-03-25 14:00:00,3152.0507439689554
2021-03-25 15:00:00,3288.581668913818
2021-03-25 16:00:00,3334.123847514562
2021-03-25 17:00:00,3641.199367228195
2021-03-25 18:00:00,3344.7778192113374
2021-03-25 19:00:00,3617.331552375588
2021-03-25 20:00:00,3399.063244991059
2021-03-25 21:00:00,3298.9124441326035
2021-03-25 22:00:00,2842.9809329981053
2021-03-25 23:00:00,2788.8435632864434
2021-03-26 00:00:00,2183.8966506157913
2021-03-26 01:00:00,2113.2701998593225
2021-03-26 02:00:00,2371.3389433115285
2021-03-26 03:00:00,2288.5190705095306
2021-03-26 04:00:00,2767.922294021539
2021-03-26 05:00:00,3074.393081781332
2021-03-26 06:00:00,3444.706070401518
2021-03-26 07:00:00,3928.238946599414
2021-03-26 08:00:00,3552.2965951489236
2021-03-26 09:00:00,3712.420324278963
2021-03-26 10:00:00,3579.1135710783246
2021-03-26 11:00:00,3441.713044970367
2021-03-26 12:00:00,3412.526329141968
2021-03-26 13:00:00,3043.264296135066
2021-03-26 14:00:00,2974.355981071722
2021-03-26 15:00:00,3513.246616660926
2021-03-26 16:00:00,3482.256432417674
2021-03-26 17:00:00,3851.9657660158505
2021-03-26 18:00:00,3658.519754720588
2021-03-26 19:00:00,3360.922527810959
2021-03-26 20:00:00,3404.388433376642
2021-03-26 21:00:00,3173.4956728934762
2021-03-26 22:00:00,2863.247537366607
2021-03-26 23:00:00,3054.0066805114266
2021-03-27 00:00:00,1710.3425882676781
2021-03-27 01:00:00,2060.24066782739
2021-03-27 02:00:00,2001.3499552541657
2021-03-27 03:00:00,2126.383874711321
2021-03-27 04:00:00,2302.754816118866
2021-03-27 05:00:00,2656.7857349474066
2021-03-27 06:00:00,2859.609546214161
2021-03-27 07:00:00,3275.0533678627953
2021-03-27 08:00:00,2922.851014997645
2021-03-27 09:00:00,3194.139897231002
2021-03-27 10:00:00,2996.696582251039
2021-03-27 11:00:00,2855.3122920855717
2021-03-27 12:00:00,2775.984067286815
2021-03-27 13:00:00,2578.2860258916294
2021-03-27 14:00:00,2978.092525624228
2021-03-27 15:00:00,2725.772419584659
2021-03-27 16:00:00,2732.02039026296
2021-03-27 17:00:00,3151.7207734705053
2021-03-27 18:00:00,3037.941410595993
2021-03-27 19:00:00,2826.8126570695085
2021-03-27 20:00:00,2953.6004122006702
2021-03-27 21:00:00,2770.831338154909
2021-03-27 22:00:00,2812.2482656112456
2021-03-27 23:00:00,2467.399983919057
2021-03-28 00:00:00,1688.5392050276755
2021-03-28 01:00:00,1602.5405366075881
2021-03-28 02:00:00,1851.6624489363676
2021-03-28 03:00:00,1977.2503392988206
2021-03-28 04:00:00,2132.6831185218425
2021-03-28 05:00:00,2383.1351339427274
2021-03-28 06:00:00,2376.7941215333094
2021-03-28 07:00:00,2861.8847232775856
2021-03-28 08:00:00,2668.9667169897375
2021-03-28 09:00:00,2684.6482259370473
2021-03-28 10:00:00,3060.9761650546993
2021-03-28 11:00:00,2398.9478645153526
2021-03-28 12:00:00,2158.2088966114343
2021-03-28 13:00:00,2382.2313307293616
2021-03-28 14:00:00,2562.598149945318
2021-03-28 15:00:00,2487.434385598509
2021-03-28 16:00:00,2885.7746393447233
2021-03-28 17:00:00,2799.174429405013
2021-03-28 18:00:00,2957.066538742371
2021-03-28 19:00:00,2665.0270180932935
2021-03-28 20:00:00,2586.6903133187893
2021-03-28 21:00:00,2221.8925391654634
2021-03-28 22:00:00,2202.4507568962063
2021-03-28 23:00:00,2129.822864176584
2021-03-29 00:00:00,2254.4376829980633
2021-03-29 01:00:00,2095.3461134570484
2021-03-29 02:00:00,2359.725904127648
2021-03-29 03:00:00,2572.473680354322
2021-03-29 04:00:00,2783.3631249107457
2021-03-29 05:00:00,3258.397935208987
2021-03-29 06:00:00,3173.233757746468
2021-03-29 07:00:00,3556.825526861531
2021-03-29 08:00:00,3507.0348789977284
2021-03-29 09:00:00,3408.6313454884344
2021-03-29 10:00:00,3448.2319159452018
2021-03-29 11:00:00,3482.0784084325205
2021-03-29 12:00:00,3126.1877310614605
2021-03-29 13:00:00,2979.379597457016
2021-03-29 14:00:00,3028.0987986748596
2021-03-29 15:00:00,3286.7285804644844
2021-03-29 16:00:00,3148.9558567803633
2021-03-29 17:00:00,3834.1859443576695
2021-03-29 18:00:00,3828.0345613560244
2021-03-29 19:00:00,3536.453705537124
2021-03-29 20:00:00,3536.299405937352
2021-03-29 21:00:00,3363.722558905977
2021-03-29 22:00:00,2898.723725761696
2021-03-29 23:00:00,2533.1406154051638
2021-03-30 00:00:00,2041.9307560550044
2021-03-30 01:00:00,2160.4676605821173
2021-03-30 02:00:00,2326.306266926605
2021-03-30 03:00:00,2530.941407271377
2021-03-30 04:00:00,2827.866464520307
2021-03-30 05:00:00,2736.277690296689
2021-03-30 06:00:00,3395.8737342776913
2021-03-30 07:00:00,3497.126909841958
2021-03-30 08:00:00,3617.6004520801325
2021-03-30 09:00:00,3552.8322584597727
2021-03-30 10:00:00,3375.3334601770125
2021-03-30 11:00:00,3079.1748925616203
2021-03-30 12:00:00,3209.795967575692
2021-03-30 13:00:00,3052.6754866261967
2021-03-30 14:00:00,3239.9501025015243
2021-03-30 15:00:00,3319.5784774089307
2021-03-30 16:00:00,3528.3790432647993
2021-03-30 17:00:00,3620.914516112334
2021-03-30 18:00:00,3551.090119466038
2021-03-30 19:00:00,3679.6811520904057
2021-03-30 20:00:00,3420.9102653652117
2021-03-30 21:00:00,3357.250072547195
2021-03-30 22:00:00,3220.8335964505613
2021-03-30 23:00:00,2947.0132793859975
2021-03-31 00:00:00,2151.392139285086
2021-03-31 01:00:00,2220.837886699897
2021-03-31 02:00:00,2360.5510546763453
2021-03-31 03:00:00,2461.539738054324
2021-03-31 04:00:00,2788.496288783191
2021-03-31 05:00:00,3008.453835230556
2021-03-31 06:00:00,3240.5969984381377
2021-03-31 07:00:00,3731.200400800421
2021-03-31 08:00:00,3674.892487227202
2021-03-31 09:00:00,3536.40702600361
2021-03-31 10:00:00,3148.706619430868
2021-03-31 11:00:00,3510.928019987422
2021-03-31 12:00:00,3427.1879653337214
2021-03-31 13:00:00,3168.616630972632
2021-03-31 14:00:00,3209.527800540927
2021-03-31 15:00:00,3278.03317732507
2021-03-31 16:00:00,3285.3623761225076
2021-03-31 17:00:00,3410.6801776384327
2021-03-31 18:00:00,3281.7596328184286
2021-03-31 19:00:00,3272.274458481045
2021-03-31 20:00:00,3450.3324087886394
2021-03-31 21:00:00,2984.671931883482
2021-03-31 22:00:00,3068.596540568903
2021-03-31 23:00:00,2990.299407823853
2021-04-01 00:00:00,2246.5381201871432
2021-04-01 01:00:00,2188.5079315224407
2021-04-01 02:00:00,2213.3469800124653
2021-04-01 03:00:00,2405.7828563147355
2021-04-01 04:00:00,2822.716643462079
2021-04-01 05:00:00,3168.0038428175767
2021-04-01 06:00:00,3290.254853498281
2021-04-01 07:00:00,3206.6394843994904
2021-04-01 08:00:00,3656.140537064008
2021-04-01 09:00:00,3715.6356047570457
2021-04-01 10:00:00,3528.140798729394
2021-04-01 11:00:00,3277.8081499767113
2021-04-01 12:00:00,2891.519237611675
2021-04-01 13:00:00,3022.0900739247804
2021-04-01 14:00:00,3133.5089406297225
2021-04-01 15:00:00,3120.165611050622
2021-04-01 16:00:00,3579.5150580078716
2021-04-01 17:00:00,3584.2179212457063
2021-04-01 18:00:00,3501.4653701170682
2021-04-01 19:00:00,3505.0091667889815
2021-04-01 20:00:00,3365.663296005626
2021-04-01 21:00:00,3422.6078924168814
2021-04-01 22:00:00,2874.430110638727
2021-04-01 23:00:00,2952.2657949615227
2021-04-02 00:00:00,2024.6884225271888
2021-04-02 01:00:00,2161.4230601171944
2021-04-02 02:00:00,2434.896274376849
2021-04-02 03:00:00,2422.2448656103784
2021-04-02 04:00:00,2554.3137301214047
2021-04-02 05:00:00,3148.8907067696855
2021-04-02 06:00:00,3061.8751764827757
2021-04-02 07:00:00,3447.4208184291397
2021-04-02 08:00:00,3512.7109456078215
2021-04-02 09:00:00,3489.465265370629
2021-04-02 10:00:00,3544.4934194216007
2021-04-02 11:00:00,3264.6564207714796
2021-04-02 12:00:00,3201.5059974680066
2021-04-02 13:00:00,3181.5703000907356
2021-04-02 14:00:00,3290.7380313912245
2021-04-02 15:00:00,3409.4546158593303
2021-04-02 16:00:00,3592.993693663039
2021-04-02 17:00:00,3695.920254425268
2021-04-02 18:00:00,3629.973878506327
2021-04-02 19:00:00,3545.9555749386377
2021-04-02 20:00:00,3260.026533110506
2021-04-02 21:00:00,2843.1780927925993
2021-04-02 22:00:00,2889.7999203504755
2021-04-02 23:00:00,2812.6636378756116
2021-04-03 00:00:00,1699.4651253315371
2021-04-03 01:00:00,1925.31634046959
2021-04-03 02:00:00,1871.9139279461585
2021-04-03 03:00:00,2182.6838902647596
2021-04-03 04:00:00,2443.8978625871323
2021-04-03 05:00:00,2572.0757958582562
2021-04-03 06:00:00,2700.862370136624
2021-04-03 07:00:00,3139.450776607441
2021-04-03 08:00:00,3164.5380388416547
2021-04-03 09:00:00,3240.6497394583803
2021-04-03 10:00:00,2870.5025876857285
2021-04-03 11:00:00,2826.6261233374867
2021-04-03 12:00:00,2606.878952923095
2021-04-03 13:00:00,2610.1911574259175
2021-04-03 14:00:00,2771.133429110992
2021-04-03 15:00:00,2773.0123749585846
2021-04-03 16:00:00,2885.287428029078
2021-04-03 17:00:00,2989.0812357908703
2021-04-03 18:00:00,3005.8645070621096
2021-04-03 19:00:00,2720.746095387979
2021-04-03 20:00:00,2864.924456285128
2021-04-03 21:00:00,2453.395523987293
2021-04-03 22:00:00,2541.3669943732366
2021-04-03 23:00:00,2326.5127291404037
2021-04-04 00:00:00,1606.3857124550796
2021-04-04 01:00:00,1724.8954636365738
2021-04-04 02:00:00,1785.735878920222
2021-04-04 03:00:00,1890.8833587347424
2021-04-04 04:00:00,1932.3067319683796
2021-04-04 05:00:00,2408.685719854376
2021-04-04 06:00:00,2314.157435288059
2021-04-04 07:00:00,2455.854137799225
2021-04-04 08:00:00,2824.6479467159816
2021-04-04 09:00:00,2788.6999161459594
2021-04-04 10:00:00,2458.9430871462678
2021-04-04 11:00:00,2373.6629795277086
2021-04-04 12:00:00,2377.8895916026286
2021-04-04 13:00:00,2435.289920482746
2021-04-04 14:00:00,2446.004265374787
2021-04-04 15:00:00,2571.0860614617577
2021-04-04 16:00:00,2666.987063275222
2021-04-04 17:00:00,2606.729116588271
2021-04-04 18:00:00,2735.2349496860065
2021-04-04 19:00:00,2710.119133931984
2021-04-04 20:00:00,2731.776166129003
2021-04-04 21:00:00,2468.418771954209
2021-04-04 22:00:00,2443.3265937615624
2021-04-04 23:00:00,2064.351638631065
2021-04-05 00:00:00,2146.298545767537
2021-04-05 01:00:00,2383.267070340309
2021-04-05 02:00:00,2018.7283250776838
2021-04-05 03:00:00,2366.319428082711
2021-04-05 04:00:00,2776.329571869584
2021-04-05 05:00:00,2964.5349354141267
2021-04-05 06:00:00,3291.0216641437783
2021-04-05 07:00:00,3691.134790832937
2021-04-05 08:00:00,3320.230377292937
2021-04-05 09:00:00,3379.624130256311
2021-04-05 10:00:00,3245.0731690109396
2021-04-05 11:00:00,3517.4300216912447
2021-04-05 12:00:00,3290.0340993809336
2021-04-05 13:00:00,3155.780415614208
2021-04-05 14:00:00,2782.8155519714032
2021-04-05 15:00:00,2810.389661611461
2021-04-05 16:00:00,3400.357353771741
2021-04-05 17:00:00,3660.589295605532
2021-04-05 18:00:00,3451.042459047645
2021-04-05 19:00:00,3590.374218633069
2021-04-05 20:00:00,3125.6624872186085
2021-04-05 21:00:00,3298.394772813731
2021-04-05 22:00:00,2956.8931880247487
2021-04-05 23:00:00,2865.853123580253
2021-04-06 00:00:00,2061.5625757808293
2021-04-06 01:00:00,2316.3130410827343
2021-04-06 02:00:00,2305.2931094703795
2021-04-06 03:00:00,2395.6291896708476
2021-04-06 04:00:00,2677.4785887909493
2021-04-06 05:00:00,2904.561790453988
2021-04-06 06:00:00,2865.1562858684424
2021-04-06 07:00:00,3732.8249409036193
2021-04-06 08:00:00,3586.5462315322598
2021-04-06 09:00:00,3703.248239545039
2021-04-06 10:00:00,3511.7070219094835
2021-04-06 11:00:00,3085.5452914898915
2021-04-06 12:00:00,3128.711233338065
2021-04-06 13:00:00,3083.521429065665
2021-04-06 14:00:00,3317.756006314348
2021-04-06 15:00:00,3317.6421223908505
2021-04-06 16:00:00,3257.1116112894056
2021-04-06 17:00:00,3384.0466827143946
2021-04-06 18:00:00,3523.291452816944
2021-04-06 19:00:00,3571.341158144189
2021-04-06 20:00:00,3450.9526677644676
2021-04-06 21:00:00,3290.704197503642
2021-04-06 22:00:00,3000.3743294517903
2021-04-06 23:00:00,2773.697087583838
2021-04-07 00:00:00,2297.0500207844716
2021-04-07 01:00:00,2062.326909601549
2021-04-07 02:00:00,2423.7651821234076
2021-04-07 03:00:00,2356.2732492716978
2021-04-07 04:00:00,2701.133327653601
2021-04-07 05:00:00,3153.1411988957734
2021-04-07 06:00:00,3180.5722652197687
2021-04-07 07:00:00,3210.2856936150943
2021-04-07 08:00:00,3767.0263492004715
2021-04-07 09:00:00,3352.5360815756803
2021-04-07 10:00:00,3589.2353068844563
2021-04-07 11:00:00,3173.054062560333
2021-04-07 12:00:00,2996.4037991134205
2021-04-07 13:00:00,3362.3285101460137
2021-04-07 14:00:00,2977.2838450990134
2021-04-07 15:00:00,3402.792965249111
2021-04-07 16:00:00,3422.619431435667
2021-04-07 17:00:00,3626.490194424771
2021-04-07 18:00:00,3642.6962676000376
2021-04-07 19:00:00,3038.9127179064694
2021-04-07 20:00:00,3481.983871192511
2021-04-07 21:00:00,3273.97511999034
2021-04-07 22:00:00,2882.085218801715
2021-04-07 23:00:00,2580.5074167018142
2021-04-08 00:00:00,2211.420146948772
2021-04-08 01:00:00,2075.590279222703
2021-04-08 02:00:00,2457.617643111802
2021-04-08 03:00:00,2355.783899063235
2021-04-08 04:00:00,2655.3837322431823
2021-04-08 05:00:00,2822.0295905306084
2021-04-08 06:00:00,3252.9188186920796
2021-04-08 07:00:00,3561.2376699523807
2021-04-08 08:00:00,3408.556188049463
2021-04-08 09:00:00,3256.6768273955095
2021-04-08 10:00:00,3468.415478394197
2021-04-08 11:00:00,3052.3375696964895
2021-04-08 12:00:00,3078.3225978010323
2021-04-08 13:00:00,3183.8141352213015
2021-04-08 14:00:00,2999.249267748609
2021-04-08 15:00:00,3045.1045438460915
2021-04-08 16:00:00,3163.382030114081
2021-04-08 17:00:00,3447.419267468704
2021-04-08 18:00:00,3565.583451156724
2021-04-08 19:00:00,3493.6009207816687
2021-04-08 20:00:00,3333.825344937831
2021-04-08 21:00:00,3236.9713276181187
2021-04-08 22:00:00,2909.034307459818
2021-04-08 23:00:00,2638.351068574248
2021-04-09 00:00:00,2141.8398543599274
2021-04-09 01:00:00,2052.2907645939745
2021-04-09 02:00:00,2092.167683659993
2021-04-09 03:00:00,2560.729844389305
2021-04-09 04:00:00,2400.3996006087496
2021-04-09 05:00:00,2696.924421914741
2021-04-09 06:00:00,3066.5136162751055
2021-04-09 07:00:00,3170.672033526001
2021-04-09 08:00:00,3303.2703574046127
2021-04-09 09:00:00,3428.018922394606
2021-04-09 10:00:00,3546.276346996441
2021-04-09 11:00:00,3397.102742570876
2021-04-09 12:00:00,3330.7671627215964
2021-04-09 13:00:00,3391.6369238095795
2021-04-09 14:00:00,2845.95467709511
2021-04-09 15:00:00,3204.628521074739
2021-04-09 16:00:00,3428.979670560374
2021-04-09 17:00:00,3399.6749080592026
2021-04-09 18:00:00,3592.2612340745773
2021-04-09 19:00:00,3513.952982166737
2021-04-09 20:00:00,3176.6810327735807
2021-04-09 21:00:00,2786.8791516728047
2021-04-09 22:00:00,3024.68466605547
2021-04-09 23:00:00,2766.2107622881435
2021-04-10 00:00:00,1766.3919068863265
2021-04-10 01:00:00,1820.1611579252374
2021-04-10 02:00:00,2017.4472040417124
2021-04-10 03:00:00,1935.4438944719575
2021-04-10 04:00:00,2192.6483073203117
2021-04-10 05:00:00,2564.677074780538
2021-04-10 06:00:00,2866.6918717489484
2021-04-10 07:00:00,2799.990511672238
2021-04-10 08:00:00,2948.5162840028
2021-04-10 09:00:00,2989.5313786838647
2021-04-10 10:00:00,2904.72521483335
2021-04-10 11:00:00,2885.4061421424017
2021-04-10 12:00:00,2575.441464463542
2021-04-10 13:00:00,2555.0953997353545
2021-04-10 14:00:00,2785.526512678698
2021-04-10 15:00:00,2879.6195798314234
2021-04-10 16:00:00,2853.687080078454
2021-04-10 17:00:00,2776.519387474132
2021-04-10 18:00:00,2972.788884364248
2021-04-10 19:00:00,2761.143062289122
2021-04-10 20:00:00,2645.7373173529554
2021-04-10 21:00:00,2452.2386629314556
2021-04-10 22:00:00,2435.9555540960496
2021-04-10 23:00:00,2464.6852273240565
2021-04-11 00:00:00,1739.8892491765146
2021-04-11 01:00:00,1541.269916802519
2021-04-11 02:00:00,1676.3545746043435
2021-04-11 03:00:00,1923.8900947303832
2021-04-11 04:00:00,2034.8679978217256
2021-04-11 05:00:00,2113.9338565116595
2021-04-11 06:00:00,2549.3898901360994
2021-04-11 07:00:00,2510.7127528896153
2021-04-11 08:00:00,2434.541791229514
2021-04-11 09:00:00,2868.076735687446
2021-04-11 10:00:00,2457.632736160281
2021-04-11 11:00:00,2195.590141036376
2021-04-11 12:00:00,2343.7670506343725
2021-04-11 13:00:00,2228.2268111972885
2021-04-11 14:00:00,2431.5652763956437
2021-04-11 15:00:00,2330.844360755674
2021-04-11 16:00:00,2564.575872245107
2021-04-11 17:00:00,2349.923868690619
2021-04-11 18:00:00,2638.129867915002
2021-04-11 19:00:00,2503.3925131429155
2021-04-11 20:00:00,2403.217221963538
2021-04-11 21:00:00,2161.5818921177906
2021-04-11 22:00:00,2187.453793509086
2021-04-11 23:00:00,2086.7059650312326
2021-04-12 00:00:00,2154.9463543395814
2021-04-12 01:00:00,1906.0348113318705
2021-04-12 02:00:00,2276.0828122242256
2021-04-12 03:00:00,2499.2003269143725
2021-04-12 04:00:00,2579.981587876375
2021-04-12 05:00:00,3070.639519015823
2021-04-12 06:00:00,3307.546867735106
2021-04-12 07:00:00,3317.6344606826015
2021-04-12 08:00:00,3818.0566389074133
2021-04-12 09:00:00,3426.6839891979384
2021-04-12 10:00:00,3412.293654190744
2021-04-12 11:00:00,3178.0311709434113
2021-04-12 12:00:00,3037.892079992111
2021-04-12 13:00:00,2923.213918764882
2021-04-12 14:00:00,3077.390263869274
2021-04-12 15:00:00,3026.565537260804
2021-04-12 16:00:00,3365.015930276136
2021-04-12 17:00:00,3362.1770952282927
2021-04-12 18:00:00,3643.956585577998
2021-04-12 19:00:00,3439.6047965041043
2021-04-12 20:00:00,3520.414137380631
2021-04-12 21:00:00,3107.743318543307
2021-04-12 22:00:00,3056.499894226594
2021-04-12 23:00:00,2685.151377335156
2021-04-13 00:00:00,2189.724392109768
2021-04-13 01:00:00,2205.8129910297475
2021-04-13 02:00:00,2209.575852736606
2021-04-13 03:00:00,2336.7543107499173
2021-04-13 04:00:00,2704.206166471502
2021-04-13 05:00:00,2928.894746360606
2021-04-13 06:00:00,2896.607046784152
2021-04-13 07:00:00,3397.242262742348
2021-04-13 08:00:00,3611.8282513101362
2021-04-13 09:00:00,2972.4862260719756
2021-04-13 10:00:00,3398.4207951358517
2021-04-13 11:00:00,2885.836311513831
2021-04-13 12:00:00,3094.121036323359
2021-04-13 13:00:00,2756.470766681502
2021-04-13 14:00:00,3257.8323499630474
2021-04-13 15:00:00,3116.804386222213
2021-04-13 16:00:00,3247.6045206163094
2021-04-13 17:00:00,3308.8958615321885
2021-04-13 18:00:00,3420.9298739738806
2021-04-13 19:00:00,3580.025078033654
2021-04-13 20:00:00,3041.0205643093714
2021-04-13 21:00:00,2936.958590723497
2021-04-13 22:00:00,2758.283404933478
2021-04-13 23:00:00,2717.2020176042206
2021-04-14 00:00:00,1863.4975448572368
2021-04-14 01:00:00,2266.5324606643853
2021-04-14 02:00:00,2149.472951774249
2021-04-14 03:00:00,2231.0589807672272
2021-04-14 04:00:00,2513.0572010974065
2021-04-14 05:00:00,2893.2339505469067
2021-04-14 06:00:00,3027.42381134955
2021-04-14 07:00:00,3347.676324078172
2021-04-14 08:00:00,3442.522564695629
2021-04-14 09:00:00,3193.5925849584037
2021-04-14 10:00:00,3338.9035586106866
2021-04-14 11:00:00,3207.958826713401
2021-04-14 12:00:00,2959.6207003241548
2021-04-14 13:00:00,3013.7443071918156
2021-04-14 14:00:00,2865.9936829497706
2021-04-14 15:00:00,3289.96478149173
2021-04-14 16:00:00,3374.9801418839493
2021-04-14 17:00:00,3377.654410012686
2021-04-14 18:00:00,3660.1767499235866
2021-04-14 19:00:00,3151.2996732503884
2021-04-14 20:00:00,3228.8841881454696
2021-04-14 21:00:00,2654.381631337334
2021-04-14 22:00:00,2644.8621960170285
2021-04-14 23:00:00,2780.142533942728
2021-04-15 00:00:00,2125.470730818813
2021-04-15 01:00:00,2007.2054732463318
2021-04-15 02:00:00,2267.051539883293
2021-04-15 03:00:00,2415.5946951743053
2021-04-15 04:00:00,2677.9941025183975
2021-04-15 05:00:00,2756.275582181254
2021-04-15 06:00:00,3048.478973478185
2021-04-15 07:00:00,3487.8855129496947
2021-04-15 08:00:00,3588.2485274432843
2021-04-15 09:00:00,3331.8645430925367
2021-04-15 10:00:00,3153.082698181861
2021-04-15 11:00:00,3298.8735764300445
2021-04-15 12:00:00,2810.9918853368317
2021-04-15 13:00:00,2692.243728784814
2021-04-15 14:00:00,2756.0324353291176
2021-04-15 15:00:00,3479.1560652427283
2021-04-15 16:00:00,3331.1086580475217
2021-04-15 17:00:00,3258.117716132207
2021-04-15 18:00:00,3114.596064715778
2021-04-15 19:00:00,3112.9974354223873
2021-04-15 20:00:00,3213.879332250543
2021-04-15 21:00:00,2913.280745284161
2021-04-15 22:00:00,2836.301879169074
2021-04-15 23:00:00,2629.8722860565863
2021-04-16 00:00:00,2053.0327123046914
2021-04-16 01:00:00,2062.3597617850382
2021-04-16 02:00:00,2186.053906059022
2021-04-16 03:00:00,2154.9422138227505
2021-04-16 04:00:00,2268.945979672
2021-04-16 05:00:00,2931.3040250974527
2021-04-16 06:00:00,3120.518756700555
2021-04-16 07:00:00,3203.818023827263
2021-04-16 08:00:00,3598.1098367889413
2021-04-16 09:00:00,3637.3618046211805
2021-04-16 10:00:00,3274.7936069808766
2021-04-16 11:00:00,3194.1721045340923
2021-04-16 12:00:00,3230.1686523935878
2021-04-16 13:00:00,3038.924426646874
2021-04-16 14:00:00,3044.1960133427538
2021-04-16 15:00:00,3166.1451041004807
2021-04-16 16:00:00,3364.6618325195464
2021-04-16 17:00:00,3314.441732938747
2021-04-16 18:00:00,3752.886206959148
2021-04-16 19:00:00,3017.4631395363895
2021-04-16 20:00:00,3184.4206596396075
2021-04-16 21:00:00,2979.1008828507356
2021-04-16 22:00:00,3114.511626554195
2021-04-16 23:00:00,2686.940629507211
2021-04-17 00:00:00,1656.3890134318651
2021-04-17 01:00:00,1495.2562809709743
2021-04-17 02:00:00,1898.338763384934
2021-04-17 03:00:00,1979.8023825654316
2021-04-17 04:00:00,2149.3243812140277
2021-04-17 05:00:00,2511.6353891241774
2021-04-17 06:00:00,2771.525883972221
2021-04-17 07:00:00,2789.0149718025673
2021-04-17 08:00:00,2893.9307305850243
2021-04-17 09:00:00,2748.0062319527988
2021-04-17 10:00:00,3101.7556707598096
2021-04-17 11:00:00,2615.4822747112976
2021-04-17 12:00:00,2364.8438296836166
2021-04-17 13:00:00,2407.546355818411
2021-04-17 14:00:00,2621.469526011512
2021-04-17 15:00:00,2454.957900291687
2021-04-17 16:00:00,2658.414497600157
2021-04-17 17:00:00,2877.8144766899
2021-04-17 18:00:00,2820.9686392242666
2021-04-17 19:00:00,2802.004072206139
2021-04-17 20:00:00,2477.236128018843
2021-04-17 21:00:00,2324.455325427335
2021-04-17 22:00:00,2244.0307871790546
2021-04-17 23:00:00,2294.597911782771
2021-04-18 00:00:00,1414.993679829622
2021-04-18 01:00:00,1577.9245864302784
2021-04-18 02:00:00,1828.7278662236422
2021-04-18 03:00:00,1781.0604461118355
2021-04-18 04:00:00,2001.3582176866337
2021-04-18 05:00:00,1958.228423566936
2021-04-18 06:00:00,2299.315887135005
2021-04-18 07:00:00,2640.437646618373
2021-04-18 08:00:00,2423.383383205303
2021-04-18 09:00:00,2696.8777129233545
2021-04-18 10:00:00,2690.8648764365457
2021-04-18 11:00:00,2316.265522165934
2021-04-18 12:00:00,2417.8642802579807
2021-04-18 13:00:00,2186.493720227097
2021-04-18 14:00:00,2209.4108228281775
2021-04-18 15:00:00,2416.896111638504
2021-04-18 16:00:00,2559.192345126981
2021-04-18 17:00:00,2533.9288095063503
2021-04-18 18:00:00,2861.5008460678414
2021-04-18 19:00:00,2541.584282970929
2021-04-18 20:00:00,2269.2554176986155
2021-04-18 21:00:00,2124.923597930681
2021-04-18 22:00:00,2247.483050103201
2021-04-18 23:00:00,1865.6018542254067
2021-04-19 00:00:00,1983.9361055939876
2021-04-19 01:00:00,2212.5130116692926
2021-04-19 02:00:00,2235.069169308534
2021-04-19 03:00:00,2413.9233205513387
2021-04-19 04:00:00,2617.3345183533033
2021-04-19 05:00:00,2680.745264377368
2021-04-19 06:00:00,3010.0007121213557
2021-04-19 07:00:00,3289.4605814797264
2021-04-19 08:00:00,3242.634108948715
2021-04-19 09:00:00,3517.7357078034397
2021-04-19 10:00:00,3269.042111560331
2021-04-19 11:00:00,3423.570314387433
2021-04-19 12:00:00,2905.189921638199
2021-04-19 13:00:00,3051.9955676974087
2021-04-19 14:00:00,3050.600354871087
2021-04-19 15:00:00,3146.6299783515137
2021-04-19 16:00:00,3316.375483110505
2021-04-19 17:00:00,3097.774154547507
2021-04-19 18:00:00,3227.868098269946
2021-04-19 19:00:00,3313.4050307164025
2021-04-19 20:00:00,3066.364519626771
2021-04-19 21:00:00,2768.8456320488112
2021-04-19 22:00:00,2944.9541572002413
2021-04-19 23:00:00,2551.850827353364
2021-04-20 00:00:00,1971.209399790277
2021-04-20 01:00:00,2111.1534526933638
2021-04-20 02:00:00,2247.352824617781
2021-04-20 03:00:00,2282.0231768017925
2021-04-20 04:00:00,2555.0674910623065
2021-04-20 05:00:00,2854.3401925897724
2021-04-20 06:00:00,3096.0359195425117
2021-04-20 07:00:00,3198.665398122249
2021-04-20 08:00:00,3418.10422956118
2021-04-20 09:00:00,3411.1000458457515
2021-04-20 10:00:00,3443.5198297133074
2021-04-20 11:00:00,3007.695244480807
2021-04-20 12:00:00,3011.262801225144
2021-04-20 13:00:00,3153.5194197081128
2021-04-20 14:00:00,3021.0396238265866
2021-04-20 15:00:00,3006.734009068837
2021-04-20 16:00:00,3214.5110899496153
2021-04-20 17:00:00,3440.957073527347
2021-04-20 18:00:00,3566.5953448609403
2021-04-20 19:00:00,2958.4016460829307
2021-04-20 20:00:00,3281.761690710118
2021-04-20 21:00:00,3003.648323619872
2021-04-20 22:00:00,2677.5349399914485
2021-04-20 23:00:00,2758.4311964786593
2021-04-21 00:00:00,1916.8181397852072
2021-04-21 01:00:00,1917.636520470584
2021-04-21 02:00:00,2067.499495591015
2021-04-21 03:00:00,2305.4158116535896
2021-04-21 04:00:00,2486.396288322727
2021-04-21 05:00:00,2794.2957909583183
2021-04-21 06:00:00,2939.8385577384797
2021-04-21 07:00:00,3244.071045788943
2021-04-21 08:00:00,3457.967813451109
2021-04-21 09:00:00,3221.5386062872544
2021-04-21 10:00:00,3374.803349906479
2021-04-21 11:00:00,2872.167943833071
2021-04-21 12:00:00,3093.33105737571
2021-04-21 13:00:00,3098.997957185446
2021-04-21 14:00:00,2729.239168961315
2021-04-21 15:00:00,2921.7367453356487
2021-04-21 16:00:00,3216.2984138083034
2021-04-21 17:00:00,3428.3992173111415
2021-04-21 18:00:00,3683.3948960825387
2021-04-21 19:00:00,3363.1922978426996
2021-04-21 20:00:00,2752.5397750740567
2021-04-21 21:00:00,2788.0727224607936
2021-04-21 22:00:00,2781.771905615289
2021-04-21 23:00:00,2488.1891931513233
2021-04-22 00:00:00,1927.335495274534
2021-04-22 01:00:00,2233.9202332995296
2021-04-22 02:00:00,2047.4285781311094
2021-04-22 03:00:00,2345.8931772611445
2021-04-22 04:00:00,2511.0968082547256
2021-04-22 05:00:00,2581.3408576876163
2021-04-22 06:00:00,2853.4742605844935
2021-04-22 07:00:00,3414.4014393224134
2021-04-22 08:00:00,3097.0258056748426
2021-04-22 09:00:00,3212.9334875198206
2021-04-22 10:00:00,3427.131384432571
2021-04-22 11:00:00,2951.141205333061
2021-04-22 12:00:00,2900.7042381686206
2021-04-22 13:00:00,3105.5502749262832
2021-04-22 14:00:00,2992.6199152659974
2021-04-22 15:00:00,2830.524947161964
2021-04-22 16:00:00,3014.368481692797
2021-04-22 17:00:00,3044.4549089756097
2021-04-22 18:00:00,3071.704640236306
2021-04-22 19:00:00,3227.6599030157768
2021-04-22 20:00:00,2981.4673724819627
2021-04-22 21:00:00,2899.6408240817473
2021-04-22 22:00:00,2936.5982003719823
2021-04-22 23:00:00,2391.3736349384603
2021-04-23 00:00:00,1973.0175850630978
2021-04-23 01:00:00,1960.6722046044754
2021-04-23 02:00:00,2229.943783491653
2021-04-23 03:00:00,2225.7819540099845
2021-04-23 04:00:00,2467.082849373421
2021-04-23 05:00:00,2744.0936623448238
2021-04-23 06:00:00,3188.2709478054203
2021-04-23 07:00:00,2985.7770540111164
2021-04-23 08:00:00,3374.399621910498
2021-04-23 09:00:00,3269.6087456904866
2021-04-23 10:00:00,3056.6205528341975
2021-04-23 11:00:00,3182.1744196529144
2021-04-23 12:00:00,2903.014639205356
2021-04-23 13:00:00,2819.8227620114044
2021-04-23 14:00:00,2812.260628014083
2021-04-23 15:00:00,3327.8393506145917
2021-04-23 16:00:00,3172.1080435811264
2021-04-23 17:00:00,3237.220703909862
2021-04-23 18:00:00,3506.6497589407445
2021-04-23 19:00:00,3307.234096343949
2021-04-23 20:00:00,3338.532044809055
2021-04-23 21:00:00,2860.735442963587
2021-04-23 22:00:00,2740.3676387417518
2021-04-23 23:00:00,2611.7989456822543
2021-04-24 00:00:00,1553.9899114453938
2021-04-24 01:00:00,1847.1185585647893
2021-04-24 02:00:00,1849.3437234955425
2021-04-24 03:00:00,1936.437716019134
2021-04-24 04:00:00,2119.2680463580373
2021-04-24 05:00:00,2279.1998922697667
2021-04-24 06:00:00,2512.1398290961456
2021-04-24 07:00:00,2697.4327034115136
2021-04-24 08:00:00,2699.421384811832
2021-04-24 09:00:00,2730.3184656512076
2021-04-24 10:00:00,2766.72677746713
2021-04-24 11:00:00,2401.179728361287
2021-04-24 12:00:00,2565.399541998132
2021-04-24 13:00:00,2698.5306802203113
2021-04-24 14:00:00,2621.930158946839
2021-04-24 15:00:00,2511.092317853852
2021-04-24 16:00:00,2753.8170818453996
2021-04-24 17:00:00,2819.8274008249773
2021-04-24 18:00:00,3024.660325408334
2021-04-24 19:00:00,2722.57103473945
2021-04-24 20:00:00,2721.194513066467
2021-04-24 21:00:00,2308.6587655833705
2021-04-24 22:00:00,2416.708860182739
2021-04-24 23:00:00,2125.372229538806
2021-04-25 00:00:00,1470.2470193664508
2021-04-25 01:00:00,1532.6324764851354
2021-04-25 02:00:00,1566.047357118984
2021-04-25 03:00:00,1795.4212139225713
2021-04-25 04:00:00,1939.103028096683
2021-04-25 05:00:00,2035.7945822418312
2021-04-25 06:00:00,2267.6688730506926
2021-04-25 07:00:00,2197.8038607118083
2021-04-25 08:00:00,2587.483158914117
2021-04-25 09:00:00,2506.520244676619
2021-04-25 10:00:00,2377.335195648565
2021-04-25 11:00:00,2353.0701824426305
2021-04-25 12:00:00,2362.3054405560956
2021-04-25 13:00:00,2232.4333685078946
2021-04-25 14:00:00,2210.4116673078015
2021-04-25 15:00:00,2126.5195758825203
2021-04-25 16:00:00,2562.055362177155
2021-04-25 17:00:00,2450.946997698889
2021-04-25 18:00:00,2670.4289760132783
2021-04-25 19:00:00,2537.9529836046677
2021-04-25 20:00:00,2269.9263766796344
2021-04-25 21:00:00,1986.1212523193967
2021-04-25 22:00:00,1985.6633713051212
2021-04-25 23:00:00,2065.217639074842
2021-04-26 00:00:00,1933.8898944443365
2021-04-26 01:00:00,1926.5036916377887
2021-04-26 02:00:00,2049.4303483664207
2021-04-26 03:00:00,2335.4107737210948
2021-04-26 04:00:00,2459.18884866134
2021-04-26 05:00:00,2599.0471176648184
2021-04-26 06:00:00,2974.183426764669
2021-04-26 07:00:00,3326.0407968526247
2021-04-26 08:00:00,3103.062579758088
2021-04-26 09:00:00,3353.4179595963537
2021-04-26 10:00:00,3298.451663543555
2021-04-26 11:00:00,3182.489291546658
2021-04-26 12:00:00,2987.2384053026553
2021-04-26 13:00:00,2661.7017420679167
2021-04-26 14:00:00,3040.3874928036544
2021-04-26 15:00:00,2800.468939745512
2021-04-26 16:00:00,2821.406792451532
2021-04-26 17:00:00,3218.0027619147804
2021-04-26 18:00:00,3447.9635730968985
2021-04-26 19:00:00,3443.2823386583195
2021-04-26 20:00:00,2980.5159487075503
2021-04-26 21:00:00,3105.9146678513976
2021-04-26 22:00:00,2508.2859824923607
2021-04-26 23:00:00,2472.4270451263146
2021-04-27 00:00:00,1875.201777412097
2021-04-27 01:00:00,2003.0740752224904
2021-04-27 02:00:00,2206.744535493991
2021-04-27 03:00:00,2225.8154929867605
2021-04-27 04:00:00,2719.681692097069
2021-04-27 05:00:00,2710.262483163099
2021-04-27 06:00:00,2992.4473408958866
2021-04-27 07:00:00,3201.009203664397
2021-04-27 08:00:00,3390.5747344290676
2021-04-27 09:00:00,3380.846202325926
2021-04-27 10:00:00,3124.801977011703
2021-04-27 11:00:00,3016.5650447619996
2021-04-27 12:00:00,2935.6696134182625
2021-04-27 13:00:00,2997.815558935373
2021-04-27 14:00:00,2878.6430433359856
2021-04-27 15:00:00,2962.8455344495587
2021-04-27 16:00:00,3044.819738390139
2021-04-27 17:00:00,3335.5345094560735
2021-04-27 18:00:00,3365.68683213584
2021-04-27 19:00:00,3342.115454389044
2021-04-27 20:00:00,3050.543232990649
2021-04-27 21:00:00,2831.363911702069
2021-04-27 22:00:00,2750.793379442109
2021-04-27 23:00:00,2659.560571704077
2021-04-28 00:00:00,1782.3762694915174
2021-04-28 01:00:00,1989.1302145074874
2021-04-28 02:00:00,1967.5875362488314
2021-04-28 03:00:00,2215.9340025357947
2021-04-28 04:00:00,2332.3597417136575
2021-04-28 05:00:00,2498.888441236143
2021-04-28 06:00:00,2781.1018069314114
2021-04-28 07:00:00,3190.4968277569437
2021-04-28 08:00:00,3052.5962421560066
2021-04-28 09:00:00,3301.862153862484
2021-04-28 10:00:00,3186.428784323401
2021-04-28 11:00:00,2994.7282334343463
2021-04-28 12:00:00,3079.636523346843
2021-04-28 13:00:00,2935.085151754578
2021-04-28 14:00:00,2816.5399060993536
2021-04-28 15:00:00,3040.2193027203193
2021-04-28 16:00:00,3269.5814160418695
2021-04-28 17:00:00,3150.6381765173805
2021-04-28 18:00:00,3395.297197566303
2021-04-28 19:00:00,3339.6188098855537
2021-04-28 20:00:00,3284.9377763857087
2021-04-28 21:00:00,2831.057113101328
2021-04-28 22:00:00,2595.971298820942
2021-04-28 23:00:00,2481.70451935799
2021-04-29 00:00:00,1983.4887824250907
2021-04-29 01:00:00,2046.5734136428273
2021-04-29 02:00:00,2111.62115187833
2021-04-29 03:00:00,2174.586554783002
2021-04-29 04:00:00,2541.2435567802613
2021-04-29 05:00:00,2975.8031922939117
2021-04-29 06:00:00,2931.7933329101
2021-04-29 07:00:00,3282.10053769508
2021-04-29 08:00:00,3385.31719375232
2021-04-29 09:00:00,2877.702561190723
2021-04-29 10:00:00,3360.3776842097373
2021-04-29 11:00:00,2963.946153114535
2021-04-29 12:00:00,3026.671674603496
2021-04-29 13:00:00,2977.3507053805065
2021-04-29 14:00:00,2649.6889488301535
2021-04-29 15:00:00,2817.5127017715736
2021-04-29 16:00:00,2855.8394896133404
2021-04-29 17:00:00,2997.429700854248
2021-04-29 18:00:00,3450.7458922405403
2021-04-29 19:00:00,3055.6717677097736
2021-04-29 20:00:00,2828.518724661209
2021-04-29 21:00:00,3005.1209536507836
2021-04-29 22:00:00,2814.923779752398
2021-04-29 23:00:00,2426.6943786939105
2021-04-30 00:00:00,1871.3424315351642
2021-04-30 01:00:00,1916.8425536846082
2021-04-30 02:00:00,2151.3561127568223
2021-04-30 03:00:00,2221.112077554635
2021-04-30 04:00:00,2255.773510859786
2021-04-30 05:00:00,2444.468772852058
2021-04-30 06:00:00,3272.307003823924
2021-04-30 07:00:00,3159.7462476078517
2021-04-30 08:00:00,3339.805007227835
2021-04-30 09:00:00,3351.911474846166
2021-04-30 10:00:00,2923.525574375337
2021-04-30 11:00:00,2907.0520011260705
2021-04-30 12:00:00,2540.830969052743
2021-04-30 13:00:00,2767.624105061518
2021-04-30 14:00:00,2641.223327963261
2021-04-30 15:00:00,3058.37093887368
2021-04-30 16:00:00,3073.8754994089736
2021-04-30 17:00:00,3165.944705774488
2021-04-30 18:00:00,3100.764731027745
2021-04-30 19:00:00,3233.901605575017
2021-04-30 20:00:00,2894.095371307485
2021-04-30 21:00:00,3041.4120835719714
2021-04-30 22:00:00,2666.636627605386
2021-04-30 23:00:00,2383.0793750476514
2021-05-01 00:00:00,1792.5251112419267
2021-05-01 01:00:00,1742.0381305109574
2021-05-01 02:00:00,1751.6397069653447
2021-05-01 03:00:00,1947.3989034930885
2021-05-01 04:00:00,1973.5434903769158
2021-05-01 05:00:00,2269.9560523810424
2021-05-01 06:00:00,2508.662815796428
2021-05-01 07:00:00,2693.114595845003
2021-05-01 08:00:00,2892.6068457825772
2021-05-01 09:00:00,2726.679061402504
2021-05-01 10:00:00,2529.1838172688413
2021-05-01 11:00:00,2741.810195123808
2021-05-01 12:00:00,2403.836877524493
2021-05-01 13:00:00,2302.9428845239513
2021-05-01 14:00:00,2531.8833083209242
2021-05-01 15:00:00,2510.5686247596673
2021-05-01 16:00:00,2633.548891210576
2021-05-01 17:00:00,2673.127670438794
2021-05-01 18:00:00,2699.029543776956
2021-05-01 19:00:00,2613.5557209041176
2021-05-01 20:00:00,2344.859793045476
2021-05-01 21:00:00,2730.5774295999645
2021-05-01 22:00:00,2177.99530867277
2021-05-01 23:00:00,2231.6556636458067
2021-05-02 00:00:00,1554.9779275311716
2021-05-02 01:00:00,1589.440041739235
2021-05-02 02:00:00,1675.4393725101584
2021-05-02 03:00:00,1746.4767239872394
2021-05-02 04:00:00,1945.747895700634
2021-05-02 05:00:00,1852.4376973104713
2021-05-02 06:00:00,2138.6953177655137
2021-05-02 07:00:00,2356.382864312045
2021-05-02 08:00:00,2204.9219058171293
2021-05-02 09:00:00,2372.9421378700335
2021-05-02 10:00:00,2555.40109454904
2021-05-02 11:00:00,2470.8280410924035
2021-05-02 12:00:00,2169.622663711652
2021-05-02 13:00:00,2101.6206318050045
2021-05-02 14:00:00,2027.706932334591
2021-05-02 15:00:00,2321.909970706182
2021-05-02 16:00:00,2293.23725805966
2021-05-02 17:00:00,2324.964774759935
2021-05-02 18:00:00,2418.978365270556
2021-05-02 19:00:00,2465.5727033167927
2021-05-02 20:00:00,2251.7287070606203
2021-05-02 21:00:00,2275.9066152812265
2021-05-02 22:00:00,1972.25640000098
2021-05-02 23:00:00,1872.9207196475413
2021-05-03 00:00:00,2014.385908223547
2021-05-03 01:00:00,2133.6411201888204
2021-05-03 02:00:00,1976.8281898739328
2021-05-03 03:00:00,2303.3221789712397
2021-05-03 04:00:00,2485.0803462035187
2021-05-03 05:00:00,2841.236280251897
2021-05-03 06:00:00,2872.000701359446
2021-05-03 07:00:00,3487.924919820438
2021-05-03 08:00:00,3285.308695708561
2021-05-03 09:00:00,3023.933752728763
2021-05-03 10:00:00,3107.71803211077
2021-05-03 11:00:00,2893.3343395327415
2021-05-03 12:00:00,2752.5415280288234
2021-05-03 13:00:00,2720.7764424784577
2021-05-03 14:00:00,2851.17300225433
2021-05-03 15:00:00,2999.0759684957725
2021-05-03 16:00:00,2813.8705038936573
2021-05-03 17:00:00,3155.709475251496
2021-05-03 18:00:00,3252.741790627007
2021-05-03 19:00:00,3147.399418353752
2021-05-03 20:00:00,2681.184012351947
2021-05-03 21:00:00,2693.6363442961883
2021-05-03 22:00:00,2777.994570376059
2021-05-03 23:00:00,2594.6632039859705
2021-05-04 00:00:00,2023.5484194358244
2021-05-04 01:00:00,2075.747690664097
2021-05-04 02:00:00,2019.7339063572047
2021-05-04 03:00:00,2304.856960552115
2021-05-04 04:00:00,2359.953943307192
2021-05-04 05:00:00,2641.0083243776467
2021-05-04 06:00:00,3127.716792883562
2021-05-04 07:00:00,3147.1149959874897
2021-05-04 08:00:00,3321.480070077867
2021-05-04 09:00:00,3314.1967780693158
2021-05-04 10:00:00,3283.3675202187733
2021-05-04 11:00:00,2958.6709025263126
2021-05-04 12:00:00,2874.577123115859
2021-05-04 13:00:00,2952.6615126376255
2021-05-04 14:00:00,2916.6164956675802
2021-05-04 15:00:00,2982.8931481745517
2021-05-04 16:00:00,3226.6148505299934
2021-05-04 17:00:00,3383.304656646725
2021-05-04 18:00:00,3010.6051762535317
2021-05-04 19:00:00,2870.8783063851643
2021-05-04 20:00:00,3011.7837281341217
2021-05-04 21:00:00,2801.5753175334253
2021-05-04 22:00:00,2545.5894317405096
2021-05-04 23:00:00,2498.706255312648
2021-05-05 00:00:00,2006.0756240295523
2021-05-05 01:00:00,1830.0039777556647
2021-05-05 02:00:00,2072.283744953722
2021-05-05 03:00:00,2245.7504339877746
2021-05-05 04:00:00,2413.7011840909504
2021-05-05 05:00:00,2435.3700248934424
2021-05-05 06:00:00,2882.3843944360897
2021-05-05 07:00:00,3118.1578846905054
2021-05-05 08:00:00,3358.5157166175463
2021-05-05 09:00:00,3370.4054800038707
2021-05-05 10:00:00,3090.837111389466
2021-05-05 11:00:00,2978.3971943958236
2021-05-05 12:00:00,2618.668843248247
2021-05-05 13:00:00,2590.167696790924
2021-05-05 14:00:00,3037.4326289604273
2021-05-05 15:00:00,2840.980900124299
2021-05-05 16:00:00,3140.1157572557513
2021-05-05 17:00:00,3311.490794626119
2021-05-05 18:00:00,3411.299376081031
2021-05-05 19:00:00,3193.7945791593124
2021-05-05 20:00:00,2914.1838818608335
2021-05-05 21:00:00,2717.695948936997
2021-05-05 22:00:00,2702.3522444431724
2021-05-05 23:00:00,2614.72593299865
2021-05-06 00:00:00,1850.4655048702232
2021-05-06 01:00:00,1768.7339246044207
2021-05-06 02:00:00,1902.6902563557883
2021-05-06 03:00:00,2300.1612904394037
2021-05-06 04:00:00,2313.9763009659614
2021-05-06 05:00:00,2697.855967402051
2021-05-06 06:00:00,2950.617717330511
2021-05-06 07:00:00,3342.3823743948597
2021-05-06 08:00:00,3429.3203046379804
2021-05-06 09:00:00,3004.6315808828012
2021-05-06 10:00:00,2877.7257148656636
2021-05-06 11:00:00,2871.7897408233684
2021-05-06 12:00:00,2802.908124990384
2021-05-06 13:00:00,2645.9048138337416
2021-05-06 14:00:00,3044.5969490135662
2021-05-06 15:00:00,2847.9680216842826
2021-05-06 16:00:00,3073.892643707649
2021-05-06 17:00:00,3086.202145242488
2021-05-06 18:00:00,2966.45104909875
2021-05-06 19:00:00,2930.0003303750764
2021-05-06 20:00:00,3133.866433229641
2021-05-06 21:00:00,2719.5883954670007
2021-05-06 22:00:00,2596.5124118762456
2021-05-06 23:00:00,2544.77813403202
2021-05-07 00:00:00,1863.1131383404318
2021-05-07 01:00:00,2055.7657160635645
2021-05-07 02:00:00,2076.6337356192084
2021-05-07 03:00:00,2258.7587793560665
2021-05-07 04:00:00,2231.8335068579227
2021-05-07 05:00:00,2544.4522030027133
2021-05-07 06:00:00,2799.1224381452707
2021-05-07 07:00:00,3298.691055901728
2021-05-07 08:00:00,3396.380162581736
2021-05-07 09:00:00,3106.2765107212094
2021-05-07 10:00:00,3053.707072450059
2021-05-07 11:00:00,3110.383571066102
2021-05-07 12:00:00,2697.850132710499
2021-05-07 13:00:00,2868.8571672316066
2021-05-07 14:00:00,2741.2232003189297
2021-05-07 15:00:00,2680.365076211816
2021-05-07 16:00:00,3048.2674819483645
2021-05-07 17:00:00,3197.825225212665
2021-05-07 18:00:00,2954.880284825401
2021-05-07 19:00:00,2940.985623704511
2021-05-07 20:00:00,3095.813764582032
2021-05-07 21:00:00,2757.8736521262663
2021-05-07 22:00:00,2563.8298644322813
2021-05-07 23:00:00,2062.4599320396774
2021-05-08 00:00:00,1653.7805049965962
2021-05-08 01:00:00,1755.5034600529436
2021-05-08 02:00:00,1588.6447980300543
2021-05-08 03:00:00,1830.0333894559087
2021-05-08 04:00:00,1866.4390529179234
2021-05-08 05:00:00,2193.4952695952757
2021-05-08 06:00:00,2519.578056148179
2021-05-08 07:00:00,2651.823143042926
2021-05-08 08:00:00,2630.725441184962
2021-05-08 09:00:00,2650.1766445763524
2021-05-08 10:00:00,2422.212147664334
2021-05-08 11:00:00,2440.0320026894656
2021-05-08 12:00:00,2327.028860238624
2021-05-08 13:00:00,2273.8419678530427
2021-05-08 14:00:00,2228.720286604747
2021-05-08 15:00:00,2517.583249715263
2021-05-08 16:00:00,2469.0768662345395
2021-05-08 17:00:00,2730.5019212521074
2021-05-08 18:00:00,2645.6704160897866
2021-05-08 19:00:00,2791.55332551871
2021-05-08 20:00:00,2605.9769683430463
2021-05-08 21:00:00,2465.886538679812
2021-05-08 22:00:00,2277.9776356621087
2021-05-08 23:00:00,2249.2143680407085
2021-05-09 00:00:00,1462.3151720244168
2021-05-09 01:00:00,1575.3421243158728
2021-05-09 02:00:00,1541.9613771980678
2021-05-09 03:00:00,1720.5499079987057
2021-05-09 04:00:00,1734.973834582133
2021-05-09 05:00:00,1895.4218769826991
2021-05-09 06:00:00,2305.0854848621393
2021-05-09 07:00:00,2413.6476306833324
2021-05-09 08:00:00,2630.400808569657
2021-05-09 09:00:00,2322.0113212654524
2021-05-09 10:00:00,2158.1145152609456
2021-05-09 11:00:00,2140.1164243118005
2021-05-09 12:00:00,2160.9543290561046
2021-05-09 13:00:00,1970.4313360136748
2021-05-09 14:00:00,2136.7795314478362
2021-05-09 15:00:00,2187.0745457824105
2021-05-09 16:00:00,2367.3676847341603
2021-05-09 17:00:00,2261.663753801633
2021-05-09 18:00:00,2253.9772818023284
2021-05-09 19:00:00,2421.6476067388317
2021-05-09 20:00:00,2353.8359431526924
2021-05-09 21:00:00,2038.968531202217
2021-05-09 22:00:00,2138.194414235418
2021-05-09 23:00:00,1795.2981483408255
2021-05-10 00:00:00,2008.804203270621
2021-05-10 01:00:00,1895.3610457077325
2021-05-10 02:00:00,2109.649918218328
2021-05-10 03:00:00,2138.361965370746
2021-05-10 04:00:00,2229.0312999131206
2021-05-10 05:00:00,2679.762283292206
2021-05-10 06:00:00,2827.5402453414504
2021-05-10 07:00:00,3200.104438479441
2021-05-10 08:00:00,2964.4277132457487
2021-05-10 09:00:00,3245.520920032203
2021-05-10 10:00:00,3125.7002608719195
2021-05-10 11:00:00,2978.070131557488
2021-05-10 12:00:00,2561.4081866837787
2021-05-10 13:00:00,2659.713233948801
2021-05-10 14:00:00,2775.589350289902
2021-05-10 15:00:00,2914.744540416718
2021-05-10 16:00:00,2886.912698632662
2021-05-10 17:00:00,3315.1638859544687
2021-05-10 18:00:00,3109.728225705925
2021-05-10 19:00:00,2843.5651951637437
2021-05-10 20:00:00,2960.813432542312
2021-05-10 21:00:00,2581.205809824091
2021-05-10 22:00:00,2756.5973055623986
2021-05-10 23:00:00,2384.0584071361
2021-05-11 00:00:00,1784.4814322706275
2021-05-11 01:00:00,1980.62305296752
2021-05-11 02:00:00,2079.8682036025775
2021-05-11 03:00:00,2066.799500374346
2021-05-11 04:00:00,2459.412815890568
2021-05-11 05:00:00,2554.328626879255
2021-05-11 06:00:00,3016.955060570786
2021-05-11 07:00:00,3193.6613858773558
2021-05-11 08:00:00,3075.7389919343436
2021-05-11 09:00:00,3126.4331103503564
2021-05-11 10:00:00,3245.267141548185
2021-05-11 11:00:00,2593.509295606785
2021-05-11 12:00:00,2752.589423362466
2021-05-11 13:00:00,2635.446815980253
2021-05-11 14:00:00,2742.715829166327
2021-05-11 15:00:00,2830.238618648678
2021-05-11 16:00:00,2899.319490347775
2021-05-11 17:00:00,3098.7392371055075
2021-05-11 18:00:00,3024.466634382523
2021-05-11 19:00:00,2782.5062062991087
2021-05-11 20:00:00,3032.689512628673
2021-05-11 21:00:00,2978.519300737163
2021-05-11 22:00:00,2599.2408559966734
2021-05-11 23:00:00,2460.2065804673834
2021-05-12 00:00:00,1876.2402342998578
2021-05-12 01:00:00,1913.747191100547
2021-05-12 02:00:00,2156.654146182041
2021-05-12 03:00:00,2218.732552910351
2021-05-12 04:00:00,2495.9797007082957
2021-05-12 05:00:00,2569.1126148611884
2021-05-12 06:00:00,2802.769435422076
2021-05-12 07:00:00,3017.7912497610014
2021-05-12 08:00:00,2837.8895011301374
2021-05-12 09:00:00,3219.5681529402077
2021-05-12 10:00:00,3209.869492781338
2021-05-12 11:00:00,2931.6422283578795
2021-05-12 12:00:00,2622.4121883430234
2021-05-12 13:00:00,2895.557149661865
2021-05-12 14:00:00,2571.227745109273
2021-05-12 15:00:00,2716.79354963491
2021-05-12 16:00:00,2734.0877471280974
2021-05-12 17:00:00,3142.740238646267
2021-05-12 18:00:00,3201.3913295269117
2021-05-12 19:00:00,3237.3762553258803
2021-05-12 20:00:00,2682.3293399959384
2021-05-12 21:00:00,2610.4758811237666
2021-05-12 22:00:00,2415.844915604781
2021-05-12 23:00:00,2144.6245789492577
2021-05-13 00:00:00,1765.609542252137
2021-05-13 01:00:00,1828.1188403783099
2021-05-13 02:00:00,2012.2437923127154
2021-05-13 03:00:00,2034.8871989837546
2021-05-13 04:00:00,2334.0408513616408
2021-05-13 05:00:00,2607.950904201085
2021-05-13 06:00:00,2785.6067755223385
2021-05-13 07:00:00,3074.265061315497
2021-05-13 08:00:00,2859.173630816839
2021-05-13 09:00:00,3014.1502121904155
2021-05-13 10:00:00,3120.311226048305
2021-05-13 11:00:00,2874.0720965183655
2021-05-13 12:00:00,2575.1440098804096
2021-05-13 13:00:00,2512.2926559538714
2021-05-13 14:00:00,3003.092869477634
2021-05-13 15:00:00,2829.9154310656713
2021-05-13 16:00:00,3171.4578293864743
2021-05-13 17:00:00,2880.533810497393
2021-05-13 18:00:00,3011.142688007447
2021-05-13 19:00:00,3232.164450714045
2021-05-13 20:00:00,2966.2825585445216
2021-05-13 21:00:00,2880.0677267387014
2021-05-13 22:00:00,2694.0704963840476
2021-05-13 23:00:00,2226.308750789771
2021-05-14 00:00:00,1824.2943195712035
2021-05-14 01:00:00,1776.7138359841758
2021-05-14 02:00:00,1999.89048921401
2021-05-14 03:00:00,2200.2166658918304
2021-05-14 04:00:00,2285.5434824718577
2021-05-14 05:00:00,2565.4648008020217
2021-05-14 06:00:00,2928.0665683076436
2021-05-14 07:00:00,3383.0472383130045
2021-05-14 08:00:00,3162.676592479805
2021-05-14 09:00:00,3197.657972965238
2021-05-14 10:00:00,2894.1712111780616
2021-05-14 11:00:00,2874.3752229736847
2021-05-14 12:00:00,2753.0843504665168
2021-05-14 13:00:00,2898.743583500985
2021-05-14 14:00:00,2640.5852420275382
2021-05-14 15:00:00,2933.27787814787
2021-05-14 16:00:00,2822.736108436459
2021-05-14 17:00:00,3113.475868087898
2021-05-14 18:00:00,2970.7803541313183
2021-05-14 19:00:00,3007.9584711839525
2021-05-14 20:00:00,2889.095982008156
2021-05-14 21:00:00,2715.989591340663
2021-05-14 22:00:00,2503.820658879519
2021-05-14 23:00:00,2329.963411644268
2021-05-15 00:00:00,1597.4633145477749
2021-05-15 01:00:00,1529.4869826895585
2021-05-15 02:00:00,1690.271559172931
2021-05-15 03:00:00,1775.4509844820116
2021-05-15 04:00:00,1993.4477088378912
2021-05-15 05:00:00,2236.9954370566065
2021-05-15 06:00:00,2397.088880857311
2021-05-15 07:00:00,2554.3347608828185
2021-05-15 08:00:00,2493.7026658884515
2021-05-15 09:00:00,2799.7369223717296
2021-05-15 10:00:00,2405.198061681327
2021-05-15 11:00:00,2403.5174084580735
2021-05-15 12:00:00,2345.281636245192
2021-05-15 13:00:00,2238.1973763585
2021-05-15 14:00:00,2113.18754733912
2021-05-15 15:00:00,2346.576768426609
2021-05-15 16:00:00,2575.768540492733
2021-05-15 17:00:00,2406.906126496041
2021-05-15 18:00:00,2481.2384068151982
2021-05-15 19:00:00,2633.999349002082
2021-05-15 20:00:00,2702.0839550098513
2021-05-15 21:00:00,2246.6676412995703
2021-05-15 22:00:00,2107.4097261499437
2021-05-15 23:00:00,2044.8431768149435
2021-05-16 00:00:00,1344.9296292264717
2021-05-16 01:00:00,1335.0685718721631
2021-05-16 02:00:00,1491.4300020211074
2021-05-16 03:00:00,1649.9263870615696
2021-05-16 04:00:00,1741.7105495536853
2021-05-16 05:00:00,1786.094973290064
2021-05-16 06:00:00,2194.8850484483933
2021-05-16 07:00:00,2531.3300699387573
2021-05-16 08:00:00,2635.1418513771673
2021-05-16 09:00:00,2405.272344308389
2021-05-16 10:00:00,2286.782647184164
2021-05-16 11:00:00,1990.4517633091734
2021-05-16 12:00:00,2085.962017399583
2021-05-16 13:00:00,2170.784625546642
2021-05-16 14:00:00,1998.520307511337
2021-05-16 15:00:00,2084.342302699278
2021-05-16 16:00:00,2012.7779637309475
2021-05-16 17:00:00,2259.3282243513736
2021-05-16 18:00:00,2302.6525206050815
2021-05-16 19:00:00,2289.8507951060233
2021-05-16 20:00:00,2195.374748495102
2021-05-16 21:00:00,2078.4652900672145
2021-05-16 22:00:00,1913.9300586768334
2021-05-16 23:00:00,1815.9304554548662
2021-05-17 00:00:00,1887.3382374001005
2021-05-17 01:00:00,1888.9366829517796
2021-05-17 02:00:00,1872.3339520798288
2021-05-17 03:00:00,1967.1313614206242
2021-05-17 04:00:00,2284.114939387883
2021-05-17 05:00:00,2515.986172843464
2021-05-17 06:00:00,2749.1149157090517
2021-05-17 07:00:00,3137.388117555474
2021-05-17 08:00:00,3277.5413048314354
2021-05-17 09:00:00,3093.0818431381695
2021-05-17 10:00:00,2889.7112200112956
2021-05-17 11:00:00,2765.6004990350884
2021-05-17 12:00:00,2628.3024852526014
2021-05-17 13:00:00,2681.076903944392
2021-05-17 14:00:00,2953.3475440941934
2021-05-17 15:00:00,2804.8869774924215
2021-05-17 16:00:00,2838.1411835499084
2021-05-17 17:00:00,3130.0648336090667
2021-05-17 18:00:00,3345.829820562688
2021-05-17 19:00:00,2889.6335012266295
2021-05-17 20:00:00,2776.4828546745975
2021-05-17 21:00:00,2827.657422661399
2021-05-17 22:00:00,2556.1102255526557
2021-05-17 23:00:00,2330.1581252509714
2021-05-18 00:00:00,1768.8616145764881
2021-05-18 01:00:00,1847.6656209995247
2021-05-18 02:00:00,2012.006397846403
2021-05-18 03:00:00,2099.318382222053
2021-05-18 04:00:00,2271.3066301512295
2021-05-18 05:00:00,2697.664797240005
2021-05-18 06:00:00,2625.7819049621803
2021-05-18 07:00:00,2853.2082933842094
2021-05-18 08:00:00,3204.3742293042346
2021-05-18 09:00:00,3012.5933506831116
2021-05-18 10:00:00,3028.6499958200925
2021-05-18 11:00:00,2765.1246336694694
2021-05-18 12:00:00,2584.1837133625813
2021-05-18 13:00:00,2732.880150575752
2021-05-18 14:00:00,2788.8901094319062
2021-05-18 15:00:00,2716.269474786281
2021-05-18 16:00:00,2596.1117764923997
2021-05-18 17:00:00,2961.3143819941924
2021-05-18 18:00:00,3211.7081605663507
2021-05-18 19:00:00,3224.1431517366987
2021-05-18 20:00:00,2810.531032643296
2021-05-18 21:00:00,2809.0395267730787
2021-05-18 22:00:00,2442.4118667029934
2021-05-18 23:00:00,2422.7994366349735
2021-05-19 00:00:00,1702.101513562105
2021-05-19 01:00:00,1875.6247516030858
2021-05-19 02:00:00,2019.4345277153504
2021-05-19 03:00:00,1986.683539301109
2021-05-19 04:00:00,2287.244951561507
2021-05-19 05:00:00,2227.188211858399
2021-05-19 06:00:00,3064.9439140419763
2021-05-19 07:00:00,3111.4558175179495
2021-05-19 08:00:00,2791.9786565572845
2021-05-19 09:00:00,3017.9112715657097
2021-05-19 10:00:00,2956.9846825100426
2021-05-19 11:00:00,2721.6174065432747
2021-05-19 12:00:00,2584.653635630917
2021-05-19 13:00:00,2548.92829237032
2021-05-19 14:00:00,2646.0073325152894
2021-05-19 15:00:00,2711.7908497581893
2021-05-19 16:00:00,2949.290068119637
2021-05-19 17:00:00,3154.10707764412
2021-05-19 18:00:00,2977.751365267893
2021-05-19 19:00:00,3013.8165833891217
2021-05-19 20:00:00,2820.072364701102
2021-05-19 21:00:00,2671.6810169740097
2021-05-19 22:00:00,2647.722268735603
2021-05-19 23:00:00,2265.688782775777
2021-05-20 00:00:00,1699.575607035172
2021-05-20 01:00:00,1955.703875011233
2021-05-20 02:00:00,2013.4164204183787
2021-05-20 03:00:00,2083.6978687465307
2021-05-20 04:00:00,2298.152399908336
2021-05-20 05:00:00,2507.139155897499
2021-05-20 06:00:00,2571.6679212037643
2021-05-20 07:00:00,2832.469315302325
2021-05-20 08:00:00,3017.503063763845
2021-05-20 09:00:00,2849.491806877158
2021-05-20 10:00:00,3027.9869292310213
2021-05-20 11:00:00,2645.1587703946775
2021-05-20 12:00:00,2761.6777350823845
2021-05-20 13:00:00,2775.2209168010872
2021-05-20 14:00:00,2517.9451663269456
2021-05-20 15:00:00,2905.0515042724164
2021-05-20 16:00:00,3092.7950976669176
2021-05-20 17:00:00,3123.1803328228284
2021-05-20 18:00:00,3200.2367651274494
2021-05-20 19:00:00,3230.4130052994406
2021-05-20 20:00:00,2693.124440973175
2021-05-20 21:00:00,2884.370590544543
2021-05-20 22:00:00,2350.4166362730507
2021-05-20 23:00:00,2376.729624608543
2021-05-21 00:00:00,1940.5000365999326
2021-05-21 01:00:00,1806.2546958626504
2021-05-21 02:00:00,2099.055564450806
2021-05-21 03:00:00,2158.3175856734383
2021-05-21 04:00:00,2273.889354671741
2021-05-21 05:00:00,2312.540512737283
2021-05-21 06:00:00,2762.6623567910938
2021-05-21 07:00:00,3085.590376457926
2021-05-21 08:00:00,2995.095559595016
2021-05-21 09:00:00,3268.7888634425376
2021-05-21 10:00:00,3068.51063499758
2021-05-21 11:00:00,2906.5511139819305
2021-05-21 12:00:00,2691.5821318508843
2021-05-21 13:00:00,2679.936419447149
2021-05-21 14:00:00,2752.244901769981
2021-05-21 15:00:00,2574.052561694599
2021-05-21 16:00:00,3026.836187337322
2021-05-21 17:00:00,2879.029409122014
2021-05-21 18:00:00,3040.0044138885423
2021-05-21 19:00:00,3029.2873715809487
2021-05-21 20:00:00,2737.148880725915
2021-05-21 21:00:00,2575.9018259579198
2021-05-21 22:00:00,2204.4489930940454
2021-05-21 23:00:00,2417.688120003099
2021-05-22 00:00:00,1534.3161635438876
2021-05-22 01:00:00,1531.5879389398926
2021-05-22 02:00:00,1827.9290268608354
2021-05-22 03:00:00,1802.5032534382126
2021-05-22 04:00:00,2054.7690844343006
2021-05-22 05:00:00,2226.4709073332347
2021-05-22 06:00:00,2450.347732570349
2021-05-22 07:00:00,2332.52128924874
2021-05-22 08:00:00,2557.7761806681965
2021-05-22 09:00:00,2695.021754972453
2021-05-22 10:00:00,2405.2388137054513
2021-05-22 11:00:00,2415.815164829689
2021-05-22 12:00:00,2360.357220163065
2021-05-22 13:00:00,2185.8465279245847
2021-05-22 14:00:00,2541.160626108806
2021-05-22 15:00:00,2305.2405141741497
2021-05-22 16:00:00,2485.2563537319843
2021-05-22 17:00:00,2425.5274932676784
2021-05-22 18:00:00,2882.278334773995
2021-05-22 19:00:00,2538.3386475271027
2021-05-22 20:00:00,2337.6764355359055
2021-05-22 21:00:00,2540.5210789570783
2021-05-22 22:00:00,2134.348977679013
2021-05-22 23:00:00,1920.0559414758256
2021-05-23 00:00:00,1313.320447002732
2021-05-23 01:00:00,1400.7519884637427
2021-05-23 02:00:00,1492.5975792378563
2021-05-23 03:00:00,1571.6988675092996
2021-05-23 04:00:00,1664.9084863034568
2021-05-23 05:00:00,1917.5016877961311
2021-05-23 06:00:00,2319.4912278434163
2021-05-23 07:00:00,2063.7354822428533
2021-05-23 08:00:00,2394.38053990735
2021-05-23 09:00:00,2267.806053133065
2021-05-23 10:00:00,2220.5433359208746
2021-05-23 11:00:00,2206.5050693666667
2021-05-23 12:00:00,1952.513510918668
2021-05-23 13:00:00,1980.7920895090167
2021-05-23 14:00:00,2051.6218491840577
2021-05-23 15:00:00,2040.6217847672349
2021-05-23 16:00:00,2128.6901874407567
2021-05-23 17:00:00,2195.281342351548
2021-05-23 18:00:00,2284.158338329708
2021-05-23 19:00:00,2242.0527583843445
2021-05-23 20:00:00,2122.293446701733
2021-05-23 21:00:00,2025.0532646678798
2021-05-23 22:00:00,1754.7542629610678
2021-05-23 23:00:00,1748.052434640865
2021-05-24 00:00:00,1697.6675656240263
2021-05-24 01:00:00,1844.549462566496
2021-05-24 02:00:00,1842.8790831509934
2021-05-24 03:00:00,1984.7142488410304
2021-05-24 04:00:00,2083.414245699285
2021-05-24 05:00:00,2304.470473107459
2021-05-24 06:00:00,2691.900689350521
2021-05-24 07:00:00,2994.3020458940473
2021-05-24 08:00:00,2900.736785108882
2021-05-24 09:00:00,3057.841038462257
2021-05-24 10:00:00,3005.1810767254024
2021-05-24 11:00:00,2989.597530281659
2021-05-24 12:00:00,2736.706556047166
2021-05-24 13:00:00,2642.436520115754
2021-05-24 14:00:00,2876.976568468706
2021-05-24 15:00:00,2808.3391996715736
2021-05-24 16:00:00,2621.4334284481397
2021-05-24 17:00:00,3106.3023561216933
2021-05-24 18:00:00,2866.356161858084
2021-05-24 19:00:00,2905.1992023405046
2021-05-24 20:00:00,2504.6874168830636
2021-05-24 21:00:00,2721.347120455544
2021-05-24 22:00:00,2470.4160137633676
2021-05-24 23:00:00,2374.3319795994094
2021-05-25 00:00:00,1831.451679257619
2021-05-25 01:00:00,1577.9348490738948
2021-05-25 02:00:00,1997.7094400274927
2021-05-25 03:00:00,2213.256824917762
2021-05-25 04:00:00,2299.0011416559632
2021-05-25 05:00:00,2411.562056152403
2021-05-25 06:00:00,2855.5314533846113
2021-05-25 07:00:00,3116.1339382838332
2021-05-25 08:00:00,2839.2390580788874
2021-05-25 09:00:00,3032.941267474778
2021-05-25 10:00:00,2864.872572623728
2021-05-25 11:00:00,2742.413126509655
2021-05-25 12:00:00,2782.1499404927404
2021-05-25 13:00:00,2564.749618261727
2021-05-25 14:00:00,2419.919302555805
2021-05-25 15:00:00,2905.256162496046
2021-05-25 16:00:00,2994.7631495130063
2021-05-25 17:00:00,3229.1386881927924
2021-05-25 18:00:00,3132.527191209406
2021-05-25 19:00:00,3016.015475819047
2021-05-25 20:00:00,2699.511145588606
2021-05-25 21:00:00,2503.685838506034
2021-05-25 22:00:00,2498.648089778252
2021-05-25 23:00:00,2390.022045724845
2021-05-26 00:00:00,1714.0370092853025
2021-05-26 01:00:00,1793.915577232747
2021-05-26 02:00:00,1804.1426434895168
2021-05-26 03:00:00,2051.062333191982
2021-05-26 04:00:00,2273.5478763420815
2021-05-26 05:00:00,2663.0052932077733
2021-05-26 06:00:00,2653.1789476040776
2021-05-26 07:00:00,2854.3256116247258
2021-05-26 08:00:00,3086.4554067010354
2021-05-26 09:00:00,2779.419286687105
2021-05-26 10:00:00,2680.3311743214877
2021-05-26 11:00:00,2552.1271447097606
2021-05-26 12:00:00,2672.3141570727853
2021-05-26 13:00:00,2553.676536062081
2021-05-26 14:00:00,2653.674844729407
2021-05-26 15:00:00,2576.966246425711
2021-05-26 16:00:00,2729.5914757492087
2021-05-26 17:00:00,2961.2481285325916
2021-05-26 18:00:00,2956.553628418743
2021-05-26 19:00:00,2934.0682438872823
2021-05-26 20:00:00,2804.3016455913335
2021-05-26 21:00:00,2571.567715734473
2021-05-26 22:00:00,2311.871002036115
2021-05-26 23:00:00,2594.085282872707
2021-05-27 00:00:00,1795.0324487959813
2021-05-27 01:00:00,1782.4081503521304
2021-05-27 02:00:00,1902.2176812054813
2021-05-27 03:00:00,2106.204902529918
2021-05-27 04:00:00,2265.7037855429317
2021-05-27 05:00:00,2511.9839803962427
2021-05-27 06:00:00,2691.800263563891
2021-05-27 07:00:00,2833.15908102331
2021-05-27 08:00:00,3213.934471651721
2021-05-27 09:00:00,2955.9604420601827
2021-05-27 10:00:00,3050.506431804068
2021-05-27 11:00:00,2815.9223679540537
2021-05-27 12:00:00,2385.6760478564643
2021-05-27 13:00:00,2588.437318754642
2021-05-27 14:00:00,2766.054733505877
2021-05-27 15:00:00,2825.1326317122257
2021-05-27 16:00:00,2648.6408758842144
2021-05-27 17:00:00,2953.3288765161265
2021-05-27 18:00:00,2864.7589617359563
2021-05-27 19:00:00,3129.0942806250428
2021-05-27 20:00:00,2902.377398095375
2021-05-27 21:00:00,2572.62718522568
2021-05-27 22:00:00,2326.226369166238
2021-05-27 23:00:00,2347.640184723312
2021-05-28 00:00:00,1752.60147337941
2021-05-28 01:00:00,1798.3471796018196
2021-05-28 02:00:00,1989.3208503898147
2021-05-28 03:00:00,2132.847827684056
2021-05-28 04:00:00,2270.4878714379565
2021-05-28 05:00:00,2501.460795091497
2021-05-28 06:00:00,2859.4868638201383
2021-05-28 07:00:00,2890.3427780090365
2021-05-28 08:00:00,2804.2307854254377
2021-05-28 09:00:00,3191.7485088519206
2021-05-28 10:00:00,2760.198538723546
2021-05-28 11:00:00,2366.585475310372
2021-05-28 12:00:00,2596.5123513975273
2021-05-28 13:00:00,2601.1590859562843
2021-05-28 14:00:00,2782.4414033475664
2021-05-28 15:00:00,2951.013695830433
2021-05-28 16:00:00,2693.168031767445
2021-05-28 17:00:00,2773.5075736273625
2021-05-28 18:00:00,2979.8954669150944
2021-05-28 19:00:00,2980.1768666669936
2021-05-28 20:00:00,2437.964582171066
2021-05-28 21:00:00,2531.5397026967025
2021-05-28 22:00:00,2272.3767933280365
2021-05-28 23:00:00,1876.9619508723117
2021-05-29 00:00:00,1485.6782158025214
2021-05-29 01:00:00,1577.0099284745802
2021-05-29 02:00:00,1721.563045912752
2021-05-29 03:00:00,1798.1389506675157
2021-05-29 04:00:00,1870.596448812521
2021-05-29 05:00:00,2195.831294600306
2021-05-29 06:00:00,2245.585969196576
2021-05-29 07:00:00,2576.891426971308
2021-05-29 08:00:00,2458.543178147711
2021-05-29 09:00:00,2645.6316825627646
2021-05-29 10:00:00,2455.0715218577534
2021-05-29 11:00:00,2387.6600685926
2021-05-29 12:00:00,2243.8007461783905
2021-05-29 13:00:00,2351.1368754357286
2021-05-29 14:00:00,2204.6339392191726
2021-05-29 15:00:00,2277.946099679597
2021-05-29 16:00:00,2410.1914357092883
2021-05-29 17:00:00,2586.539159183443
2021-05-29 18:00:00,2675.105746447742
2021-05-29 19:00:00,2381.4421195361188
2021-05-29 20:00:00,2386.938152412259
2021-05-29 21:00:00,2223.2027813553364
2021-05-29 22:00:00,2074.0242130130205
2021-05-29 23:00:00,1797.6578825818228
2021-05-30 00:00:00,1310.7588872597387
2021-05-30 01:00:00,1353.0892034278595
2021-05-30 02:00:00,1377.8308524789095
2021-05-30 03:00:00,1591.4973695107929
2021-05-30 04:00:00,1617.2739989364052
2021-05-30 05:00:00,1962.845160652108
2021-05-30 06:00:00,1893.7208903103551
2021-05-30 07:00:00,2258.6737039402137
2021-05-30 08:00:00,2439.9176789513313
2021-05-30 09:00:00,2208.1067728325393
2021-05-30 10:00:00,2004.6857140133468
2021-05-30 11:00:00,1920.438087638443
2021-05-30 12:00:00,1814.2661697644037
2021-05-30 13:00:00,1863.3783351525149
2021-05-30 14:00:00,1825.4524382684372
2021-05-30 15:00:00,2060.6060775637457
2021-05-30 16:00:00,2024.3575542315293
2021-05-30 17:00:00,2231.961860927234
2021-05-30 18:00:00,2356.726546100834
2021-05-30 19:00:00,2263.9807008347875
2021-05-30 20:00:00,1856.0808543318487
2021-05-30 21:00:00,2125.2832742406267
2021-05-30 22:00:00,1983.1059171806796
2021-05-30 23:00:00,1699.6722878057278
2021-05-31 00:00:00,1706.5976249068854
2021-05-31 01:00:00,1803.774845901363
2021-05-31 02:00:00,1819.204652855405
2021-05-31 03:00:00,1905.7147557248206
2021-05-31 04:00:00,2063.54391121907
2021-05-31 05:00:00,2520.776224591588
2021-05-31 06:00:00,2812.462821590133
2021-05-31 07:00:00,2861.0333628267144
2021-05-31 08:00:00,3020.1623808891172
2021-05-31 09:00:00,3112.396810347243
2021-05-31 10:00:00,2925.016117947931
2021-05-31 11:00:00,2472.4756026333635
2021-05-31 12:00:00,2455.2678019281384
2021-05-31 13:00:00,2466.9794459596337
2021-05-31 14:00:00,2535.023533971443
2021-05-31 15:00:00,2682.0149873109117
2021-05-31 16:00:00,2899.4238732139
2021-05-31 17:00:00,2861.3366835411925
2021-05-31 18:00:00,2958.411804242697
2021-05-31 19:00:00,2843.8674608108254
2021-05-31 20:00:00,2953.689903597427
2021-05-31 21:00:00,2525.7678409810114
2021-05-31 22:00:00,2341.521190358136
2021-05-31 23:00:00,2255.825096882466
2021-06-01 00:00:00,1860.8830721303643
2021-06-01 01:00:00,1744.93702039948
2021-06-01 02:00:00,1814.2438418175889
2021-06-01 03:00:00,1967.2745814329303
2021-06-01 04:00:00,2270.336874676744
2021-06-01 05:00:00,2225.4519330486023
2021-06-01 06:00:00,2781.711574230995
2021-06-01 07:00:00,2899.190986045379
2021-06-01 08:00:00,3134.4140195739724
2021-06-01 09:00:00,3092.818695626912
2021-06-01 10:00:00,2961.713967345675
2021-06-01 11:00:00,2874.8011169546153
2021-06-01 12:00:00,2955.850359840018
2021-06-01 13:00:00,2683.1312910573765
2021-06-01 14:00:00,2666.172037407574
2021-06-01 15:00:00,2581.1224853941812
2021-06-01 16:00:00,2799.419265442839
2021-06-01 17:00:00,2941.0267976858677
2021-06-01 18:00:00,2746.56902029462
2021-06-01 19:00:00,2694.0138660559983
2021-06-01 20:00:00,2562.2504806375046
2021-06-01 21:00:00,2488.0480106141786
2021-06-01 22:00:00,2572.704942228049
2021-06-01 23:00:00,2278.2916086635605
2021-06-02 00:00:00,1654.9625209388078
2021-06-02 01:00:00,1814.476712484618
2021-06-02 02:00:00,1910.5142421670703
2021-06-02 03:00:00,2012.7101392027523
2021-06-02 04:00:00,2373.1302310607475
2021-06-02 05:00:00,2259.988581068877
2021-06-02 06:00:00,2725.862927328171
2021-06-02 07:00:00,2826.544468911652
2021-06-02 08:00:00,3210.88462770036
2021-06-02 09:00:00,2805.872802487049
2021-06-02 10:00:00,2697.617040891382
2021-06-02 11:00:00,2505.7543833542063
2021-06-02 12:00:00,2706.247147429069
2021-06-02 13:00:00,2432.105922033849
2021-06-02 14:00:00,2544.199879441372
2021-06-02 15:00:00,2602.138742634709
2021-06-02 16:00:00,2649.9434477017435
2021-06-02 17:00:00,2706.5492083424638
2021-06-02 18:00:00,2871.4694994809443
2021-06-02 19:00:00,2889.4155987040936
2021-06-02 20:00:00,2683.3713674643354
2021-06-02 21:00:00,2600.1075534106894
2021-06-02 22:00:00,2174.489606731182
2021-06-02 23:00:00,2304.543302592426
2021-06-03 00:00:00,1750.6908497163563
2021-06-03 01:00:00,1900.1969059803905
2021-06-03 02:00:00,1859.844903238446
2021-06-03 03:00:00,1933.645249358224
2021-06-03 04:00:00,2215.533389470876
2021-06-03 05:00:00,2422.47373168888
2021-06-03 06:00:00,2524.802974333124
2021-06-03 07:00:00,2695.511346884764
2021-06-03 08:00:00,2954.161391078836
2021-06-03 09:00:00,2836.1247015194126
2021-06-03 10:00:00,2636.0597762518487
2021-06-03 11:00:00,2816.1028630952924
2021-06-03 12:00:00,2736.1799112917033
2021-06-03 13:00:00,2592.7030690498414
2021-06-03 14:00:00,2462.587905005882
2021-06-03 15:00:00,2537.5463109665743
2021-06-03 16:00:00,2649.4708888730843
2021-06-03 17:00:00,2783.652674294569
2021-06-03 18:00:00,2829.0147927383146
2021-06-03 19:00:00,3009.3497065630568
2021-06-03 20:00:00,2670.1976083485933
2021-06-03 21:00:00,2427.8624246905833
2021-06-03 22:00:00,2247.5813069706737
2021-06-03 23:00:00,2224.1028364193244
2021-06-04 00:00:00,1822.0293447333454
2021-06-04 01:00:00,1867.4811429248973
2021-06-04 02:00:00,1758.2232858218197
2021-06-04 03:00:00,2007.4818209255343
2021-06-04 04:00:00,2149.006250668292
2021-06-04 05:00:00,2217.98444428917
2021-06-04 06:00:00,2604.1204082265263
2021-06-04 07:00:00,2230.028516764201
2021-06-04 08:00:00,3004.0730298412113
2021-06-04 09:00:00,2730.9228406702305
2021-06-04 10:00:00,2765.521615702899
2021-06-04 11:00:00,2766.0377367622837
2021-06-04 12:00:00,2707.6518883688595
2021-06-04 13:00:00,2640.935212055352
2021-06-04 14:00:00,2635.1522926905996
2021-06-04 15:00:00,2483.758248944386
2021-06-04 16:00:00,2904.7502630069257
2021-06-04 17:00:00,2721.180718672664
2021-06-04 18:00:00,3013.4060153570817
2021-06-04 19:00:00,2690.5279025882965
2021-06-04 20:00:00,2895.632728007261
2021-06-04 21:00:00,2644.0604328456266
2021-06-04 22:00:00,2520.5293379300238
2021-06-04 23:00:00,2176.7540975384395
2021-06-05 00:00:00,1391.6804184764314
2021-06-05 01:00:00,1497.2724923280764
2021-06-05 02:00:00,1416.970462724415
2021-06-05 03:00:00,1648.9813809475
2021-06-05 04:00:00,1746.6774602091111
2021-06-05 05:00:00,2121.925434604529
2021-06-05 06:00:00,2257.264602002116
2021-06-05 07:00:00,2291.2201584630625
2021-06-05 08:00:00,2493.3198635047015
2021-06-05 09:00:00,2747.233786107659
2021-06-05 10:00:00,2286.748514652393
2021-06-05 11:00:00,2139.2436062412744
2021-06-05 12:00:00,1880.476928427323
2021-06-05 13:00:00,2199.358743355979
2021-06-05 14:00:00,1982.4735058377323
2021-06-05 15:00:00,2181.661898709217
2021-06-05 16:00:00,2345.443182126538
2021-06-05 17:00:00,2458.2071794917906
2021-06-05 18:00:00,2367.023093818274
2021-06-05 19:00:00,2379.365969407583
2021-06-05 20:00:00,2309.486727622523
2021-06-05 21:00:00,2122.478536471031
2021-06-05 22:00:00,1858.7456956388605
2021-06-05 23:00:00,1795.1034890043377
2021-06-06 00:00:00,1293.3864535971286
2021-06-06 01:00:00,1466.2516197236803
2021-06-06 02:00:00,1293.0959048599361
2021-06-06 03:00:00,1516.681395467971
2021-06-06 04:00:00,1624.179927781157
2021-06-06 05:00:00,1792.0893423159844
2021-06-06 06:00:00,2008.3483724611158
2021-06-06 07:00:00,2113.2523097337225
2021-06-06 08:00:00,2167.9723637088277
2021-06-06 09:00:00,2138.8299458729043
2021-06-06 10:00:00,2075.8240268686227
2021-06-06 11:00:00,2037.5150044620307
2021-06-06 12:00:00,1923.0476742063113
2021-06-06 13:00:00,1855.9493718947415
2021-06-06 14:00:00,2150.902059944898
2021-06-06 15:00:00,2131.2246779565608
2021-06-06 16:00:00,2068.7741025741498
2021-06-06 17:00:00,2179.145965635459
2021-06-06 18:00:00,2198.015365325691
2021-06-06 19:00:00,1953.5397475371121
2021-06-06 20:00:00,2198.662853604485
2021-06-06 21:00:00,1853.7872823973362
2021-06-06 22:00:00,1867.7192918548747
2021-06-06 23:00:00,1735.5079381443304
2021-06-07 00:00:00,1706.9205225917437
2021-06-07 01:00:00,1756.9265397223635
2021-06-07 02:00:00,1868.5907949466057
2021-06-07 03:00:00,2042.0941047357885
2021-06-07 04:00:00,2313.3793521664675
2021-06-07 05:00:00,2236.768087922276
2021-06-07 06:00:00,2650.9032155773766
2021-06-07 07:00:00,2781.6328434373586
2021-06-07 08:00:00,2704.186308584527
2021-06-07 09:00:00,2929.2744789188723
2021-06-07 10:00:00,2563.079861374777
2021-06-07 11:00:00,2870.9260383752853
2021-06-07 12:00:00,2511.766940959537
2021-06-07 13:00:00,2210.2843269708806
2021-06-07 14:00:00,2415.682826229997
2021-06-07 15:00:00,2655.3406520142958
2021-06-07 16:00:00,2761.4407448235183
2021-06-07 17:00:00,2896.991778344412
2021-06-07 18:00:00,2829.3700344421836
2021-06-07 19:00:00,2713.8443551945293
2021-06-07 20:00:00,2630.286282151879
2021-06-07 21:00:00,2431.6075554235927
2021-06-07 22:00:00,2255.5925858600012
2021-06-07 23:00:00,2353.971779055245
2021-06-08 00:00:00,1630.5011449991835
2021-06-08 01:00:00,1646.6995274709689
2021-06-08 02:00:00,1859.7600888486463
2021-06-08 03:00:00,2053.1267757237
2021-06-08 04:00:00,2037.4137722386738
2021-06-08 05:00:00,2315.3741537858878
2021-06-08 06:00:00,2695.741005795559
2021-06-08 07:00:00,2671.399301141515
2021-06-08 08:00:00,3019.8235198300795
2021-06-08 09:00:00,2790.1486241067423
2021-06-08 10:00:00,2795.60912121519
2021-06-08 11:00:00,2784.004806573785
2021-06-08 12:00:00,2538.979800575577
2021-06-08 13:00:00,2646.8013898032946
2021-06-08 14:00:00,2543.3509219945504
2021-06-08 15:00:00,2784.794188565028
2021-06-08 16:00:00,2729.166939448311
2021-06-08 17:00:00,2952.833732242546
2021-06-08 18:00:00,2883.076060385234
2021-06-08 19:00:00,2984.8641358127193
2021-06-08 20:00:00,2809.0106035211484
2021-06-08 21:00:00,2495.573962084322
2021-06-08 22:00:00,2596.656593196697
2021-06-08 23:00:00,2361.732082519441
2021-06-09 00:00:00,1776.9553495693715
2021-06-09 01:00:00,1798.141778816069
2021-06-09 02:00:00,1807.9634379626966
2021-06-09 03:00:00,1960.8516935324799
2021-06-09 04:00:00,2147.6868345021103
2021-06-09 05:00:00,2151.642519271036
2021-06-09 06:00:00,2539.5160146613734
2021-06-09 07:00:00,2724.125932777292
2021-06-09 08:00:00,2898.577212980929
2021-06-09 09:00:00,3077.840852192144
2021-06-09 10:00:00,2755.994072548364
2021-06-09 11:00:00,2613.160542579263
2021-06-09 12:00:00,2576.3664216970546
2021-06-09 13:00:00,2588.395076537943
2021-06-09 14:00:00,2543.252578937337
2021-06-09 15:00:00,2530.4513585575937
2021-06-09 16:00:00,2983.0195399034337
2021-06-09 17:00:00,2913.8912327309868
2021-06-09 18:00:00,2902.352087277811
2021-06-09 19:00:00,2709.8342477175647
2021-06-09 20:00:00,2757.6470470680733
2021-06-09 21:00:00,2631.320986868113
2021-06-09 22:00:00,2318.136767887371
2021-06-09 23:00:00,2184.8640495007585
2021-06-10 00:00:00,1709.6402130827807
2021-06-10 01:00:00,1568.8269631489272
2021-06-10 02:00:00,1809.0495782278886
2021-06-10 03:00:00,2036.8970766335724
2021-06-10 04:00:00,2045.2346922658764
2021-06-10 05:00:00,2371.2603861242114
2021-06-10 06:00:00,2585.306774197117
2021-06-10 07:00:00,2916.944869900543
2021-06-10 08:00:00,2897.4924769766085
2021-06-10 09:00:00,3206.095281779309
2021-06-10 10:00:00,2735.187269913165
2021-06-10 11:00:00,3043.126317190461
2021-06-10 12:00:00,2658.3261901053766
2021-06-10 13:00:00,2691.404149316955
2021-06-10 14:00:00,2353.847783830838
2021-06-10 15:00:00,2545.8728367531653
2021-06-10 16:00:00,2441.66955266247
2021-06-10 17:00:00,2690.9207421353144
2021-06-10 18:00:00,2857.778409090807
2021-06-10 19:00:00,2771.6131710279233
2021-06-10 20:00:00,2971.244545185474
2021-06-10 21:00:00,2222.2665991305485
2021-06-10 22:00:00,2510.0969077488066
2021-06-10 23:00:00,2111.538448919865
2021-06-11 00:00:00,1767.685119683939
2021-06-11 01:00:00,1835.6244368199639
2021-06-11 02:00:00,1903.465295983531
2021-06-11 03:00:00,2013.1387155356933
2021-06-11 04:00:00,2060.031708696795
2021-06-11 05:00:00,2330.3888799014585
2021-06-11 06:00:00,2560.552390548001
2021-06-11 07:00:00,2754.835479107899
2021-06-11 08:00:00,3053.8603523656584
2021-06-11 09:00:00,2992.8840971191476
2021-06-11 10:00:00,2789.9051198579077
2021-06-11 11:00:00,2728.060389864516
2021-06-11 12:00:00,2556.404239601188
2021-06-11 13:00:00,2465.1181209184324
2021-06-11 14:00:00,2432.507300064691
2021-06-11 15:00:00,2728.2085659060212
2021-06-11 16:00:00,2589.0121997458473
2021-06-11 17:00:00,2729.927439889767
2021-06-11 18:00:00,2696.2195464033234
2021-06-11 19:00:00,2737.3370322873607
2021-06-11 20:00:00,2866.6708845762005
2021-06-11 21:00:00,2483.382023314464
2021-06-11 22:00:00,2259.6571294263576
2021-06-11 23:00:00,2174.331489091598
2021-06-12 00:00:00,1467.9564022427796
2021-06-12 01:00:00,1634.1754922535831
2021-06-12 02:00:00,1611.0466924619475
2021-06-12 03:00:00,1725.3736647816272
2021-06-12 04:00:00,1921.2246537245724
2021-06-12 05:00:00,2039.9216644872458
2021-06-12 06:00:00,2238.3543100499155
2021-06-12 07:00:00,2326.901509021718
2021-06-12 08:00:00,2513.1894135353064
2021-06-12 09:00:00,2325.3157197351866
2021-06-12 10:00:00,2245.6533953786206
2021-06-12 11:00:00,2263.175637006803
2021-06-12 12:00:00,2032.2445212814819
2021-06-12 13:00:00,1849.922598430143
2021-06-12 14:00:00,2078.472908606699
2021-06-12 15:00:00,2469.2865410064574
2021-06-12 16:00:00,2394.0494942033747
2021-06-12 17:00:00,2553.002632603363
2021-06-12 18:00:00,2576.028565780657
2021-06-12 19:00:00,2503.540970918959
2021-06-12 20:00:00,2306.345120501462
2021-06-12 21:00:00,2157.809543259004
2021-06-12 22:00:00,1887.4974966757468
2021-06-12 23:00:00,1980.5396436088351
2021-06-13 00:00:00,1284.6871584532612
2021-06-13 01:00:00,1362.937003165364
2021-06-13 02:00:00,1326.3772803511135
2021-06-13 03:00:00,1447.6253529163585
2021-06-13 04:00:00,1719.1044923471325
2021-06-13 05:00:00,1809.3165608010468
2021-06-13 06:00:00,1818.6948399799326
2021-06-13 07:00:00,2203.994621280285
2021-06-13 08:00:00,2147.008687800756
2021-06-13 09:00:00,2187.108347978268
2021-06-13 10:00:00,2069.958620139802
2021-06-13 11:00:00,1865.5287293737385
2021-06-13 12:00:00,1927.4092864814725
2021-06-13 13:00:00,1937.0127243254847
2021-06-13 14:00:00,2079.9711677242167
2021-06-13 15:00:00,1821.3207438899703
2021-06-13 16:00:00,2057.717922689835
2021-06-13 17:00:00,2238.6275501139253
2021-06-13 18:00:00,2095.2598203097155
2021-06-13 19:00:00,1951.5157903147708
2021-06-13 20:00:00,1922.4488876231778
2021-06-13 21:00:00,1795.8331020042217
2021-06-13 22:00:00,1858.7305594938312
2021-06-13 23:00:00,1510.470864733096
2021-06-14 00:00:00,1495.2049505377702
2021-06-14 01:00:00,1694.6785789996359
2021-06-14 02:00:00,1762.0556092064778
2021-06-14 03:00:00,2048.6882423248126
2021-06-14 04:00:00,2093.374288810589
2021-06-14 05:00:00,2317.2744960404343
2021-06-14 06:00:00,2430.499105273076
2021-06-14 07:00:00,2448.945841138448
2021-06-14 08:00:00,2694.2054594709853
2021-06-14 09:00:00,2608.3995331975652
2021-06-14 10:00:00,2839.2716850803695
2021-06-14 11:00:00,2669.246560586188
2021-06-14 12:00:00,2404.66518594613
2021-06-14 13:00:00,2737.8004749728752
2021-06-14 14:00:00,2714.780184133066
2021-06-14 15:00:00,2558.476483106988
2021-06-14 16:00:00,2754.721058758242
2021-06-14 17:00:00,2972.1118270711204
2021-06-14 18:00:00,2481.9346294993697
2021-06-14 19:00:00,2504.800226447127
2021-06-14 20:00:00,2586.810343297776
2021-06-14 21:00:00,2500.1029715881723
2021-06-14 22:00:00,2376.055397066663
2021-06-14 23:00:00,2179.077873732272
2021-06-15 00:00:00,1595.184041546549
2021-06-15 01:00:00,1724.3338611552483
2021-06-15 02:00:00,1696.6662569676903
2021-06-15 03:00:00,1711.311184394046
2021-06-15 04:00:00,2225.5692479379695
2021-06-15 05:00:00,2352.3564533884473
2021-06-15 06:00:00,2416.2069080115507
2021-06-15 07:00:00,2879.351014913191
2021-06-15 08:00:00,3080.8676681161674
2021-06-15 09:00:00,2750.644053320266
2021-06-15 10:00:00,2757.7530808080446
2021-06-15 11:00:00,2543.9107578219423
2021-06-15 12:00:00,2443.9479191683517
2021-06-15 13:00:00,2347.491789681002
2021-06-15 14:00:00,2642.2126075468955
2021-06-15 15:00:00,2485.0567678639436
2021-06-15 16:00:00,2659.123347235276
2021-06-15 17:00:00,2944.8053118846274
2021-06-15 18:00:00,2751.252281728001
2021-06-15 19:00:00,2653.443052387889
2021-06-15 20:00:00,2692.128192640086
2021-06-15 21:00:00,2510.2705207979006
2021-06-15 22:00:00,2191.0585848416395
2021-06-15 23:00:00,2074.472846691224
2021-06-16 00:00:00,1622.2214709146797
2021-06-16 01:00:00,1784.4728338831133
2021-06-16 02:00:00,1790.6914661779642
2021-06-16 03:00:00,1776.9221762094733
2021-06-16 04:00:00,2060.4215556059353
2021-06-16 05:00:00,2351.1105769357955
2021-06-16 06:00:00,2752.671717606173
2021-06-16 07:00:00,2529.3859281312475
2021-06-16 08:00:00,2725.0635762531897
2021-06-16 09:00:00,2757.5790378721995
2021-06-16 10:00:00,2701.780843034681
2021-06-16 11:00:00,2478.8913556400307
2021-06-16 12:00:00,2594.6605555999627
2021-06-16 13:00:00,2438.939838765866
2021-06-16 14:00:00,2489.1626876536925
2021-06-16 15:00:00,2377.5875601004936
2021-06-16 16:00:00,2483.0574838843386
2021-06-16 17:00:00,2982.433271635817
2021-06-16 18:00:00,2729.168215691406
2021-06-16 19:00:00,2900.5254475761303
2021-06-16 20:00:00,2570.331793698792
2021-06-16 21:00:00,2449.8482995714007
2021-06-16 22:00:00,2426.334023686686
2021-06-16 23:00:00,2166.0900726072773
2021-06-17 00:00:00,1656.5688735604297
2021-06-17 01:00:00,1707.0041721146274
2021-06-17 02:00:00,1922.9646895672504
2021-06-17 03:00:00,1868.1695893151245
2021-06-17 04:00:00,2244.881111638553
2021-06-17 05:00:00,2301.7381835430183
2021-06-17 06:00:00,2535.0353868511015
2021-06-17 07:00:00,2673.704804150363
2021-06-17 08:00:00,2654.95660589244
2021-06-17 09:00:00,2541.07277137849
2021-06-17 10:00:00,2578.6228176948875
2021-06-17 11:00:00,2605.0727524033846
2021-06-17 12:00:00,2556.333982165134
2021-06-17 13:00:00,2507.941432138328
2021-06-17 14:00:00,2365.913243456584
2021-06-17 15:00:00,2432.54557286602
2021-06-17 16:00:00,2512.7386537862967
2021-06-17 17:00:00,2766.8474209111
2021-06-17 18:00:00,2820.183264924636
2021-06-17 19:00:00,2809.6263993562593
2021-06-17 20:00:00,2554.441807629954
2021-06-17 21:00:00,2736.8850415115844
2021-06-17 22:00:00,2329.7346165632393
2021-06-17 23:00:00,2157.1826756106184
2021-06-18 00:00:00,1597.0890036535109
2021-06-18 01:00:00,1669.527149381522
2021-06-18 02:00:00,1843.801598115087
2021-06-18 03:00:00,1980.2482609641881
2021-06-18 04:00:00,2130.507336811915
2021-06-18 05:00:00,2421.6627316713048
2021-06-18 06:00:00,2756.029078824884
2021-06-18 07:00:00,2819.4017628433353
2021-06-18 08:00:00,2720.9880722319217
2021-06-18 09:00:00,2751.290023165376
2021-06-18 10:00:00,2584.7829646166733
2021-06-18 11:00:00,2628.009986096936
2021-06-18 12:00:00,2401.3797409386148
2021-06-18 13:00:00,2530.5935775697294
2021-06-18 14:00:00,2658.7187167330417
2021-06-18 15:00:00,2654.1690871593287
2021-06-18 16:00:00,2477.0544523590593
2021-06-18 17:00:00,2656.338284026479
2021-06-18 18:00:00,2780.318086415292
2021-06-18 19:00:00,2484.133269449411
2021-06-18 20:00:00,2876.1270366076906
2021-06-18 21:00:00,2444.0833777440766
2021-06-18 22:00:00,2239.822277135294
2021-06-18 23:00:00,2087.8327397987528
2021-06-19 00:00:00,1419.2016497968038
2021-06-19 01:00:00,1511.1909699978476
2021-06-19 02:00:00,1555.8859163755783
2021-06-19 03:00:00,1689.7354026618978
2021-06-19 04:00:00,1840.2696318731184
2021-06-19 05:00:00,1878.531169766309
2021-06-19 06:00:00,2268.4243590844294
2021-06-19 07:00:00,2318.4124464569454
2021-06-19 08:00:00,2406.378223874291
2021-06-19 09:00:00,2402.795586850158
2021-06-19 10:00:00,2462.169075743377
2021-06-19 11:00:00,2033.648746617984
2021-06-19 12:00:00,2129.1689126250485
2021-06-19 13:00:00,1998.7568305767757
2021-06-19 14:00:00,2241.5258146148076
2021-06-19 15:00:00,2128.956780611728
2021-06-19 16:00:00,2425.515058399861
2021-06-19 17:00:00,2241.272835907343
2021-06-19 18:00:00,2458.3017800995945
2021-06-19 19:00:00,2290.305896824957
2021-06-19 20:00:00,2221.62925899183
2021-06-19 21:00:00,2043.8887908309355
2021-06-19 22:00:00,1998.6202763214444
2021-06-19 23:00:00,1870.0826228121766
2021-06-20 00:00:00,1324.2030489541166
2021-06-20 01:00:00,1285.0339782979552
2021-06-20 02:00:00,1204.8671865181973
2021-06-20 03:00:00,1517.9917280108725
2021-06-20 04:00:00,1617.5121970234586
2021-06-20 05:00:00,1802.7843926336416
2021-06-20 06:00:00,1874.8251360395209
2021-06-20 07:00:00,1947.3679099959243
2021-06-20 08:00:00,2275.7523682144883
2021-06-20 09:00:00,2134.9065508072094
2021-06-20 10:00:00,2064.5919940254425
2021-06-20 11:00:00,1721.4486204695456
2021-06-20 12:00:00,1818.514188429478
2021-06-20 13:00:00,1892.37024977679
2021-06-20 14:00:00,1810.761976589754
2021-06-20 15:00:00,1837.0616157189525
2021-06-20 16:00:00,2125.6828937755004
2021-06-20 17:00:00,1946.4726821544602
2021-06-20 18:00:00,2094.868095374631
2021-06-20 19:00:00,2048.304034190925
2021-06-20 20:00:00,2111.5249575084226
2021-06-20 21:00:00,1977.8020456113638
2021-06-20 22:00:00,1793.1570204879633
2021-06-20 23:00:00,1742.1102078249696
2021-06-21 00:00:00,1741.8290260762817
2021-06-21 01:00:00,1696.8172832235546
2021-06-21 02:00:00,2104.6563522163706
2021-06-21 03:00:00,1970.9973111447791
2021-06-21 04:00:00,2068.6261323492026
2021-06-21 05:00:00,2191.1727369861665
2021-06-21 06:00:00,2833.205834133046
2021-06-21 07:00:00,2659.8818621709943
2021-06-21 08:00:00,2681.0095826173656
2021-06-21 09:00:00,2832.703380990272
2021-06-21 10:00:00,2695.5549043681185
2021-06-21 11:00:00,2588.227442059781
2021-06-21 12:00:00,2684.2434282350778
2021-06-21 13:00:00,2524.0144933667143
2021-06-21 14:00:00,2642.178935221276
2021-06-21 15:00:00,2407.354358727883
2021-06-21 16:00:00,2340.6324014156157
2021-06-21 17:00:00,2940.7065753369275
2021-06-21 18:00:00,2739.4589053090767
2021-06-21 19:00:00,2603.7123102103396
2021-06-21 20:00:00,2456.1143644112367
2021-06-21 21:00:00,2579.4568711275197
2021-06-21 22:00:00,2217.9821888219317
2021-06-21 23:00:00,2228.0192535660094
2021-06-22 00:00:00,1524.3333077208893
2021-06-22 01:00:00,1618.1862364342046
2021-06-22 02:00:00,1867.079121394886
2021-06-22 03:00:00,1911.8189372366296
2021-06-22 04:00:00,2039.8442954695993
2021-06-22 05:00:00,2335.579027560507
2021-06-22 06:00:00,2527.26499499464
2021-06-22 07:00:00,2636.077282822614
2021-06-22 08:00:00,2710.988568002973
2021-06-22 09:00:00,2692.8456005406133
2021-06-22 10:00:00,2444.692034412752
2021-06-22 11:00:00,2702.160427959308
2021-06-22 12:00:00,2414.992114488883
2021-06-22 13:00:00,2496.0174737428692
2021-06-22 14:00:00,2365.583584715715
2021-06-22 15:00:00,2556.574429426611
2021-06-22 16:00:00,2500.757236143082
2021-06-22 17:00:00,2936.6661240719136
2021-06-22 18:00:00,2706.609276225957
2021-06-22 19:00:00,2610.645368648847
2021-06-22 20:00:00,2644.4803551610703
2021-06-22 21:00:00,2376.089690542612
2021-06-22 22:00:00,2353.582252005402
2021-06-22 23:00:00,2057.426145873665
2021-06-23 00:00:00,1556.2862062990837
2021-06-23 01:00:00,1730.7842731426522
2021-06-23 02:00:00,1805.29410637098
2021-06-23 03:00:00,1862.5538618590851
2021-06-23 04:00:00,2120.4869833723787
2021-06-23 05:00:00,2207.8144606180454
2021-06-23 06:00:00,2423.328183004634
2021-06-23 07:00:00,2671.210375478714
2021-06-23 08:00:00,2592.665650168377
2021-06-23 09:00:00,2794.34720932988
2021-06-23 10:00:00,2633.3039283058088
2021-06-23 11:00:00,2512.2142797553493
2021-06-23 12:00:00,2594.4190146924043
2021-06-23 13:00:00,2572.6481876986027
2021-06-23 14:00:00,2292.4907340661034
2021-06-23 15:00:00,2472.9949711368076
2021-06-23 16:00:00,2715.6082952303063
2021-06-23 17:00:00,2684.5003750536334
2021-06-23 18:00:00,2816.035118283621
2021-06-23 19:00:00,2687.9771620682036
2021-06-23 20:00:00,2641.9864870670635
2021-06-23 21:00:00,2333.5523965536554
2021-06-23 22:00:00,2255.4986001026373
2021-06-23 23:00:00,2081.12870033424
2021-06-24 00:00:00,1586.0801691934498
2021-06-24 01:00:00,1750.721507120038
2021-06-24 02:00:00,1684.5898579376205
2021-06-24 03:00:00,1868.1932404556126
2021-06-24 04:00:00,2009.659107969384
2021-06-24 05:00:00,2190.845659074947
2021-06-24 06:00:00,2716.6921784864685
2021-06-24 07:00:00,2618.4413492419585
2021-06-24 08:00:00,2724.896853084849
2021-06-24 09:00:00,2764.7454683594415
2021-06-24 10:00:00,2579.387813546854
2021-06-24 11:00:00,2350.3505649383965
2021-06-24 12:00:00,2473.4636829870274
2021-06-24 13:00:00,2354.300734208643
2021-06-24 14:00:00,2321.2580124234537
2021-06-24 15:00:00,2389.3630195497726
2021-06-24 16:00:00,2641.466875866253
2021-06-24 17:00:00,2722.6846369409304
2021-06-24 18:00:00,2366.3250705173828
2021-06-24 19:00:00,2736.131815280634
2021-06-24 20:00:00,2906.576328878761
2021-06-24 21:00:00,2564.6640991931176
2021-06-24 22:00:00,2314.028048698219
2021-06-24 23:00:00,2236.403828834338
2021-06-25 00:00:00,1622.9035448004554
2021-06-25 01:00:00,1693.8196149134426
2021-06-25 02:00:00,1684.4998920254948
2021-06-25 03:00:00,1883.7096953647954
2021-06-25 04:00:00,2246.8186099025547
2021-06-25 05:00:00,2333.630694475886
2021-06-25 06:00:00,2542.976321445328
2021-06-25 07:00:00,2704.7498784793156
2021-06-25 08:00:00,2647.729985405346
2021-06-25 09:00:00,2667.2900279802734
2021-06-25 10:00:00,2569.8197474491526
2021-06-25 11:00:00,2428.2207488894837
2021-06-25 12:00:00,2637.3626172424224
2021-06-25 13:00:00,2703.1079799637073
2021-06-25 14:00:00,2536.870996806637
2021-06-25 15:00:00,2671.815583339552
2021-06-25 16:00:00,2420.3468487354266
2021-06-25 17:00:00,2790.7925429008405
2021-06-25 18:00:00,2829.5429184932727
2021-06-25 19:00:00,2799.2872018091084
2021-06-25 20:00:00,2654.676979723221
2021-06-25 21:00:00,2499.8014971421444
2021-06-25 22:00:00,2205.10526771157
2021-06-25 23:00:00,2202.277931304752
2021-06-26 00:00:00,1494.9183478306154
2021-06-26 01:00:00,1296.628557568122
2021-06-26 02:00:00,1666.9091442569404
2021-06-26 03:00:00,1669.6629864362553
2021-06-26 04:00:00,1917.9088848773602
2021-06-26 05:00:00,2011.956802801374
2021-06-26 06:00:00,2140.894152650988
2021-06-26 07:00:00,2032.7524527338105
2021-06-26 08:00:00,2542.286593941241
2021-06-26 09:00:00,2169.635276539554
2021-06-26 10:00:00,2298.341340305057
2021-06-26 11:00:00,2402.024584259194
2021-06-26 12:00:00,2168.8624960402008
2021-06-26 13:00:00,1967.156901873429
2021-06-26 14:00:00,2169.6886246253553
2021-06-26 15:00:00,2280.3926728849015
2021-06-26 16:00:00,2295.589233371794
2021-06-26 17:00:00,2386.9209980871647
2021-06-26 18:00:00,2419.7593223160334
2021-06-26 19:00:00,2284.7351412131047
2021-06-26 20:00:00,2234.6128345970938
2021-06-26 21:00:00,2236.392621861605
2021-06-26 22:00:00,1875.1434033304333
2021-06-26 23:00:00,1703.3009516327722
2021-06-27 00:00:00,1205.6884581222928
2021-06-27 01:00:00,1273.8072779514443
2021-06-27 02:00:00,1414.9980828800606
2021-06-27 03:00:00,1483.4172783528961
2021-06-27 04:00:00,1416.9329718468935
2021-06-27 05:00:00,1737.0438553722438
2021-06-27 06:00:00,2168.22015026334
2021-06-27 07:00:00,2260.7762730717077
2021-06-27 08:00:00,2073.1697525260684
2021-06-27 09:00:00,1925.4685157827812
2021-06-27 10:00:00,2077.7345907807917
2021-06-27 11:00:00,1927.4236033882391
2021-06-27 12:00:00,1887.2708661611205
2021-06-27 13:00:00,1740.131089518915
2021-06-27 14:00:00,1759.3721145824563
2021-06-27 15:00:00,1914.895051141368
2021-06-27 16:00:00,1918.0979705774405
2021-06-27 17:00:00,2011.5053468722392
2021-06-27 18:00:00,1984.1304540419153
2021-06-27 19:00:00,1872.9098663633672
2021-06-27 20:00:00,1804.901492488121
2021-06-27 21:00:00,1813.3515209908292
2021-06-27 22:00:00,1849.865808319137
2021-06-27 23:00:00,1772.4186442422736
2021-06-28 00:00:00,1746.7913417248087
2021-06-28 01:00:00,1766.3298777381867
2021-06-28 02:00:00,1756.358619480298
2021-06-28 03:00:00,1895.0520731460244
2021-06-28 04:00:00,1869.6444522765662
2021-06-28 05:00:00,2404.0479360799536
2021-06-28 06:00:00,2454.6229262939655
2021-06-28 07:00:00,2502.8781632788364
2021-06-28 08:00:00,2745.6573233527133
2021-06-28 09:00:00,2770.518060376171
2021-06-28 10:00:00,2814.7508124700867
2021-06-28 11:00:00,2439.0332272001538
2021-06-28 12:00:00,2334.471840031257
2021-06-28 13:00:00,2392.1089729827013
2021-06-28 14:00:00,2487.8802690630087
2021-06-28 15:00:00,2563.2429778316405
2021-06-28 16:00:00,2529.852275158724
2021-06-28 17:00:00,2796.495188486716
2021-06-28 18:00:00,2534.042702722831
2021-06-28 19:00:00,2781.3972127001084
2021-06-28 20:00:00,2558.885406938752
2021-06-28 21:00:00,2605.7839188624152
2021-06-28 22:00:00,2378.8711270193025
2021-06-28 23:00:00,2101.0480400026568
2021-06-29 00:00:00,1623.6086614053245
2021-06-29 01:00:00,1593.539452889367
2021-06-29 02:00:00,1851.9376578141773
2021-06-29 03:00:00,1950.9342989309575
2021-06-29 04:00:00,2060.995037780846
2021-06-29 05:00:00,2271.607964802252
2021-06-29 06:00:00,2743.3266317189964
2021-06-29 07:00:00,2535.65952653195
2021-06-29 08:00:00,2838.1258369844027
2021-06-29 09:00:00,2610.3196517313636
2021-06-29 10:00:00,2591.869233524499
2021-06-29 11:00:00,2603.8912379858243
2021-06-29 12:00:00,2511.2377814401384
2021-06-29 13:00:00,2257.7582213037017
2021-06-29 14:00:00,2566.436360698514
2021-06-29 15:00:00,2612.948588468968
2021-06-29 16:00:00,2687.9492921236115
2021-06-29 17:00:00,2734.1012396295873
2021-06-29 18:00:00,2731.7579782387215
2021-06-29 19:00:00,2623.6008064183575
2021-06-29 20:00:00,2636.204607138431
2021-06-29 21:00:00,2452.235305206292
2021-06-29 22:00:00,2239.764958525964
2021-06-29 23:00:00,2060.2350818982004
2021-06-30 00:00:00,1599.5441402724284
2021-06-30 01:00:00,1765.9676843281018
2021-06-30 02:00:00,1773.06951545469
2021-06-30 03:00:00,1920.8708773982144
2021-06-30 04:00:00,1973.4390050745792
2021-06-30 05:00:00,2298.809993873453
2021-06-30 06:00:00,2374.7215764178472
2021-06-30 07:00:00,2412.2999305857966
2021-06-30 08:00:00,2842.44090937208
2021-06-30 09:00:00,3007.4626629442228
2021-06-30 10:00:00,2706.041395642426
2021-06-30 11:00:00,2346.621164369582
2021-06-30 12:00:00,2332.5563950230908
2021-06-30 13:00:00,2360.900946834137
2021-06-30 14:00:00,2509.327103424021
2021-06-30 15:00:00,2729.1585882914305
2021-06-30 16:00:00,2647.811808570115
2021-06-30 17:00:00,2685.9426621973307
2021-06-30 18:00:00,2544.1962936218556
2021-06-30 19:00:00,2593.2700847637752
2021-06-30 20:00:00,2734.276798105962
2021-06-30 21:00:00,2406.749568795068
2021-06-30 22:00:00,2389.1972779784533
2021-06-30 23:00:00,2099.1776713744266
2021-07-01 00:00:00,1632.1797658481355
2021-07-01 01:00:00,1590.538201838111
2021-07-01 02:00:00,1774.9568880385386
2021-07-01 03:00:00,2058.590394638563
2021-07-01 04:00:00,2085.840384890358
2021-07-01 05:00:00,2336.9955485597884
2021-07-01 06:00:00,2446.8617718321175
2021-07-01 07:00:00,2717.4048040966873
2021-07-01 08:00:00,2739.0222827406305
2021-07-01 09:00:00,2490.2042841461566
2021-07-01 10:00:00,2567.8075591681177
2021-07-01 11:00:00,2677.099448884147
2021-07-01 12:00:00,2313.3047417366047
2021-07-01 13:00:00,2528.7283065895163
2021-07-01 14:00:00,2582.9047695875433
2021-07-01 15:00:00,2481.3782809364216
2021-07-01 16:00:00,2660.9646485602225
2021-07-01 17:00:00,2674.204592900839
2021-07-01 18:00:00,2372.2426478140274
2021-07-01 19:00:00,2684.8691339106967
2021-07-01 20:00:00,2658.2585476028844
2021-07-01 21:00:00,2356.3008856321035
2021-07-01 22:00:00,2430.485615196051
2021-07-01 23:00:00,2085.927951935769
2021-07-02 00:00:00,1565.4067923828286
2021-07-02 01:00:00,1844.0246327379089
2021-07-02 02:00:00,1757.5341151978425
2021-07-02 03:00:00,2019.7182617894737
2021-07-02 04:00:00,1942.767869898107
2021-07-02 05:00:00,2115.887000210039
2021-07-02 06:00:00,2522.490971626249
2021-07-02 07:00:00,2422.8771632256494
2021-07-02 08:00:00,2559.549117704117
2021-07-02 09:00:00,2667.025604207321
2021-07-02 10:00:00,2569.5086320139544
2021-07-02 11:00:00,2569.3380263009303
2021-07-02 12:00:00,2444.2456761522444
2021-07-02 13:00:00,2436.2766597105806
2021-07-02 14:00:00,2517.179688275678
2021-07-02 15:00:00,2452.021187862446
2021-07-02 16:00:00,2878.257659582558
2021-07-02 17:00:00,2505.229899447179
2021-07-02 18:00:00,2760.1643011339506
2021-07-02 19:00:00,2717.8715362774974
2021-07-02 20:00:00,2472.9647426320103
2021-07-02 21:00:00,2496.976659297834
2021-07-02 22:00:00,2340.7176105693634
2021-07-02 23:00:00,2157.6598334578484
2021-07-03 00:00:00,1400.697751396921
2021-07-03 01:00:00,1357.0669080195296
2021-07-03 02:00:00,1511.6430376644187
2021-07-03 03:00:00,1734.2861680416686
2021-07-03 04:00:00,1665.3248644987036
2021-07-03 05:00:00,2029.767388231513
2021-07-03 06:00:00,2247.811479647093
2021-07-03 07:00:00,2403.2469051943563
2021-07-03 08:00:00,2171.816158384674
2021-07-03 09:00:00,2272.4712488362948
2021-07-03 10:00:00,2292.733948124054
2021-07-03 11:00:00,2247.428879000507
2021-07-03 12:00:00,2104.627094026628
2021-07-03 13:00:00,2044.7433137294774
2021-07-03 14:00:00,2072.3746199387224
2021-07-03 15:00:00,2070.4787492862947
2021-07-03 16:00:00,2210.392049576121
2021-07-03 17:00:00,2259.3759512359516
2021-07-03 18:00:00,2213.18495873654
2021-07-03 19:00:00,2342.440019768232
2021-07-03 20:00:00,2243.142437958989
2021-07-03 21:00:00,1978.7848477876544
2021-07-03 22:00:00,1953.641932070841
2021-07-03 23:00:00,1867.8051356685908
2021-07-04 00:00:00,1296.5180549740514
2021-07-04 01:00:00,1272.104282510262
2021-07-04 02:00:00,1240.7455503585272
2021-07-04 03:00:00,1338.38980039402
2021-07-04 04:00:00,1678.5378774170333
2021-07-04 05:00:00,1691.1412083203832
2021-07-04 06:00:00,2003.433240211028
2021-07-04 07:00:00,2043.8392912243435
2021-07-04 08:00:00,1972.8617312650279
2021-07-04 09:00:00,2204.7988209881755
2021-07-04 10:00:00,2240.3805078846913
2021-07-04 11:00:00,1912.9321447747097
2021-07-04 12:00:00,1897.4428481303878
2021-07-04 13:00:00,1879.531238867318
2021-07-04 14:00:00,1774.003417100599
2021-07-04 15:00:00,1870.085096934086
2021-07-04 16:00:00,2058.868964502359
2021-07-04 17:00:00,2118.878299135698
2021-07-04 18:00:00,2032.1381204492009
2021-07-04 19:00:00,1906.3322225401262
2021-07-04 20:00:00,2053.4618940850455
2021-07-04 21:00:00,1810.6069152384239
2021-07-04 22:00:00,1657.798956855275
2021-07-04 23:00:00,1661.1751639472623
2021-07-05 00:00:00,1568.6792522512173
2021-07-05 01:00:00,1730.5536148642932
2021-07-05 02:00:00,1588.2928345685766
2021-07-05 03:00:00,1808.9843616734167
2021-07-05 04:00:00,2237.606469953952
2021-07-05 05:00:00,2144.615588491248
2021-07-05 06:00:00,2664.346829641904
2021-07-05 07:00:00,2819.238807349375
2021-07-05 08:00:00,2782.396987232682
2021-07-05 09:00:00,2682.283758239433
2021-07-05 10:00:00,2427.7476639359775
2021-07-05 11:00:00,2560.4990684083764
2021-07-05 12:00:00,2601.4638053858653
2021-07-05 13:00:00,2431.8128690265003
2021-07-05 14:00:00,2489.322980925962
2021-07-05 15:00:00,2351.005865446326
2021-07-05 16:00:00,2691.2248077566337
2021-07-05 17:00:00,2475.149844298159
2021-07-05 18:00:00,2759.7304349735414
2021-07-05 19:00:00,2847.7543480923005
2021-07-05 20:00:00,2796.6783326723294
2021-07-05 21:00:00,2632.921392280226
2021-07-05 22:00:00,2091.8715426555964
2021-07-05 23:00:00,1895.9385231112924
2021-07-06 00:00:00,1397.833246255038
2021-07-06 01:00:00,1798.869947307122
2021-07-06 02:00:00,1758.883843968031
2021-07-06 03:00:00,1842.026403091441
2021-07-06 04:00:00,2084.5480929641244
2021-07-06 05:00:00,2340.022296122966
2021-07-06 06:00:00,2434.5068813748394
2021-07-06 07:00:00,2560.7222842209294
2021-07-06 08:00:00,2596.809806189965
2021-07-06 09:00:00,2797.654966347052
2021-07-06 10:00:00,2507.6018001181974
2021-07-06 11:00:00,2440.7317103706237
2021-07-06 12:00:00,2351.5342445062006
2021-07-06 13:00:00,2264.285018350373
2021-07-06 14:00:00,2498.2789657993276
2021-07-06 15:00:00,2588.9466974155175
2021-07-06 16:00:00,2653.6675016371446
2021-07-06 17:00:00,2620.3381989892096
2021-07-06 18:00:00,2539.174712397797
2021-07-06 19:00:00,2712.8821074470593
2021-07-06 20:00:00,2832.473155328277
2021-07-06 21:00:00,2612.129346861231
2021-07-06 22:00:00,2427.90219692871
2021-07-06 23:00:00,2140.609513759994
2021-07-07 00:00:00,1655.91570454083
2021-07-07 01:00:00,1602.5608811393975
2021-07-07 02:00:00,1881.301214558662
2021-07-07 03:00:00,1812.576366203427
2021-07-07 04:00:00,2002.713249800262
2021-07-07 05:00:00,2210.4406708035735
2021-07-07 06:00:00,2587.922978781933
2021-07-07 07:00:00,2876.382973929943
2021-07-07 08:00:00,2804.7647306333583
2021-07-07 09:00:00,2611.717849723064
2021-07-07 10:00:00,2597.8484869239746
2021-07-07 11:00:00,2635.7261669573736
2021-07-07 12:00:00,2486.3658632391725
2021-07-07 13:00:00,2431.8031784696213
2021-07-07 14:00:00,2541.613949099516
2021-07-07 15:00:00,2538.3347014789742
2021-07-07 16:00:00,2604.142461569369
2021-07-07 17:00:00,2580.8061173406845
2021-07-07 18:00:00,2917.9114322027945
2021-07-07 19:00:00,2753.514744875468
2021-07-07 20:00:00,2428.173102880136
2021-07-07 21:00:00,2482.306959075787
2021-07-07 22:00:00,2319.1159908009063
2021-07-07 23:00:00,2010.083192315456
2021-07-08 00:00:00,1694.144262511347
2021-07-08 01:00:00,1598.0060242391462
2021-07-08 02:00:00,1810.1540134488355
2021-07-08 03:00:00,1794.3938289751454
2021-07-08 04:00:00,1999.4017009698725
2021-07-08 05:00:00,2225.0391154756667
2021-07-08 06:00:00,2589.8719382858208
2021-07-08 07:00:00,2531.8823153963485
2021-07-08 08:00:00,2873.6970379110476
2021-07-08 09:00:00,2801.603575604802
2021-07-08 10:00:00,2441.275066245282
2021-07-08 11:00:00,2453.014636069104
2021-07-08 12:00:00,2571.2305761958055
2021-07-08 13:00:00,2431.905658127317
2021-07-08 14:00:00,2338.1079375876902
2021-07-08 15:00:00,2249.2499642337007
2021-07-08 16:00:00,2580.6566160336642
2021-07-08 17:00:00,2848.0252283099053
2021-07-08 18:00:00,2592.2840189611493
2021-07-08 19:00:00,2713.277974905957
2021-07-08 20:00:00,2640.8556034921394
2021-07-08 21:00:00,2459.574480416911
2021-07-08 22:00:00,2500.0591643091907
2021-07-08 23:00:00,1973.37987461877
2021-07-09 00:00:00,1728.9243348840373
2021-07-09 01:00:00,1789.7329101129812
2021-07-09 02:00:00,1804.6155445207166
2021-07-09 03:00:00,1943.3407676424324
2021-07-09 04:00:00,2087.87204311816
2021-07-09 05:00:00,1956.7951686880433
2021-07-09 06:00:00,2521.3172188217554
2021-07-09 07:00:00,2421.2284507174654
2021-07-09 08:00:00,2682.107083010081
2021-07-09 09:00:00,2788.4650046158154
2021-07-09 10:00:00,2648.496882331989
2021-07-09 11:00:00,2446.510131274097
2021-07-09 12:00:00,2370.9055536895535
2021-07-09 13:00:00,2335.4963862601144
2021-07-09 14:00:00,2276.6084664850628
2021-07-09 15:00:00,2400.5281085971756
2021-07-09 16:00:00,2567.6173276848863
2021-07-09 17:00:00,2832.1040331775084
2021-07-09 18:00:00,2752.463749136029
2021-07-09 19:00:00,2762.857172104848
2021-07-09 20:00:00,2571.9032740635203
2021-07-09 21:00:00,2388.2059532715266
2021-07-09 22:00:00,2438.6310935079605
2021-07-09 23:00:00,2130.254620258632
2021-07-10 00:00:00,1353.7836981435826
2021-07-10 01:00:00,1506.1792321913222
2021-07-10 02:00:00,1627.634920414361
2021-07-10 03:00:00,1640.2159364117078
2021-07-10 04:00:00,1836.8167858778286
2021-07-10 05:00:00,1957.7759804183868
2021-07-10 06:00:00,2034.0896386443962
2021-07-10 07:00:00,2080.9168337617934
2021-07-10 08:00:00,2468.8201423828323
2021-07-10 09:00:00,2474.6606264492984
2021-07-10 10:00:00,2283.1706186653673
2021-07-10 11:00:00,2109.4363255549815
2021-07-10 12:00:00,2065.7598462746087
2021-07-10 13:00:00,2081.868329708844
2021-07-10 14:00:00,2097.3936776643186
2021-07-10 15:00:00,2248.6670716561835
2021-07-10 16:00:00,2447.824238779637
2021-07-10 17:00:00,2407.921373511568
2021-07-10 18:00:00,2273.1840030261314
2021-07-10 19:00:00,2198.200533681715
2021-07-10 20:00:00,2131.2514713771952
2021-07-10 21:00:00,2053.7730748570552
2021-07-10 22:00:00,1909.0845263150377
2021-07-10 23:00:00,1877.2705932469153
2021-07-11 00:00:00,1166.3233875629344
2021-07-11 01:00:00,1276.2550559355986
2021-07-11 02:00:00,1335.0211247604884
2021-07-11 03:00:00,1475.4782212972368
2021-07-11 04:00:00,1647.950855896013
2021-07-11 05:00:00,1857.6945298398316
2021-07-11 06:00:00,1972.7724727130703
2021-07-11 07:00:00,2142.3392703223467
2021-07-11 08:00:00,2016.110973232441
2021-07-11 09:00:00,1989.1719689733588
2021-07-11 10:00:00,2024.1027105436367
2021-07-11 11:00:00,1848.5538790825256
2021-07-11 12:00:00,1927.1819906081369
2021-07-11 13:00:00,1631.0859042932075
2021-07-11 14:00:00,1849.9742607760688
2021-07-11 15:00:00,1936.6804624682945
2021-07-11 16:00:00,1943.796693171252
2021-07-11 17:00:00,2223.231636606871
2021-07-11 18:00:00,2108.5819402391485
2021-07-11 19:00:00,1966.7696223769503
2021-07-11 20:00:00,2008.66889064939
2021-07-11 21:00:00,1790.269066364817
2021-07-11 22:00:00,1796.3703456306012
2021-07-11 23:00:00,1640.0249121221045
2021-07-12 00:00:00,1474.139818381493
2021-07-12 01:00:00,1587.4635868456876
2021-07-12 02:00:00,1739.561565780606
2021-07-12 03:00:00,1893.999966989176
2021-07-12 04:00:00,2004.187185753774
2021-07-12 05:00:00,2050.4072992768756
2021-07-12 06:00:00,2443.914673736827
2021-07-12 07:00:00,2536.1870612490925
2021-07-12 08:00:00,2668.1483376860288
2021-07-12 09:00:00,2624.516543256365
2021-07-12 10:00:00,2702.9031653613883
2021-07-12 11:00:00,2480.8356842386956
2021-07-12 12:00:00,2491.1727337513257
2021-07-12 13:00:00,2434.8106300826357
2021-07-12 14:00:00,2236.7213136661526
2021-07-12 15:00:00,2585.0390540037242
2021-07-12 16:00:00,2904.2377873713367
2021-07-12 17:00:00,2445.643388932134
2021-07-12 18:00:00,2724.1551713457343
2021-07-12 19:00:00,2672.8186081939757
2021-07-12 20:00:00,2476.4847411141054
2021-07-12 21:00:00,2276.140158106598
2021-07-12 22:00:00,2231.8511026025194
2021-07-12 23:00:00,2116.6428954862336
2021-07-13 00:00:00,1676.9809980382124
2021-07-13 01:00:00,1640.8213112555336
2021-07-13 02:00:00,1833.8850607785887
2021-07-13 03:00:00,2001.5917140981444
2021-07-13 04:00:00,2133.799231261255
2021-07-13 05:00:00,2305.121671605648
2021-07-13 06:00:00,2485.511950764235
2021-07-13 07:00:00,2599.6846288759634
2021-07-13 08:00:00,2552.9472889679164
2021-07-13 09:00:00,2696.2503764808603
2021-07-13 10:00:00,2609.4068369909037
2021-07-13 11:00:00,2541.832642906683
2021-07-13 12:00:00,2453.2711891413896
2021-07-13 13:00:00,2400.1249255689017
2021-07-13 14:00:00,2252.0733398956418
2021-07-13 15:00:00,2563.4939732401235
2021-07-13 16:00:00,2598.873617346756
2021-07-13 17:00:00,2710.311737016429
2021-07-13 18:00:00,2835.9068211205818
2021-07-13 19:00:00,2351.0934618189203
2021-07-13 20:00:00,2773.491221927923
2021-07-13 21:00:00,2446.0645141559658
2021-07-13 22:00:00,2234.9763974578086
2021-07-13 23:00:00,2192.9366567771362
2021-07-14 00:00:00,1537.9118586652567
2021-07-14 01:00:00,1613.4719693079012
2021-07-14 02:00:00,1861.8707999078113
2021-07-14 03:00:00,1820.9236674125261
2021-07-14 04:00:00,2232.344248782209
2021-07-14 05:00:00,2131.5191194004356
2021-07-14 06:00:00,2350.2474502348578
2021-07-14 07:00:00,2675.1588598261437
2021-07-14 08:00:00,2715.457766162643
2021-07-14 09:00:00,2783.553957568426
2021-07-14 10:00:00,2554.45042526973
2021-07-14 11:00:00,2234.4973121421717
2021-07-14 12:00:00,2557.9382467832893
2021-07-14 13:00:00,2199.5657644069643
2021-07-14 14:00:00,2451.446179695643
2021-07-14 15:00:00,2444.079295710377
2021-07-14 16:00:00,2644.3649513267733
2021-07-14 17:00:00,2634.008755901687
2021-07-14 18:00:00,2611.8132847035204
2021-07-14 19:00:00,2373.4422781704493
2021-07-14 20:00:00,2565.2617318052057
2021-07-14 21:00:00,2304.5497289259793
2021-07-14 22:00:00,2297.5922192832445
2021-07-14 23:00:00,1976.1789030184539
2021-07-15 00:00:00,1630.7690610952423
2021-07-15 01:00:00,1891.063784556584
2021-07-15 02:00:00,1601.4070858653338
2021-07-15 03:00:00,1848.1747779952098
2021-07-15 04:00:00,1977.040280033664
2021-07-15 05:00:00,2367.4345428644056
2021-07-15 06:00:00,2568.075970070755
2021-07-15 07:00:00,2849.9134730420724
2021-07-15 08:00:00,2474.068979681022
2021-07-15 09:00:00,2922.8649006425553
2021-07-15 10:00:00,2805.7661669858153
2021-07-15 11:00:00,2345.7131866404497
2021-07-15 12:00:00,2454.3583791178535
2021-07-15 13:00:00,2474.77821699596
2021-07-15 14:00:00,2509.225772118199
2021-07-15 15:00:00,2457.508597287752
2021-07-15 16:00:00,2714.2523733939893
2021-07-15 17:00:00,2449.248722386355
2021-07-15 18:00:00,2810.649093869896
2021-07-15 19:00:00,2559.515937203646
2021-07-15 20:00:00,2567.73239270438
2021-07-15 21:00:00,2625.5821558596795
2021-07-15 22:00:00,2323.901530255094
2021-07-15 23:00:00,2225.477395577947
2021-07-16 00:00:00,1734.175343750885
2021-07-16 01:00:00,1596.7364114341613
2021-07-16 02:00:00,1656.2964032966806
2021-07-16 03:00:00,1976.9519684658387
2021-07-16 04:00:00,2086.201401066119
2021-07-16 05:00:00,2275.8261542105424
2021-07-16 06:00:00,2543.3218709674316
2021-07-16 07:00:00,2721.019550047735
2021-07-16 08:00:00,2625.603474072192
2021-07-16 09:00:00,2658.286909654548
2021-07-16 10:00:00,2573.674610778885
2021-07-16 11:00:00,2520.2620299561595
2021-07-16 12:00:00,2448.772872164357
2021-07-16 13:00:00,2262.0394734259066
2021-07-16 14:00:00,2553.4062483391017
2021-07-16 15:00:00,2484.8310277119394
2021-07-16 16:00:00,2743.9759670775097
2021-07-16 17:00:00,2676.6758194614545
2021-07-16 18:00:00,2806.947656147016
2021-07-16 19:00:00,2466.656165242643
2021-07-16 20:00:00,2601.2383491954024
2021-07-16 21:00:00,2272.8661928240986
2021-07-16 22:00:00,2283.510252637138
2021-07-16 23:00:00,2116.9136106441424
2021-07-17 00:00:00,1392.485838448345
2021-07-17 01:00:00,1467.6881470000694
2021-07-17 02:00:00,1414.1624589784744
2021-07-17 03:00:00,1569.5737622414974
2021-07-17 04:00:00,1771.3014373257924
2021-07-17 05:00:00,1865.6560602713341
2021-07-17 06:00:00,2055.850540803787
2021-07-17 07:00:00,2416.5133144996084
2021-07-17 08:00:00,2515.629655492587
2021-07-17 09:00:00,2261.731672750209
2021-07-17 10:00:00,2193.8520617010618
2021-07-17 11:00:00,2242.5762368585756
2021-07-17 12:00:00,2057.266514131325
2021-07-17 13:00:00,1766.3456109074784
2021-07-17 14:00:00,1937.8866341093785
2021-07-17 15:00:00,2103.788392390523
2021-07-17 16:00:00,2224.7712717211803
2021-07-17 17:00:00,2181.5456307484733
2021-07-17 18:00:00,2199.357092977139
2021-07-17 19:00:00,2322.904966150727
2021-07-17 20:00:00,2162.059619461797
2021-07-17 21:00:00,2095.5026822963973
2021-07-17 22:00:00,1968.6774484366015
2021-07-17 23:00:00,1721.6199326244412
2021-07-18 00:00:00,1251.932273866071
2021-07-18 01:00:00,1157.1389336507807
2021-07-18 02:00:00,1387.3518402072982
2021-07-18 03:00:00,1364.4245917615724
2021-07-18 04:00:00,1610.923550628151
2021-07-18 05:00:00,1759.1445845136966
2021-07-18 06:00:00,1961.539761973567
2021-07-18 07:00:00,2093.1259804879546
2021-07-18 08:00:00,2162.597959767703
2021-07-18 09:00:00,2032.4440967456173
2021-07-18 10:00:00,1847.0355389507515
2021-07-18 11:00:00,2013.6869107461448
2021-07-18 12:00:00,1739.4601102453487
2021-07-18 13:00:00,1751.563125187174
2021-07-18 14:00:00,1892.9867978223747
2021-07-18 15:00:00,1917.1843575129303
2021-07-18 16:00:00,1915.7653710232357
2021-07-18 17:00:00,1828.1323938165556
2021-07-18 18:00:00,2147.456269020162
2021-07-18 19:00:00,2150.036873864112
2021-07-18 20:00:00,1908.9991117126335
2021-07-18 21:00:00,1845.5818386382011
2021-07-18 22:00:00,1678.4070592993305
2021-07-18 23:00:00,1555.8035650629538
2021-07-19 00:00:00,1773.5624821674562
2021-07-19 01:00:00,1671.216300210567
2021-07-19 02:00:00,1555.7519716918944
2021-07-19 03:00:00,1761.4247590871817
2021-07-19 04:00:00,1908.7283554925411
2021-07-19 05:00:00,2143.341701433887
2021-07-19 06:00:00,2526.66457437697
2021-07-19 07:00:00,2619.2611535067163
2021-07-19 08:00:00,2747.5188063468004
2021-07-19 09:00:00,2785.560977681868
2021-07-19 10:00:00,2592.8720568222293
2021-07-19 11:00:00,2362.0424457171216
2021-07-19 12:00:00,2347.205919030988
2021-07-19 13:00:00,2340.5562441721463
2021-07-19 14:00:00,2071.3982884877755
2021-07-19 15:00:00,2322.2580934409243
2021-07-19 16:00:00,2809.252840211639
2021-07-19 17:00:00,2657.3216896578874
2021-07-19 18:00:00,2635.567837057928
2021-07-19 19:00:00,2409.326277069189
2021-07-19 20:00:00,2569.7313814184804
2021-07-19 21:00:00,2277.3832208282633
2021-07-19 22:00:00,2225.5922616000444
2021-07-19 23:00:00,2225.049057117957
2021-07-20 00:00:00,1605.8240208698733
2021-07-20 01:00:00,1582.1711843426488
2021-07-20 02:00:00,1598.0153492181473
2021-07-20 03:00:00,1747.898760593231
2021-07-20 04:00:00,2054.0757106534006
2021-07-20 05:00:00,2292.1430518446437
2021-07-20 06:00:00,2613.046399488203
2021-07-20 07:00:00,2643.212689254365
2021-07-20 08:00:00,2964.1648797266093
2021-07-20 09:00:00,2749.9739876936464
2021-07-20 10:00:00,2858.2246648148084
2021-07-20 11:00:00,2357.448698101821
2021-07-20 12:00:00,2294.9566681023316
2021-07-20 13:00:00,2396.739246852302
2021-07-20 14:00:00,2555.726759290981
2021-07-20 15:00:00,2223.660681622178
2021-07-20 16:00:00,2713.117154746745
2021-07-20 17:00:00,2518.873920562827
2021-07-20 18:00:00,2536.817607701296
2021-07-20 19:00:00,2494.7010832753185
2021-07-20 20:00:00,2817.250228365326
2021-07-20 21:00:00,2366.224946359673
2021-07-20 22:00:00,2364.2754925408644
2021-07-20 23:00:00,2074.1819900252603
2021-07-21 00:00:00,1561.079845269238
2021-07-21 01:00:00,1537.0838591139354
2021-07-21 02:00:00,1667.110336926757
2021-07-21 03:00:00,1745.0606342668834
2021-07-21 04:00:00,2164.889635856694
2021-07-21 05:00:00,2120.914316794863
2021-07-21 06:00:00,2553.0846482903976
2021-07-21 07:00:00,2864.9224800533293
2021-07-21 08:00:00,2733.9349238305535
2021-07-21 09:00:00,2726.3996705121817
2021-07-21 10:00:00,2566.781116304188
2021-07-21 11:00:00,2516.2144496354313
2021-07-21 12:00:00,2508.860568691043
2021-07-21 13:00:00,2449.553801578968
2021-07-21 14:00:00,2191.7566703683733
2021-07-21 15:00:00,2424.890832055404
2021-07-21 16:00:00,2595.310630987493
2021-07-21 17:00:00,2564.6347975143813
2021-07-21 18:00:00,2447.820569324019
2021-07-21 19:00:00,2631.619360269179
2021-07-21 20:00:00,2378.943176874803
2021-07-21 21:00:00,2574.1312666613476
2021-07-21 22:00:00,2138.270687208286
2021-07-21 23:00:00,2047.9511568881196
2021-07-22 00:00:00,1579.6097126253976
2021-07-22 01:00:00,1636.3650109960643
2021-07-22 02:00:00,1826.6991388831984
2021-07-22 03:00:00,1918.9781760797994
2021-07-22 04:00:00,1980.0936219114628
2021-07-22 05:00:00,2286.9756875223916
2021-07-22 06:00:00,2391.847229010861
2021-07-22 07:00:00,2730.6655663045844
2021-07-22 08:00:00,2371.5233431963657
2021-07-22 09:00:00,2607.960633016505
2021-07-22 10:00:00,2522.735212148785
2021-07-22 11:00:00,2367.594425954444
2021-07-22 12:00:00,2383.941945220562
2021-07-22 13:00:00,2276.0609168444175
2021-07-22 14:00:00,2589.7863477624487
2021-07-22 15:00:00,2408.011527057571
2021-07-22 16:00:00,2462.0679592633187
2021-07-22 17:00:00,2741.3879533047434
2021-07-22 18:00:00,2849.013236191752
2021-07-22 19:00:00,2843.8560803670207
2021-07-22 20:00:00,2576.724639523616
2021-07-22 21:00:00,2296.1682106491353
2021-07-22 22:00:00,2282.9345959477027
2021-07-22 23:00:00,1996.071766251881
2021-07-23 00:00:00,1613.1728614821113
2021-07-23 01:00:00,1725.2342724713446
2021-07-23 02:00:00,1796.6486271450563
2021-07-23 03:00:00,1840.538113436219
2021-07-23 04:00:00,1967.147086802944
2021-07-23 05:00:00,2515.8014067124086
2021-07-23 06:00:00,2759.1903316625394
2021-07-23 07:00:00,2500.5418471865364
2021-07-23 08:00:00,2691.324120313272
2021-07-23 09:00:00,2776.515877086139
2021-07-23 10:00:00,2609.111906891434
2021-07-23 11:00:00,2397.6105042515087
2021-07-23 12:00:00,2425.045089291792
2021-07-23 13:00:00,2512.5488130586605
2021-07-23 14:00:00,2426.190187742591
2021-07-23 15:00:00,2642.517434261044
2021-07-23 16:00:00,2285.0846616298286
2021-07-23 17:00:00,2973.4481245205156
2021-07-23 18:00:00,2845.399295547819
2021-07-23 19:00:00,2745.346923731015
2021-07-23 20:00:00,2727.9355343673337
2021-07-23 21:00:00,2491.5421445834854
2021-07-23 22:00:00,2292.4297312724543
2021-07-23 23:00:00,1985.9833568126037
2021-07-24 00:00:00,1440.0526579044672
2021-07-24 01:00:00,1463.0174500541718
2021-07-24 02:00:00,1408.1855697312167
2021-07-24 03:00:00,1605.804549573686
2021-07-24 04:00:00,1718.5102090952098
2021-07-24 05:00:00,1994.9356867294634
2021-07-24 06:00:00,2091.6241848249338
2021-07-24 07:00:00,2154.0373283025947
2021-07-24 08:00:00,2266.123579544651
2021-07-24 09:00:00,2405.1106427022514
2021-07-24 10:00:00,2172.8312630033242
2021-07-24 11:00:00,2057.3220389312373
2021-07-24 12:00:00,1951.6741795575492
2021-07-24 13:00:00,1817.7676317614978
2021-07-24 14:00:00,2052.1452899584733
2021-07-24 15:00:00,2247.5437531985067
2021-07-24 16:00:00,2309.202422516231
2021-07-24 17:00:00,2389.052509812451
2021-07-24 18:00:00,2287.445958113797
2021-07-24 19:00:00,2324.176375221259
2021-07-24 20:00:00,2154.9973310667
2021-07-24 21:00:00,1993.3088093748818
2021-07-24 22:00:00,1828.6460509588912
2021-07-24 23:00:00,1836.6603393245682
2021-07-25 00:00:00,1310.678517539364
2021-07-25 01:00:00,1368.5680611705136
2021-07-25 02:00:00,1290.6422973556603
2021-07-25 03:00:00,1486.2775089045174
2021-07-25 04:00:00,1619.9465936542347
2021-07-25 05:00:00,1787.964368497812
2021-07-25 06:00:00,1905.9966601310812
2021-07-25 07:00:00,2084.903622097903
2021-07-25 08:00:00,2013.6718215882454
2021-07-25 09:00:00,2112.5303982188784
2021-07-25 10:00:00,1881.1192962458279
2021-07-25 11:00:00,1945.7111770174893
2021-07-25 12:00:00,2042.7161981692163
2021-07-25 13:00:00,1734.856110256285
2021-07-25 14:00:00,1755.0363750173449
2021-07-25 15:00:00,2019.1332425707299
2021-07-25 16:00:00,1785.0283408314135
2021-07-25 17:00:00,2051.796678561831
2021-07-25 18:00:00,1931.090549867898
2021-07-25 19:00:00,1985.3442356774315
2021-07-25 20:00:00,1945.9750120116994
2021-07-25 21:00:00,1752.50376249169
2021-07-25 22:00:00,1800.0483030357987
2021-07-25 23:00:00,1615.3958175896303
2021-07-26 00:00:00,1526.594705409562
2021-07-26 01:00:00,1747.6614949950444
2021-07-26 02:00:00,1679.841265444679
2021-07-26 03:00:00,1785.2307042937412
2021-07-26 04:00:00,2021.7289712678569
2021-07-26 05:00:00,2259.0099606527165
2021-07-26 06:00:00,2622.2975675968673
2021-07-26 07:00:00,2736.909545787937
2021-07-26 08:00:00,2689.014198140867
2021-07-26 09:00:00,2623.7284251499395
2021-07-26 10:00:00,2608.573405818172
2021-07-26 11:00:00,2594.077987826677
2021-07-26 12:00:00,2698.304371516982
2021-07-26 13:00:00,2398.405404070847
2021-07-26 14:00:00,2259.019507867137
2021-07-26 15:00:00,2527.0624700486164
2021-07-26 16:00:00,2678.8041224473286
2021-07-26 17:00:00,2525.029084111632
2021-07-26 18:00:00,2644.7210365975534
2021-07-26 19:00:00,2604.316991118876
2021-07-26 20:00:00,2602.591739010222
2021-07-26 21:00:00,2252.234693998038
2021-07-26 22:00:00,2041.8242028016211
2021-07-26 23:00:00,2163.804178739576
2021-07-27 00:00:00,1539.1315726963935
2021-07-27 01:00:00,1744.5546486729859
2021-07-27 02:00:00,1784.436663402899
2021-07-27 03:00:00,1833.8613266341597
2021-07-27 04:00:00,1984.208490502378
2021-07-27 05:00:00,2282.510575990187
2021-07-27 06:00:00,2466.459739574377
2021-07-27 07:00:00,2599.403712542182
2021-07-27 08:00:00,2478.0686510121704
2021-07-27 09:00:00,2643.584481780895
2021-07-27 10:00:00,2466.5751494100878
2021-07-27 11:00:00,2179.418746380023
2021-07-27 12:00:00,2321.0468615704435
2021-07-27 13:00:00,2435.652257874253
2021-07-27 14:00:00,2569.5568393559106
2021-07-27 15:00:00,2659.694623286589
2021-07-27 16:00:00,2702.7769198541428
2021-07-27 17:00:00,2562.1847270133458
2021-07-27 18:00:00,2642.6896358729414
2021-07-27 19:00:00,2748.0814956578083
2021-07-27 20:00:00,2371.1292986648773
2021-07-27 21:00:00,2183.1710471147467
2021-07-27 22:00:00,2329.406709062311
2021-07-27 23:00:00,2186.493279844399
2021-07-28 00:00:00,1568.0584809542324
2021-07-28 01:00:00,1388.910549281062
2021-07-28 02:00:00,1829.9162208021655
2021-07-28 03:00:00,1804.8970685165925
2021-07-28 04:00:00,2079.279296748186
2021-07-28 05:00:00,2217.493451140244
2021-07-28 06:00:00,2548.32658828137
2021-07-28 07:00:00,2722.3302235751685
2021-07-28 08:00:00,2713.173828849083
2021-07-28 09:00:00,2773.288048939229
2021-07-28 10:00:00,2797.706526829804
2021-07-28 11:00:00,2628.9467030371757
2021-07-28 12:00:00,2312.5142998435167
2021-07-28 13:00:00,2315.675576462883
2021-07-28 14:00:00,2444.2909614860387
2021-07-28 15:00:00,2299.368680015937
2021-07-28 16:00:00,2708.968433308197
2021-07-28 17:00:00,2379.7741138553106
2021-07-28 18:00:00,2916.739640483733
2021-07-28 19:00:00,2406.7805309723344
2021-07-28 20:00:00,2657.028997115213
2021-07-28 21:00:00,2560.485917084371
2021-07-28 22:00:00,2276.3809316845322
2021-07-28 23:00:00,2089.992247590709
2021-07-29 00:00:00,1694.2912765763742
2021-07-29 01:00:00,1901.3985894119255
2021-07-29 02:00:00,1840.7871427743592
2021-07-29 03:00:00,1890.5524167495892
2021-07-29 04:00:00,2118.596837219338
2021-07-29 05:00:00,2243.2218389244067
2021-07-29 06:00:00,2532.5157516268823
2021-07-29 07:00:00,2571.743603133949
2021-07-29 08:00:00,2669.371365793085
2021-07-29 09:00:00,2634.498293288118
2021-07-29 10:00:00,2562.324738358027
2021-07-29 11:00:00,2404.603197493502
2021-07-29 12:00:00,2439.38501429154
2021-07-29 13:00:00,2511.0370419433566
2021-07-29 14:00:00,2419.826014046954
2021-07-29 15:00:00,2497.129861234002
2021-07-29 16:00:00,2486.6210121618305
2021-07-29 17:00:00,2825.8941785497987
2021-07-29 18:00:00,2577.8021352622122
2021-07-29 19:00:00,2552.705489289509
2021-07-29 20:00:00,2594.052797681014
2021-07-29 21:00:00,2589.82631127648
2021-07-29 22:00:00,2388.711897155212
2021-07-29 23:00:00,2062.465645971455
2021-07-30 00:00:00,1603.9564950557312
2021-07-30 01:00:00,1645.8634958912858
2021-07-30 02:00:00,1713.053532530921
2021-07-30 03:00:00,1896.2007299745605
2021-07-30 04:00:00,2066.348317031255
2021-07-30 05:00:00,2277.660175744993
2021-07-30 06:00:00,2573.3198088398285
2021-07-30 07:00:00,2764.5700959568867
2021-07-30 08:00:00,2637.8108418020424
2021-07-30 09:00:00,2760.505787438072
2021-07-30 10:00:00,2505.840577019961
2021-07-30 11:00:00,2758.3466699274322
2021-07-30 12:00:00,2571.624802115212
2021-07-30 13:00:00,2524.020901884643
2021-07-30 14:00:00,2338.935057470138
2021-07-30 15:00:00,2446.473820436337
2021-07-30 16:00:00,2633.9819805231855
2021-07-30 17:00:00,2593.2585842460185
2021-07-30 18:00:00,2563.735966696863
2021-07-30 19:00:00,2708.0610857206852
2021-07-30 20:00:00,2682.2855862800598
2021-07-30 21:00:00,2755.2575331586513
2021-07-30 22:00:00,2203.575552655351
2021-07-30 23:00:00,2035.6089245250716
2021-07-31 00:00:00,1457.714249880109
2021-07-31 01:00:00,1552.8990491278012
2021-07-31 02:00:00,1488.281342040207
2021-07-31 03:00:00,1611.202080310586
2021-07-31 04:00:00,1718.9230742572174
2021-07-31 05:00:00,1909.7976507687806
2021-07-31 06:00:00,2141.700020911055
2021-07-31 07:00:00,2316.66639488644
2021-07-31 08:00:00,2440.637677504333
2021-07-31 09:00:00,2307.9008174994437
2021-07-31 10:00:00,2265.0628422993236
2021-07-31 11:00:00,2114.386172227116
2021-07-31 12:00:00,2198.329549368992
2021-07-31 13:00:00,1997.3081164541443
2021-07-31 14:00:00,2198.9866187465923
2021-07-31 15:00:00,2330.7432685862445
2021-07-31 16:00:00,2047.5196355801968
2021-07-31 17:00:00,2393.5340746761126
2021-07-31 18:00:00,2159.4179540650325
2021-07-31 19:00:00,2271.4489882300754
2021-07-31 20:00:00,2227.0729531931893
2021-07-31 21:00:00,1979.573314515846
2021-07-31 22:00:00,1994.7673442056494
2021-07-31 23:00:00,1963.4370863182824
2021-08-01 00:00:00,1226.1290511206887
2021-08-01 01:00:00,1186.4656301367547
2021-08-01 02:00:00,1285.6734411685597
2021-08-01 03:00:00,1406.5116517764336
2021-08-01 04:00:00,1481.5308483464378
2021-08-01 05:00:00,1684.2475098392756
2021-08-01 06:00:00,2129.2375238996096
2021-08-01 07:00:00,2263.5693775570608
2021-08-01 08:00:00,2086.8798350216257
2021-08-01 09:00:00,2016.0327325757048
2021-08-01 10:00:00,2050.6661073759897
2021-08-01 11:00:00,1909.521463094283
2021-08-01 12:00:00,1898.273079312356
2021-08-01 13:00:00,1861.281905099137
2021-08-01 14:00:00,1881.3335300697208
2021-08-01 15:00:00,1882.248618017083
2021-08-01 16:00:00,1946.8714938365868
2021-08-01 17:00:00,1917.1094356090925
2021-08-01 18:00:00,2107.0591441420916
2021-08-01 19:00:00,2141.2376359380073
2021-08-01 20:00:00,1937.0528181788509
2021-08-01 21:00:00,1812.1222896525137
2021-08-01 22:00:00,1582.6408224098868
2021-08-01 23:00:00,1581.4085941036062
2021-08-02 00:00:00,1621.853800284844
2021-08-02 01:00:00,1618.4997138194638
2021-08-02 02:00:00,1798.451836163594
2021-08-02 03:00:00,1827.7205977194844
2021-08-02 04:00:00,1955.1271076385374
2021-08-02 05:00:00,2217.8518197449575
2021-08-02 06:00:00,2499.2417034583705
2021-08-02 07:00:00,2733.6361425217733
2021-08-02 08:00:00,2563.238385245005
2021-08-02 09:00:00,2626.4334392672004
2021-08-02 10:00:00,2748.659928778373
2021-08-02 11:00:00,2351.9329058709527
2021-08-02 12:00:00,2675.489046580062
2021-08-02 13:00:00,2377.8143383501547
2021-08-02 14:00:00,2567.163554368342
2021-08-02 15:00:00,2520.524509802516
2021-08-02 16:00:00,2617.238136231908
2021-08-02 17:00:00,2854.1564924475347
2021-08-02 18:00:00,2680.745894031312
2021-08-02 19:00:00,2716.2674030748212
2021-08-02 20:00:00,2641.833910691154
2021-08-02 21:00:00,2296.0079968272275
2021-08-02 22:00:00,2342.588846278714
2021-08-02 23:00:00,2184.58179290762
2021-08-03 00:00:00,1421.3479950012916
2021-08-03 01:00:00,1808.9024135495977
2021-08-03 02:00:00,1859.0808331935423
2021-08-03 03:00:00,1953.5115521615128
2021-08-03 04:00:00,2095.392436947251
2021-08-03 05:00:00,2233.9708197555437
2021-08-03 06:00:00,2630.418981810098
2021-08-03 07:00:00,3047.101055555378
2021-08-03 08:00:00,2842.2775223063513
2021-08-03 09:00:00,3009.7285788478216
2021-08-03 10:00:00,2758.142601506304
2021-08-03 11:00:00,2478.5032437541604
2021-08-03 12:00:00,2329.751541355422
2021-08-03 13:00:00,2264.704208835061
2021-08-03 14:00:00,2424.5902088420225
2021-08-03 15:00:00,2549.259941218121
2021-08-03 16:00:00,3036.3574351048037
2021-08-03 17:00:00,2664.943118148314
2021-08-03 18:00:00,2555.579384092582
2021-08-03 19:00:00,2634.751115995802
2021-08-03 20:00:00,2403.5840103140827
2021-08-03 21:00:00,2194.7670297304753
2021-08-03 22:00:00,2043.2289930072268
2021-08-03 23:00:00,2149.0685851032054
2021-08-04 00:00:00,1769.584559371561
2021-08-04 01:00:00,1704.8039417631844
2021-08-04 02:00:00,1864.1784240585066
2021-08-04 03:00:00,1994.5165151093365
2021-08-04 04:00:00,2002.9384984510987
2021-08-04 05:00:00,2406.7329470003424
2021-08-04 06:00:00,2332.6619259703525
2021-08-04 07:00:00,2670.292400441792
2021-08-04 08:00:00,2683.4838156364867
2021-08-04 09:00:00,2849.8481354790906
2021-08-04 10:00:00,2647.4201961753315
2021-08-04 11:00:00,2297.3915587415268
2021-08-04 12:00:00,2495.556468198818
2021-08-04 13:00:00,2212.5266429657963
2021-08-04 14:00:00,2489.5660804922054
2021-08-04 15:00:00,2652.231092045845
2021-08-04 16:00:00,2733.0954723236596
2021-08-04 17:00:00,2873.9492837610155
2021-08-04 18:00:00,2673.7387076433856
2021-08-04 19:00:00,2858.763475605987
2021-08-04 20:00:00,2814.6515361641136
2021-08-04 21:00:00,2594.0932700046915
2021-08-04 22:00:00,2273.8768264992414
2021-08-04 23:00:00,2007.212359887398
2021-08-05 00:00:00,1576.0418415493937
2021-08-05 01:00:00,1813.1376045071636
2021-08-05 02:00:00,1803.762208044433
2021-08-05 03:00:00,1958.4515727973742
2021-08-05 04:00:00,2107.4893835857206
2021-08-05 05:00:00,2530.330323569336
2021-08-05 06:00:00,2568.220568373108
2021-08-05 07:00:00,2814.533364867509
2021-08-05 08:00:00,2973.6767397036674
2021-08-05 09:00:00,2689.728428645526
2021-08-05 10:00:00,2737.748833088975
2021-08-05 11:00:00,2479.892193999981
2021-08-05 12:00:00,2457.256038074007
2021-08-05 13:00:00,2307.781498009251
2021-08-05 14:00:00,2512.816890154651
2021-08-05 15:00:00,2600.934538184419
2021-08-05 16:00:00,2789.35481286416
2021-08-05 17:00:00,2682.85564816171
2021-08-05 18:00:00,2652.4660478162327
2021-08-05 19:00:00,2742.1918166011596
2021-08-05 20:00:00,2453.6429394087277
2021-08-05 21:00:00,2693.6443251756073
2021-08-05 22:00:00,2277.363365493871
2021-08-05 23:00:00,2171.7072361219457
2021-08-06 00:00:00,1607.8371969812551
2021-08-06 01:00:00,1856.4811502553873
2021-08-06 02:00:00,1701.3045010086678
2021-08-06 03:00:00,1779.4381214436382
2021-08-06 04:00:00,2173.902433851719
2021-08-06 05:00:00,2197.7978213417264
2021-08-06 06:00:00,2413.112004121519
2021-08-06 07:00:00,2752.7356691631667
2021-08-06 08:00:00,2942.4219994451973
2021-08-06 09:00:00,2833.0290464608074
2021-08-06 10:00:00,2691.0642729287365
2021-08-06 11:00:00,2673.541673326272
2021-08-06 12:00:00,2131.1378239847736
2021-08-06 13:00:00,2243.1275577876977
2021-08-06 14:00:00,2411.4595354702724
2021-08-06 15:00:00,2568.3375903418864
2021-08-06 16:00:00,2739.0153372531845
2021-08-06 17:00:00,2553.091400228264
2021-08-06 18:00:00,2686.475730414376
2021-08-06 19:00:00,2868.9120788318046
2021-08-06 20:00:00,2361.151491320969
2021-08-06 21:00:00,2352.4050328721514
2021-08-06 22:00:00,2436.0312930097157
2021-08-06 23:00:00,2222.255843204231
2021-08-07 00:00:00,1381.834125282687
2021-08-07 01:00:00,1383.3218270756126
2021-08-07 02:00:00,1462.450037606601
2021-08-07 03:00:00,1672.5130858007856
2021-08-07 04:00:00,1860.4266025352201
2021-08-07 05:00:00,2100.878905073279
2021-08-07 06:00:00,2306.106473043434
2021-08-07 07:00:00,2358.104310532976
2021-08-07 08:00:00,2364.082399175889
2021-08-07 09:00:00,2367.024147184731
2021-08-07 10:00:00,2308.4195942842052
2021-08-07 11:00:00,2177.9465137455595
2021-08-07 12:00:00,2050.9100920892233
2021-08-07 13:00:00,1814.862854344695
2021-08-07 14:00:00,2011.487412783823
2021-08-07 15:00:00,2066.388333665188
2021-08-07 16:00:00,2215.9518786481794
2021-08-07 17:00:00,2280.2688981483443
2021-08-07 18:00:00,2266.897446323691
2021-08-07 19:00:00,2264.9027556885835
2021-08-07 20:00:00,2268.2949454246436
2021-08-07 21:00:00,2220.5760222409276
2021-08-07 22:00:00,2002.420865358747
2021-08-07 23:00:00,1718.4959407381825
2021-08-08 00:00:00,1178.7971535603835
2021-08-08 01:00:00,1392.3476501428995
2021-08-08 02:00:00,1377.9710498520867
2021-08-08 03:00:00,1378.1382112148026
2021-08-08 04:00:00,1449.774591442939
2021-08-08 05:00:00,1722.024300024141
2021-08-08 06:00:00,2013.6665654332342
2021-08-08 07:00:00,2257.329333406789
2021-08-08 08:00:00,1992.07934149579
2021-08-08 09:00:00,1910.1765203426937
2021-08-08 10:00:00,2094.534736664979
2021-08-08 11:00:00,1927.0006519717301
2021-08-08 12:00:00,1945.6853675398124
2021-08-08 13:00:00,1681.505907188093
2021-08-08 14:00:00,2066.976537732112
2021-08-08 15:00:00,2038.901925679143
2021-08-08 16:00:00,2066.340808119186
2021-08-08 17:00:00,2224.6895464370627
2021-08-08 18:00:00,1992.3400066764211
2021-08-08 19:00:00,2138.7997450477505
2021-08-08 20:00:00,2101.0609878525324
2021-08-08 21:00:00,1773.4963957187679
2021-08-08 22:00:00,1730.6394787530123
2021-08-08 23:00:00,1757.7801765510774
2021-08-09 00:00:00,1686.4582264116088
2021-08-09 01:00:00,1735.209998030625
2021-08-09 02:00:00,1976.2080536894532
2021-08-09 03:00:00,2060.1332152014243
2021-08-09 04:00:00,2303.8685135819474
2021-08-09 05:00:00,2454.561519338534
2021-08-09 06:00:00,2800.1027690344567
2021-08-09 07:00:00,2685.060797885029
2021-08-09 08:00:00,2455.362348655803
2021-08-09 09:00:00,2702.9319424053942
2021-08-09 10:00:00,2401.857880025182
2021-08-09 11:00:00,2419.526855096341
2021-08-09 12:00:00,2432.531091111058
2021-08-09 13:00:00,2594.0416743710966
2021-08-09 14:00:00,2567.93019252864
2021-08-09 15:00:00,2588.7747527937486
2021-08-09 16:00:00,2617.228315241265
2021-08-09 17:00:00,2685.758838035694
2021-08-09 18:00:00,2952.640713652566
2021-08-09 19:00:00,2673.930999982547
2021-08-09 20:00:00,2662.9069208644996
2021-08-09 21:00:00,2264.6627455764988
2021-08-09 22:00:00,2635.925273157786
2021-08-09 23:00:00,2194.1301870682155
2021-08-10 00:00:00,1685.5638845606718
2021-08-10 01:00:00,1626.3962284274687
2021-08-10 02:00:00,1818.99495478739
2021-08-10 03:00:00,2024.6381002009002
2021-08-10 04:00:00,2088.8752416867683
2021-08-10 05:00:00,2199.5029718788446
2021-08-10 06:00:00,2785.2883876320743
2021-08-10 07:00:00,2543.7762806163064
2021-08-10 08:00:00,2825.16316613021
2021-08-10 09:00:00,2814.782770955267
2021-08-10 10:00:00,2639.692560016434
2021-08-10 11:00:00,2610.700367323964
2021-08-10 12:00:00,2508.926057512651
2021-08-10 13:00:00,2451.0198732536364
2021-08-10 14:00:00,2260.0840473829458
2021-08-10 15:00:00,2669.854519322067
2021-08-10 16:00:00,2957.5297129369555
2021-08-10 17:00:00,2820.0169207721174
2021-08-10 18:00:00,2826.748697387905
2021-08-10 19:00:00,2906.971324798166
2021-08-10 20:00:00,2793.1191084516972
2021-08-10 21:00:00,2281.972177294286
2021-08-10 22:00:00,2315.573331279201
2021-08-10 23:00:00,2310.0672933240417
2021-08-11 00:00:00,1621.392099400642
2021-08-11 01:00:00,1799.937470126948
2021-08-11 02:00:00,1642.084826089064
2021-08-11 03:00:00,2030.0963705007734
2021-08-11 04:00:00,2015.4431918406985
2021-08-11 05:00:00,2380.6995873416768
2021-08-11 06:00:00,2514.6326438511996
2021-08-11 07:00:00,2586.202102024022
2021-08-11 08:00:00,2809.680022056789
2021-08-11 09:00:00,2708.5548958215013
2021-08-11 10:00:00,2528.2021523672875
2021-08-11 11:00:00,2327.9754365524345
2021-08-11 12:00:00,2766.9667759220324
2021-08-11 13:00:00,2264.220923527012
2021-08-11 14:00:00,2552.9004242899023
2021-08-11 15:00:00,2545.367027965114
2021-08-11 16:00:00,2749.0605446070763
2021-08-11 17:00:00,2988.3826457463033
2021-08-11 18:00:00,2636.2065223286563
2021-08-11 19:00:00,2536.71521803728
2021-08-11 20:00:00,2586.101716345105
2021-08-11 21:00:00,2532.0359397420566
2021-08-11 22:00:00,2299.418358503919
2021-08-11 23:00:00,2267.4228185864094
2021-08-12 00:00:00,1642.647624044904
2021-08-12 01:00:00,1609.038666901426
2021-08-12 02:00:00,1556.035805222213
2021-08-12 03:00:00,1881.3367847108261
2021-08-12 04:00:00,2133.4296330494553
2021-08-12 05:00:00,2370.170014650043
2021-08-12 06:00:00,2636.0167295504366
2021-08-12 07:00:00,2892.361905366425
2021-08-12 08:00:00,2913.8337273052243
2021-08-12 09:00:00,2509.432066158568
2021-08-12 10:00:00,2523.6042660803914
2021-08-12 11:00:00,2714.169510752942
2021-08-12 12:00:00,2477.7954778475905
2021-08-12 13:00:00,2687.8451405255005
2021-08-12 14:00:00,2425.908004081623
2021-08-12 15:00:00,2491.4378672923203
2021-08-12 16:00:00,2669.8556597389265
2021-08-12 17:00:00,2523.8251144875535
2021-08-12 18:00:00,2654.6913958613413
2021-08-12 19:00:00,2720.346300268405
2021-08-12 20:00:00,2763.2677740514955
2021-08-12 21:00:00,2492.905781216116
2021-08-12 22:00:00,2244.536696349831
2021-08-12 23:00:00,2118.774005060359
2021-08-13 00:00:00,1639.1377151548606
2021-08-13 01:00:00,1659.296297408221
2021-08-13 02:00:00,1800.5767632247098
2021-08-13 03:00:00,2148.0469172653943
2021-08-13 04:00:00,2019.880635159437
2021-08-13 05:00:00,2339.3053365932424
2021-08-13 06:00:00,2398.202032839718
2021-08-13 07:00:00,2828.751187677392
2021-08-13 08:00:00,2717.846473133623
2021-08-13 09:00:00,2807.793490236454
2021-08-13 10:00:00,2642.6567386185475
2021-08-13 11:00:00,2370.5145827962674
2021-08-13 12:00:00,2365.2510215275415
2021-08-13 13:00:00,2449.7969758081276
2021-08-13 14:00:00,2393.223891376978
2021-08-13 15:00:00,2583.448141024032
2021-08-13 16:00:00,2856.85103082054
2021-08-13 17:00:00,2546.7349972173674
2021-08-13 18:00:00,2589.403929377338
2021-08-13 19:00:00,2664.589579851743
2021-08-13 20:00:00,2419.9953959996897
2021-08-13 21:00:00,2678.2029920908517
2021-08-13 22:00:00,2295.165326646134
2021-08-13 23:00:00,2082.941544870435
2021-08-14 00:00:00,1343.0772841780713
2021-08-14 01:00:00,1498.9011254870477
2021-08-14 02:00:00,1564.7329815761204
2021-08-14 03:00:00,1609.344795524679
2021-08-14 04:00:00,1778.2119260369361
2021-08-14 05:00:00,2106.4857418799497
2021-08-14 06:00:00,2301.1627562257586
2021-08-14 07:00:00,2271.1094740599397
2021-08-14 08:00:00,2373.5919879777866
2021-08-14 09:00:00,2507.129906363612
2021-08-14 10:00:00,2225.229197239691
2021-08-14 11:00:00,2042.965420970311
2021-08-14 12:00:00,2050.9817464296984
2021-08-14 13:00:00,2143.2820913001456
2021-08-14 14:00:00,1991.726458999316
2021-08-14 15:00:00,2193.5032748330286
2021-08-14 16:00:00,2103.296200122307
2021-08-14 17:00:00,2327.6272177290084
2021-08-14 18:00:00,2306.4923042978544
2021-08-14 19:00:00,2463.60420489766
2021-08-14 20:00:00,2277.890305998502
2021-08-14 21:00:00,1988.4023726178375
2021-08-14 22:00:00,2060.602346461215
2021-08-14 23:00:00,1811.519045462366
2021-08-15 00:00:00,1206.2741823334832
2021-08-15 01:00:00,1387.6900624770944
2021-08-15 02:00:00,1419.5857746084937
2021-08-15 03:00:00,1493.8153581481897
2021-08-15 04:00:00,1553.9086275026198
2021-08-15 05:00:00,1547.8227155611378
2021-08-15 06:00:00,1986.4857592682783
2021-08-15 07:00:00,2069.084961561934
2021-08-15 08:00:00,2152.9702720308064
2021-08-15 09:00:00,2058.6739746087896
2021-08-15 10:00:00,2024.4891272669934
2021-08-15 11:00:00,1936.4662981556307
2021-08-15 12:00:00,1915.6895226615898
2021-08-15 13:00:00,1886.81255198718
2021-08-15 14:00:00,1838.3236723159487
2021-08-15 15:00:00,2172.7921014593253
2021-08-15 16:00:00,2109.835834676066
2021-08-15 17:00:00,2089.1917705244414
2021-08-15 18:00:00,2155.870849108489
2021-08-15 19:00:00,2130.5151565928954
2021-08-15 20:00:00,2086.4227069514322
2021-08-15 21:00:00,1855.1750335640893
2021-08-15 22:00:00,1815.49009194837
2021-08-15 23:00:00,1575.9157460134315
2021-08-16 00:00:00,1650.118792742455
2021-08-16 01:00:00,1799.3266265325676
2021-08-16 02:00:00,1723.636876602003
2021-08-16 03:00:00,1882.4738146125483
2021-08-16 04:00:00,2243.8714713301783
2021-08-16 05:00:00,2371.3935295889914
2021-08-16 06:00:00,2493.7383641910546
2021-08-16 07:00:00,2505.338426369722
2021-08-16 08:00:00,2693.8799170366437
2021-08-16 09:00:00,2710.2097010532557
2021-08-16 10:00:00,2818.9712050007984
2021-08-16 11:00:00,2503.5611593924214
2021-08-16 12:00:00,2459.2465283041165
2021-08-16 13:00:00,2638.568274858929
2021-08-16 14:00:00,2762.5736245427024
2021-08-16 15:00:00,2492.705476733116
2021-08-16 16:00:00,2785.440576998053
2021-08-16 17:00:00,2483.466502059825
2021-08-16 18:00:00,3098.54366286074
2021-08-16 19:00:00,2918.8093409645917
2021-08-16 20:00:00,2805.656838796382
2021-08-16 21:00:00,2462.1109043779675
2021-08-16 22:00:00,2404.835132553168
2021-08-16 23:00:00,2061.52464645304
2021-08-17 00:00:00,1795.6628501500215
2021-08-17 01:00:00,1795.5337055364853
2021-08-17 02:00:00,1848.4446876879397
2021-08-17 03:00:00,1887.7991171004087
2021-08-17 04:00:00,2045.9232189539237
2021-08-17 05:00:00,2571.2690591742708
2021-08-17 06:00:00,2772.3174431865323
2021-08-17 07:00:00,2617.325329023389
2021-08-17 08:00:00,2620.399296795387
2021-08-17 09:00:00,2913.934657941291
2021-08-17 10:00:00,2777.7217246199625
2021-08-17 11:00:00,2783.004038282746
2021-08-17 12:00:00,2512.8665029575545
2021-08-17 13:00:00,2524.0434187330593
2021-08-17 14:00:00,2575.9806786172626
2021-08-17 15:00:00,2516.1569232748334
2021-08-17 16:00:00,2560.561468710447
2021-08-17 17:00:00,2946.953293788121
2021-08-17 18:00:00,2930.7602555223466
2021-08-17 19:00:00,2591.1353635903747
2021-08-17 20:00:00,2730.049179612237
2021-08-17 21:00:00,2500.183591032429
2021-08-17 22:00:00,2458.527662044387
2021-08-17 23:00:00,2306.0691416752684
2021-08-18 00:00:00,1579.5337350681684
2021-08-18 01:00:00,1682.652203967096
2021-08-18 02:00:00,1842.4213546603048
2021-08-18 03:00:00,1901.85515786875
2021-08-18 04:00:00,1889.1120346441435
2021-08-18 05:00:00,2342.0201404890963
2021-08-18 06:00:00,2534.5970415670545
2021-08-18 07:00:00,2699.2380392789155
2021-08-18 08:00:00,2914.5360850455613
2021-08-18 09:00:00,2789.7722617597688
2021-08-18 10:00:00,2900.970788670751
2021-08-18 11:00:00,2771.8925333477746
2021-08-18 12:00:00,2540.343540208669
2021-08-18 13:00:00,2246.005044782302
2021-08-18 14:00:00,2548.3049161027675
2021-08-18 15:00:00,2544.444116976795
2021-08-18 16:00:00,2644.49781816714
2021-08-18 17:00:00,2820.4449821081266
2021-08-18 18:00:00,2642.9383965251905
2021-08-18 19:00:00,2721.3210388579555
2021-08-18 20:00:00,2514.9406165723067
2021-08-18 21:00:00,2361.3234047331393
2021-08-18 22:00:00,2483.8103170608847
2021-08-18 23:00:00,2029.4892011055847
2021-08-19 00:00:00,1628.018345278418
2021-08-19 01:00:00,1790.7178060222473
2021-08-19 02:00:00,1785.785316583304
2021-08-19 03:00:00,1862.1241911311467
2021-08-19 04:00:00,2301.867233256152
2021-08-19 05:00:00,2407.3597034530085
2021-08-19 06:00:00,2726.1553388975008
2021-08-19 07:00:00,2940.266999038267
2021-08-19 08:00:00,2839.409978892237
2021-08-19 09:00:00,2510.345348763793
2021-08-19 10:00:00,2949.466893966287
2021-08-19 11:00:00,2597.862828177246
2021-08-19 12:00:00,2502.3680431066746
2021-08-19 13:00:00,2463.3198240165757
2021-08-19 14:00:00,2354.3473977462386
2021-08-19 15:00:00,2633.630262212491
2021-08-19 16:00:00,2731.915868814635
2021-08-19 17:00:00,2823.9206073018713
2021-08-19 18:00:00,2911.59607597504
2021-08-19 19:00:00,2588.471825109053
2021-08-19 20:00:00,2402.178258762703
2021-08-19 21:00:00,2527.9878444777737
2021-08-19 22:00:00,2343.3586484002576
2021-08-19 23:00:00,2310.0776836605337
2021-08-20 00:00:00,1821.0035054022942
2021-08-20 01:00:00,1744.4169397652172
2021-08-20 02:00:00,1915.2963230851321
2021-08-20 03:00:00,2006.9161319439868
2021-08-20 04:00:00,2135.8548201074786
2021-08-20 05:00:00,2286.6479915587774
2021-08-20 06:00:00,2540.831637219808
2021-08-20 07:00:00,2849.325714653534
2021-08-20 08:00:00,2694.229152564459
2021-08-20 09:00:00,2976.5670388797575
2021-08-20 10:00:00,2670.339861340055
2021-08-20 11:00:00,2593.037538312452
2021-08-20 12:00:00,2421.1228848563146
2021-08-20 13:00:00,2324.5080915025364
2021-08-20 14:00:00,2388.897273248104
2021-08-20 15:00:00,2537.753864922845
2021-08-20 16:00:00,2791.278041069743
2021-08-20 17:00:00,2846.1488424987924
2021-08-20 18:00:00,2757.4835642776657
2021-08-20 19:00:00,2614.5926118213706
2021-08-20 20:00:00,2767.224431075213
2021-08-20 21:00:00,2475.506477961071
2021-08-20 22:00:00,2247.3968964235073
2021-08-20 23:00:00,2244.4949661619967
2021-08-21 00:00:00,1367.0142848125874
2021-08-21 01:00:00,1484.0161908474313
2021-08-21 02:00:00,1510.1421295056364
2021-08-21 03:00:00,1630.7692522211505
2021-08-21 04:00:00,1903.413958902144
2021-08-21 05:00:00,2074.5902497973034
2021-08-21 06:00:00,2254.4523616675974
2021-08-21 07:00:00,2402.0835076025664
2021-08-21 08:00:00,2464.129136456167
2021-08-21 09:00:00,2339.107931373663
2021-08-21 10:00:00,2280.2465121830023
2021-08-21 11:00:00,2063.22482271805
2021-08-21 12:00:00,2055.263323279111
2021-08-21 13:00:00,2098.6977359373645
2021-08-21 14:00:00,2232.1696484568374
2021-08-21 15:00:00,2124.0046939965036
2021-08-21 16:00:00,2379.4892339620437
2021-08-21 17:00:00,2378.7164538505954
2021-08-21 18:00:00,2263.6283099268912
2021-08-21 19:00:00,2310.9164746680367
2021-08-21 20:00:00,2196.4877938216264
2021-08-21 21:00:00,2099.0095906447223
2021-08-21 22:00:00,2073.379929798656
2021-08-21 23:00:00,1812.9201858461347
2021-08-22 00:00:00,1243.822162180798
2021-08-22 01:00:00,1220.6071413398477
2021-08-22 02:00:00,1449.7939681477137
2021-08-22 03:00:00,1521.020324109774
2021-08-22 04:00:00,1626.4805330875347
2021-08-22 05:00:00,1821.1944229233206
2021-08-22 06:00:00,2046.0875986422386
2021-08-22 07:00:00,2003.6608168368728
2021-08-22 08:00:00,2233.885985133004
2021-08-22 09:00:00,2180.3292781789023
2021-08-22 10:00:00,2112.818704959024
2021-08-22 11:00:00,1836.1544738390432
2021-08-22 12:00:00,1726.9172519667811
2021-08-22 13:00:00,1813.16672201661
2021-08-22 14:00:00,2019.3532225436481
2021-08-22 15:00:00,1992.1755614695567
2021-08-22 16:00:00,1914.27847677821
2021-08-22 17:00:00,2155.8702406842835
2021-08-22 18:00:00,2032.915998027836
2021-08-22 19:00:00,1997.857947820305
2021-08-22 20:00:00,1877.5054481322782
2021-08-22 21:00:00,1979.02859480556
2021-08-22 22:00:00,1975.9221581835436
2021-08-22 23:00:00,1565.6467437345118
2021-08-23 00:00:00,1769.4408550918663
2021-08-23 01:00:00,1761.3698443885314
2021-08-23 02:00:00,1949.1888623611824
2021-08-23 03:00:00,1855.5176919302116
2021-08-23 04:00:00,2053.925173709468
2021-08-23 05:00:00,2394.7139209216452
2021-08-23 06:00:00,2661.8800059783434
2021-08-23 07:00:00,2762.1300205454286
2021-08-23 08:00:00,2972.037034406441
2021-08-23 09:00:00,3025.897759412131
2021-08-23 10:00:00,2665.9500888154557
2021-08-23 11:00:00,2664.2270782175833
2021-08-23 12:00:00,2452.3164644418457
2021-08-23 13:00:00,2368.959732356788
2021-08-23 14:00:00,2746.325539752826
2021-08-23 15:00:00,2690.557019228575
2021-08-23 16:00:00,2772.2489345161343
2021-08-23 17:00:00,3103.698018384533
2021-08-23 18:00:00,2875.3855752615077
2021-08-23 19:00:00,2704.927166094077
2021-08-23 20:00:00,2897.636163614041
2021-08-23 21:00:00,2524.5879098347164
2021-08-23 22:00:00,2285.307217979134
2021-08-23 23:00:00,2083.314526515657
2021-08-24 00:00:00,1620.667772388322
2021-08-24 01:00:00,1796.8957574396304
2021-08-24 02:00:00,1859.749771708414
2021-08-24 03:00:00,1953.870527089486
2021-08-24 04:00:00,2146.9126642115007
2021-08-24 05:00:00,2442.5701327574366
2021-08-24 06:00:00,2540.2880874550992
2021-08-24 07:00:00,2988.7809326839774
2021-08-24 08:00:00,2790.6647159356994
2021-08-24 09:00:00,2524.5176613472486
2021-08-24 10:00:00,2705.858820689559
2021-08-24 11:00:00,2595.7420124393047
2021-08-24 12:00:00,2573.1663856449304
2021-08-24 13:00:00,2482.154752041804
2021-08-24 14:00:00,2590.7789866760204
2021-08-24 15:00:00,2619.603395317149
2021-08-24 16:00:00,2951.9070039505236
2021-08-24 17:00:00,3019.8656838930065
2021-08-24 18:00:00,2736.261924531528
2021-08-24 19:00:00,2677.4597525510067
2021-08-24 20:00:00,2760.511977286368
2021-08-24 21:00:00,2389.480618703168
2021-08-24 22:00:00,2363.9452755544758
2021-08-24 23:00:00,2008.2905349570806
2021-08-25 00:00:00,1701.4941737404808
2021-08-25 01:00:00,1864.7749506419905
2021-08-25 02:00:00,1757.854770649227
2021-08-25 03:00:00,1914.9553399352733
2021-08-25 04:00:00,2186.14778309409
2021-08-25 05:00:00,2323.247399580582
2021-08-25 06:00:00,2660.9844955090966
2021-08-25 07:00:00,2517.087092563037
2021-08-25 08:00:00,2854.0149506783823
2021-08-25 09:00:00,2851.3811052655
2021-08-25 10:00:00,2770.0752012972785
2021-08-25 11:00:00,2663.9402382945223
2021-08-25 12:00:00,2417.8526435909453
2021-08-25 13:00:00,2398.3838210738318
2021-08-25 14:00:00,2660.153059493339
2021-08-25 15:00:00,2671.2823365926906
2021-08-25 16:00:00,2830.476731386083
2021-08-25 17:00:00,2950.120659665739
2021-08-25 18:00:00,2793.505293641431
2021-08-25 19:00:00,2730.4940492517635
2021-08-25 20:00:00,3099.1541309884947
2021-08-25 21:00:00,2835.8631124494227
2021-08-25 22:00:00,2580.8154041580083
2021-08-25 23:00:00,2162.3460322206442
2021-08-26 00:00:00,1762.0532072574642
2021-08-26 01:00:00,1706.5057203165861
2021-08-26 02:00:00,1862.2278278731726
2021-08-26 03:00:00,1953.9567714526695
2021-08-26 04:00:00,1956.3097394147896
2021-08-26 05:00:00,2439.120725136089
2021-08-26 06:00:00,2564.6161908950694
2021-08-26 07:00:00,3002.226323852292
2021-08-26 08:00:00,3042.8286626911904
2021-08-26 09:00:00,2820.438942609633
2021-08-26 10:00:00,2957.4076645371133
2021-08-26 11:00:00,2576.6801390540845
2021-08-26 12:00:00,2580.8532948597876
2021-08-26 13:00:00,2870.9873218462913
2021-08-26 14:00:00,2416.9179457129317
2021-08-26 15:00:00,2571.933033486634
2021-08-26 16:00:00,2738.3200380162193
2021-08-26 17:00:00,2745.7633437616423
2021-08-26 18:00:00,3190.9223321136037
2021-08-26 19:00:00,2845.435314713931
2021-08-26 20:00:00,2661.9025642561733
2021-08-26 21:00:00,2531.311460414825
2021-08-26 22:00:00,2519.498533732059
2021-08-26 23:00:00,1995.3817104760185
2021-08-27 00:00:00,1733.446086731893
2021-08-27 01:00:00,1601.6310212048227
2021-08-27 02:00:00,1996.4585100061706
2021-08-27 03:00:00,2116.3326110301323
2021-08-27 04:00:00,2323.8820745111243
2021-08-27 05:00:00,2486.720883817496
2021-08-27 06:00:00,2647.5008718241434
2021-08-27 07:00:00,2976.5886323344266
2021-08-27 08:00:00,3062.0405760419894
2021-08-27 09:00:00,2735.636682945531
2021-08-27 10:00:00,2577.0479056489025
2021-08-27 11:00:00,2605.8496158275775
2021-08-27 12:00:00,2441.783790477265
2021-08-27 13:00:00,2269.692086133571
2021-08-27 14:00:00,2530.3167795204363
2021-08-27 15:00:00,2590.854959460721
2021-08-27 16:00:00,2513.9326151866658
2021-08-27 17:00:00,3013.889695570272
2021-08-27 18:00:00,3093.222136997372
2021-08-27 19:00:00,2561.9000695627356
2021-08-27 20:00:00,2818.8085643426425
2021-08-27 21:00:00,2705.683069434855
2021-08-27 22:00:00,2237.1906621697667
2021-08-27 23:00:00,2235.9853102080033
2021-08-28 00:00:00,1541.871287066194
2021-08-28 01:00:00,1464.3267324691656
2021-08-28 02:00:00,1616.928707135714
2021-08-28 03:00:00,1716.8831855700134
2021-08-28 04:00:00,1810.269009200229
2021-08-28 05:00:00,2199.889043652597
2021-08-28 06:00:00,2347.9628703751127
2021-08-28 07:00:00,2397.6291916814175
2021-08-28 08:00:00,2326.0432351000986
2021-08-28 09:00:00,2583.120659027331
2021-08-28 10:00:00,2426.023344300983
2021-08-28 11:00:00,2237.3405436111343
2021-08-28 12:00:00,2237.065891393629
2021-08-28 13:00:00,2222.291069991341
2021-08-28 14:00:00,2168.729073543376
2021-08-28 15:00:00,2466.685708465429
2021-08-28 16:00:00,2392.536114393575
2021-08-28 17:00:00,2370.5124782802354
2021-08-28 18:00:00,2547.884815801141
2021-08-28 19:00:00,2414.1848790293975
2021-08-28 20:00:00,2292.1186722495936
2021-08-28 21:00:00,2204.641843575393
2021-08-28 22:00:00,2028.389057686724
2021-08-28 23:00:00,1818.1251041685696
2021-08-29 00:00:00,1289.862172351924
2021-08-29 01:00:00,1272.548512000197
2021-08-29 02:00:00,1294.584509399096
2021-08-29 03:00:00,1446.4992074014608
2021-08-29 04:00:00,1777.5072068074428
2021-08-29 05:00:00,1828.8046922398048
2021-08-29 06:00:00,1929.420234046411
2021-08-29 07:00:00,2264.7682642443383
2021-08-29 08:00:00,2290.5538632374714
2021-08-29 09:00:00,2290.7066037933605
2021-08-29 10:00:00,1937.7898356321052
2021-08-29 11:00:00,1996.054422865542
2021-08-29 12:00:00,1878.254423237733
2021-08-29 13:00:00,1881.5442469292402
2021-08-29 14:00:00,1895.9118369505306
2021-08-29 15:00:00,1906.0516084058788
2021-08-29 16:00:00,2170.595404277058
2021-08-29 17:00:00,2023.550294816043
2021-08-29 18:00:00,2256.6367305144427
2021-08-29 19:00:00,2175.4933378560763
2021-08-29 20:00:00,1923.7640108943067
2021-08-29 21:00:00,1894.0507321925493
2021-08-29 22:00:00,1757.7456997512809
2021-08-29 23:00:00,1780.6235007938049
2021-08-30 00:00:00,1591.6263800520783
2021-08-30 01:00:00,1829.6048271794245
2021-08-30 02:00:00,1961.8841977470927
2021-08-30 03:00:00,2088.9214626035705
2021-08-30 04:00:00,2212.9402366309105
2021-08-30 05:00:00,2345.854049543515
2021-08-30 06:00:00,2689.0087472719524
2021-08-30 07:00:00,2606.6153994050037
2021-08-30 08:00:00,2876.0720717029167
2021-08-30 09:00:00,2831.7281904151982
2021-08-30 10:00:00,2763.2750236155507
2021-08-30 11:00:00,2441.404754464448
2021-08-30 12:00:00,2603.3779742086595
2021-08-30 13:00:00,2639.7668098458666
2021-08-30 14:00:00,2563.3197289143945
2021-08-30 15:00:00,2663.572249540172
2021-08-30 16:00:00,2960.1105027549656
2021-08-30 17:00:00,3009.487099429704
2021-08-30 18:00:00,2961.225687084167
2021-08-30 19:00:00,2523.197349895679
2021-08-30 20:00:00,2961.4573414392626
2021-08-30 21:00:00,2533.691546225721
2021-08-30 22:00:00,2361.57899837723
2021-08-30 23:00:00,2288.250075041693
2021-08-31 00:00:00,1694.9553231699917
2021-08-31 01:00:00,1798.8326460740013
2021-08-31 02:00:00,2041.7177775153773
2021-08-31 03:00:00,1954.6568462553034
2021-08-31 04:00:00,2162.8033202635215
2021-08-31 05:00:00,2262.0252958440146
2021-08-31 06:00:00,2644.1179211610524
2021-08-31 07:00:00,2775.024704667483
2021-08-31 08:00:00,2886.3225129924804
2021-08-31 09:00:00,3003.1059932235125
2021-08-31 10:00:00,2856.733257531218
2021-08-31 11:00:00,2619.226496218403
2021-08-31 12:00:00,2536.41248961661
2021-08-31 13:00:00,2812.7026356897936
2021-08-31 14:00:00,2423.1933114225344
2021-08-31 15:00:00,2749.5412236109432
2021-08-31 16:00:00,2904.7293569681055
2021-08-31 17:00:00,3152.1104436122355
2021-08-31 18:00:00,2922.792711282748
2021-08-31 19:00:00,2990.6944781515513
2021-08-31 20:00:00,2683.4192186756004
2021-08-31 21:00:00,2547.6924496315614
2021-08-31 22:00:00,2287.884686978277
2021-08-31 23:00:00,2214.9469432911087
2021-09-01 00:00:00,1689.092497983
2021-09-01 01:00:00,1954.5786129685123
2021-09-01 02:00:00,1763.1841437502694
2021-09-01 03:00:00,2154.2058570430045
2021-09-01 04:00:00,1993.1586873202612
2021-09-01 05:00:00,2482.2052909718673
2021-09-01 06:00:00,2654.494535845484
2021-09-01 07:00:00,2630.7208771051714
2021-09-01 08:00:00,2817.3621276004765
2021-09-01 09:00:00,2896.6684847784472
2021-09-01 10:00:00,2743.8655061775808
2021-09-01 11:00:00,2657.29400412751
2021-09-01 12:00:00,2702.4607437135965
2021-09-01 13:00:00,2657.9772710628145
2021-09-01 14:00:00,2484.573971956306
2021-09-01 15:00:00,2334.507542700597
2021-09-01 16:00:00,2783.1682162500347
2021-09-01 17:00:00,2842.2926426080235
2021-09-01 18:00:00,2870.0812114116384
2021-09-01 19:00:00,2950.723719473587
2021-09-01 20:00:00,3061.9650489379633
2021-09-01 21:00:00,2701.4950558611904
2021-09-01 22:00:00,2419.125909224893
2021-09-01 23:00:00,2238.7131757548723
2021-09-02 00:00:00,1864.033222221885
2021-09-02 01:00:00,1904.7647552841277
2021-09-02 02:00:00,1856.769563996354
2021-09-02 03:00:00,2030.5604645677108
2021-09-02 04:00:00,2277.8220805672054
2021-09-02 05:00:00,2333.8193910711393
2021-09-02 06:00:00,2640.7187487418546
2021-09-02 07:00:00,2697.391745961007
2021-09-02 08:00:00,3031.9141500530686
2021-09-02 09:00:00,3007.235851659557
2021-09-02 10:00:00,2827.121035600516
2021-09-02 11:00:00,2656.311654468328
2021-09-02 12:00:00,2881.3721406755467
2021-09-02 13:00:00,2474.594341376841
2021-09-02 14:00:00,2721.9157508068124
2021-09-02 15:00:00,2652.3452024021235
2021-09-02 16:00:00,2914.7085341415327
2021-09-02 17:00:00,2806.7091385863305
2021-09-02 18:00:00,2940.4315368647945
2021-09-02 19:00:00,2872.228062523362
2021-09-02 20:00:00,2800.3011704491387
2021-09-02 21:00:00,2397.4477241866734
2021-09-02 22:00:00,2447.163706812181
2021-09-02 23:00:00,2285.8898159386267
2021-09-03 00:00:00,1836.7734953428428
2021-09-03 01:00:00,1880.69578293823
2021-09-03 02:00:00,1870.724230446124
2021-09-03 03:00:00,2166.4921751175266
2021-09-03 04:00:00,2337.097189981346
2021-09-03 05:00:00,2364.488536174066
2021-09-03 06:00:00,2674.954097475316
2021-09-03 07:00:00,3043.9728454174146
2021-09-03 08:00:00,2723.0567685187875
2021-09-03 09:00:00,3248.7182504108764
2021-09-03 10:00:00,2850.5223266345165
2021-09-03 11:00:00,2566.631253740467
2021-09-03 12:00:00,2496.0478011514174
2021-09-03 13:00:00,2542.670908653744
2021-09-03 14:00:00,2595.1912932033165
2021-09-03 15:00:00,2780.696765682333
2021-09-03 16:00:00,2828.8516765033964
2021-09-03 17:00:00,3159.8479526257315
2021-09-03 18:00:00,2629.180512471907
2021-09-03 19:00:00,2696.410129301064
2021-09-03 20:00:00,2856.1174743310717
2021-09-03 21:00:00,2731.2870777929948
2021-09-03 22:00:00,2388.434951492597
2021-09-03 23:00:00,2198.4628508960122
2021-09-04 00:00:00,1567.2507341142905
2021-09-04 01:00:00,1559.0515451726246
2021-09-04 02:00:00,1582.4620074071674
2021-09-04 03:00:00,1657.8104204424078
2021-09-04 04:00:00,1904.0745473967202
2021-09-04 05:00:00,2227.3642743649016
2021-09-04 06:00:00,2452.54089888419
2021-09-04 07:00:00,2451.315073185849
2021-09-04 08:00:00,2567.3910888969763
2021-09-04 09:00:00,2336.00274220117
2021-09-04 10:00:00,2501.110333594912
2021-09-04 11:00:00,2114.2268590638973
2021-09-04 12:00:00,2411.912083912095
2021-09-04 13:00:00,2164.8316290101097
2021-09-04 14:00:00,2103.336985667585
2021-09-04 15:00:00,2231.079204588226
2021-09-04 16:00:00,2322.5396841026945
2021-09-04 17:00:00,2520.442503655948
2021-09-04 18:00:00,2583.0751596141163
2021-09-04 19:00:00,2562.7805414602713
2021-09-04 20:00:00,2322.2523959518658
2021-09-04 21:00:00,2239.3508719742936
2021-09-04 22:00:00,1993.0653745730103
2021-09-04 23:00:00,1986.611876372222
2021-09-05 00:00:00,1347.0950390523851
2021-09-05 01:00:00,1338.7450312508975
2021-09-05 02:00:00,1519.7859217428772
2021-09-05 03:00:00,1562.8789382974664
2021-09-05 04:00:00,1562.0573454214625
2021-09-05 05:00:00,1872.9040487699226
2021-09-05 06:00:00,2006.9790758899617
2021-09-05 07:00:00,2166.8915870147675
2021-09-05 08:00:00,2249.918487781715
2021-09-05 09:00:00,2387.973850763182
2021-09-05 10:00:00,2215.150547133981
2021-09-05 11:00:00,2109.2157365521894
2021-09-05 12:00:00,1997.5801985178512
2021-09-05 13:00:00,1970.4510671212993
2021-09-05 14:00:00,1882.0757262908999
2021-09-05 15:00:00,2031.667511382283
2021-09-05 16:00:00,2240.596831781551
2021-09-05 17:00:00,2099.327773963318
2021-09-05 18:00:00,2241.5422466238847
2021-09-05 19:00:00,2262.0422591260703
2021-09-05 20:00:00,2088.9167492385704
2021-09-05 21:00:00,1891.2252659670137
2021-09-05 22:00:00,1850.332661320437
2021-09-05 23:00:00,1554.1992702079756
2021-09-06 00:00:00,1815.5800963097815
2021-09-06 01:00:00,1734.2606537929432
2021-09-06 02:00:00,1808.8248626468257
2021-09-06 03:00:00,1966.9463723647978
2021-09-06 04:00:00,2399.7331695854623
2021-09-06 05:00:00,2621.0675178286747
2021-09-06 06:00:00,2635.8231274432583
2021-09-06 07:00:00,2998.633526361975
2021-09-06 08:00:00,2966.3293034320222
2021-09-06 09:00:00,3182.2514241890663
2021-09-06 10:00:00,2998.524800690826
2021-09-06 11:00:00,2712.3528985933976
2021-09-06 12:00:00,2575.667226485047
2021-09-06 13:00:00,2678.281516847601
2021-09-06 14:00:00,2755.6308282097343
2021-09-06 15:00:00,2875.7967119379596
2021-09-06 16:00:00,2892.6968582341083
2021-09-06 17:00:00,2703.3269834640696
2021-09-06 18:00:00,3259.008147456953
2021-09-06 19:00:00,2749.486934702137
2021-09-06 20:00:00,2763.3332607830507
2021-09-06 21:00:00,2789.5635001980795
2021-09-06 22:00:00,2380.1859972329266
2021-09-06 23:00:00,2391.913296424458
2021-09-07 00:00:00,1715.2689381150026
2021-09-07 01:00:00,1936.459574206135
2021-09-07 02:00:00,2051.6587416202606
2021-09-07 03:00:00,2132.4902131512226
2021-09-07 04:00:00,2276.7308347271596
2021-09-07 05:00:00,2576.687853677565
2021-09-07 06:00:00,2699.108483924303
2021-09-07 07:00:00,2866.0838887891346
2021-09-07 08:00:00,3128.9743532598313
2021-09-07 09:00:00,3051.3078216991544
2021-09-07 10:00:00,2936.6464327580084
2021-09-07 11:00:00,2606.732386378249
2021-09-07 12:00:00,2536.0999342868417
2021-09-07 13:00:00,2548.222582362428
2021-09-07 14:00:00,2534.740558222805
2021-09-07 15:00:00,2746.4607894010664
2021-09-07 16:00:00,2947.3456758755583
2021-09-07 17:00:00,3130.158736058428
2021-09-07 18:00:00,2986.8029037411197
2021-09-07 19:00:00,3089.003267838857
2021-09-07 20:00:00,2832.8359557832696
2021-09-07 21:00:00,2553.977475115978
2021-09-07 22:00:00,2368.0144548661788
2021-09-07 23:00:00,2193.8152727570987
2021-09-08 00:00:00,1760.4631884027788
2021-09-08 01:00:00,1774.560767871617
2021-09-08 02:00:00,1801.7034646438383
2021-09-08 03:00:00,1878.69467361385
2021-09-08 04:00:00,2172.5273830317146
2021-09-08 05:00:00,2706.4735148116565
2021-09-08 06:00:00,2908.755407073296
2021-09-08 07:00:00,2807.5492087878956
2021-09-08 08:00:00,3089.6116033369717
2021-09-08 09:00:00,2941.165126236709
2021-09-08 10:00:00,2923.385208786225
2021-09-08 11:00:00,2891.076342956677
2021-09-08 12:00:00,2853.6896917635877
2021-09-08 13:00:00,2720.760652698812
2021-09-08 14:00:00,2814.4260504897284
2021-09-08 15:00:00,2556.114416042618
2021-09-08 16:00:00,3022.3103268810964
2021-09-08 17:00:00,2731.272205060594
2021-09-08 18:00:00,3073.6760784014223
2021-09-08 19:00:00,2924.726856612334
2021-09-08 20:00:00,2891.6344823757036
2021-09-08 21:00:00,2650.643353248051
2021-09-08 22:00:00,2506.454668530947
2021-09-08 23:00:00,2277.676245416612
2021-09-09 00:00:00,1770.5344489546303
2021-09-09 01:00:00,1748.8639124619506
2021-09-09 02:00:00,1968.2580016995444
2021-09-09 03:00:00,2016.4704426011667
2021-09-09 04:00:00,2335.569734913066
2021-09-09 05:00:00,2522.030819024817
2021-09-09 06:00:00,2446.35681522771
2021-09-09 07:00:00,2937.9985828297727
2021-09-09 08:00:00,3168.174040214852
2021-09-09 09:00:00,3002.3839300921177
2021-09-09 10:00:00,2843.793332325834
2021-09-09 11:00:00,2675.6870359379573
2021-09-09 12:00:00,2669.4896029325796
2021-09-09 13:00:00,2714.3148156895304
2021-09-09 14:00:00,2577.743602591584
2021-09-09 15:00:00,2946.7592396947084
2021-09-09 16:00:00,2972.6499229875412
2021-09-09 17:00:00,2947.616271288165
2021-09-09 18:00:00,3077.985976053205
2021-09-09 19:00:00,2962.6030182181553
2021-09-09 20:00:00,2829.6646577087595
2021-09-09 21:00:00,2499.6741541577317
2021-09-09 22:00:00,2321.5471817835755
2021-09-09 23:00:00,2292.0645716369795
2021-09-10 00:00:00,1913.0276281317897
2021-09-10 01:00:00,1722.6509265142408
2021-09-10 02:00:00,2005.5232386595937
2021-09-10 03:00:00,2177.2650570192395
2021-09-10 04:00:00,2297.6316845703636
2021-09-10 05:00:00,2347.8667010201452
2021-09-10 06:00:00,2537.1696119887397
2021-09-10 07:00:00,3177.5260156124086
2021-09-10 08:00:00,3035.108870984368
2021-09-10 09:00:00,2920.051687973455
2021-09-10 10:00:00,3022.00810080187
2021-09-10 11:00:00,3002.682581562794
2021-09-10 12:00:00,2742.4054057290723
2021-09-10 13:00:00,2777.3348163213914
2021-09-10 14:00:00,2619.2173881755243
2021-09-10 15:00:00,2483.4774671428477
2021-09-10 16:00:00,2678.1844487707817
2021-09-10 17:00:00,3121.4137294190355
2021-09-10 18:00:00,2974.87790933607
2021-09-10 19:00:00,3019.439461386772
2021-09-10 20:00:00,2997.696910885355
2021-09-10 21:00:00,2733.7355759420493
2021-09-10 22:00:00,2489.620039612059
2021-09-10 23:00:00,2490.6164719256158
2021-09-11 00:00:00,1535.2995152820554
2021-09-11 01:00:00,1575.12842124608
2021-09-11 02:00:00,1585.7847396988154
2021-09-11 03:00:00,1738.326275702901
2021-09-11 04:00:00,1942.4199590197136
2021-09-11 05:00:00,1979.817479511764
2021-09-11 06:00:00,2194.86981763136
2021-09-11 07:00:00,2532.894338828624
2021-09-11 08:00:00,2537.6100617919315
2021-09-11 09:00:00,2641.5428709553103
2021-09-11 10:00:00,2201.235359764444
2021-09-11 11:00:00,2247.4768763475367
2021-09-11 12:00:00,2304.641463773262
2021-09-11 13:00:00,2327.355527407243
2021-09-11 14:00:00,2378.53512017505
2021-09-11 15:00:00,2466.827003980722
2021-09-11 16:00:00,2458.310019125369
2021-09-11 17:00:00,2640.3673119610353
2021-09-11 18:00:00,2461.8912077951913
2021-09-11 19:00:00,2615.9259236211287
2021-09-11 20:00:00,2470.037436356919
2021-09-11 21:00:00,2569.854316554849
2021-09-11 22:00:00,2292.0411845268586
2021-09-11 23:00:00,1837.523679664407
2021-09-12 00:00:00,1419.9223749052833
2021-09-12 01:00:00,1375.5846013731446
2021-09-12 02:00:00,1490.6836729024324
2021-09-12 03:00:00,1570.9389446006214
2021-09-12 04:00:00,1738.3478843417365
2021-09-12 05:00:00,1751.2556069662255
2021-09-12 06:00:00,2089.2838244741724
2021-09-12 07:00:00,2275.882113663771
2021-09-12 08:00:00,2228.7482798086667
2021-09-12 09:00:00,2377.4877539620015
2021-09-12 10:00:00,2279.5570146844084
2021-09-12 11:00:00,2092.440724885671
2021-09-12 12:00:00,1951.7884439081358
2021-09-12 13:00:00,2064.2058634489954
2021-09-12 14:00:00,1935.822985467405
2021-09-12 15:00:00,2280.473148846315
2021-09-12 16:00:00,2330.3611617463303
2021-09-12 17:00:00,2226.8035816306915
2021-09-12 18:00:00,2251.050875028127
2021-09-12 19:00:00,2169.3766947810605
2021-09-12 20:00:00,1996.8550044397102
2021-09-12 21:00:00,2066.2327438434727
2021-09-12 22:00:00,1987.5874930977004
2021-09-12 23:00:00,1724.5549254298585
2021-09-13 00:00:00,1778.7700246509567
2021-09-13 01:00:00,1889.3095413843503
2021-09-13 02:00:00,1975.0917810020126
2021-09-13 03:00:00,2161.619663809657
2021-09-13 04:00:00,2565.4469193132677
2021-09-13 05:00:00,2712.8226723645234
2021-09-13 06:00:00,2425.4992949372718
2021-09-13 07:00:00,3068.461289430206
2021-09-13 08:00:00,3091.4931704727132
2021-09-13 09:00:00,3147.5156335300376
2021-09-13 10:00:00,3001.6726007558236
2021-09-13 11:00:00,2735.8400332089473
2021-09-13 12:00:00,3027.730842967478
2021-09-13 13:00:00,2615.14644523702
2021-09-13 14:00:00,2821.1561812995196
2021-09-13 15:00:00,2908.058756352094
2021-09-13 16:00:00,2751.1314758940716
2021-09-13 17:00:00,3087.1858242749017
2021-09-13 18:00:00,2973.534657903496
2021-09-13 19:00:00,3182.3594184185595
2021-09-13 20:00:00,3029.4854596149703
2021-09-13 21:00:00,2523.2093142251497
2021-09-13 22:00:00,2597.88326170501
2021-09-13 23:00:00,2219.3972302330735
2021-09-14 00:00:00,1773.6758998035887
2021-09-14 01:00:00,1942.134471621001
2021-09-14 02:00:00,1888.7513797674792
2021-09-14 03:00:00,1837.0351969770745
2021-09-14 04:00:00,2336.549975361963
2021-09-14 05:00:00,2602.957845332551
2021-09-14 06:00:00,2599.9413789286064
2021-09-14 07:00:00,2987.8824362284618
2021-09-14 08:00:00,3417.8832850629915
2021-09-14 09:00:00,3203.152615396684
2021-09-14 10:00:00,2873.447927235467
2021-09-14 11:00:00,2958.8055804906962
2021-09-14 12:00:00,2822.895564813674
2021-09-14 13:00:00,2641.6337123253406
2021-09-14 14:00:00,2578.583369747988
2021-09-14 15:00:00,2582.868208780427
2021-09-14 16:00:00,3056.780053834066
2021-09-14 17:00:00,3175.8792486837638
2021-09-14 18:00:00,3099.9317266080807
2021-09-14 19:00:00,3022.602406707129
2021-09-14 20:00:00,3054.7630689345538
2021-09-14 21:00:00,2804.774875590415
2021-09-14 22:00:00,2494.2759095482415
2021-09-14 23:00:00,2340.684133680423
2021-09-15 00:00:00,1809.8099611384116
2021-09-15 01:00:00,1741.56416498059
2021-09-15 02:00:00,2042.7118261051871
2021-09-15 03:00:00,2163.635147464092
2021-09-15 04:00:00,2113.0621455152627
2021-09-15 05:00:00,2556.316025779051
2021-09-15 06:00:00,2594.1314145378055
2021-09-15 07:00:00,2891.8378287619694
2021-09-15 08:00:00,3300.2388746501556
2021-09-15 09:00:00,3129.023191171363
2021-09-15 10:00:00,2714.6512747465104
2021-09-15 11:00:00,2879.13907842464
2021-09-15 12:00:00,2688.0066751992135
2021-09-15 13:00:00,2609.1739953381893
2021-09-15 14:00:00,2725.543881583552
2021-09-15 15:00:00,2750.0816714307257
2021-09-15 16:00:00,2598.297014830704
2021-09-15 17:00:00,3090.7230668922643
2021-09-15 18:00:00,3000.222738582669
2021-09-15 19:00:00,2797.5206567625414
2021-09-15 20:00:00,2723.4318690271966
2021-09-15 21:00:00,2942.039946234202
2021-09-15 22:00:00,2451.974572871111
2021-09-15 23:00:00,2670.9339057363004
2021-09-16 00:00:00,1921.7525433494384
2021-09-16 01:00:00,1897.9884597979296
2021-09-16 02:00:00,1966.990566679178
2021-09-16 03:00:00,2192.2321455582646
2021-09-16 04:00:00,2481.261522546043
2021-09-16 05:00:00,2648.505443933642
2021-09-16 06:00:00,2907.1942841986884
2021-09-16 07:00:00,3187.759447703289
2021-09-16 08:00:00,2858.676293169524
2021-09-16 09:00:00,3267.8884697483295
2021-09-16 10:00:00,2853.113063277385
2021-09-16 11:00:00,2683.348150296642
2021-09-16 12:00:00,2795.2472305643987
2021-09-16 13:00:00,2774.3403427834173
2021-09-16 14:00:00,2976.4960219675063
2021-09-16 15:00:00,3005.452690728528
2021-09-16 16:00:00,2822.8284505793663
2021-09-16 17:00:00,2975.886463016951
2021-09-16 18:00:00,2739.032726971133
2021-09-16 19:00:00,3071.4749296829646
2021-09-16 20:00:00,2698.029171276458
2021-09-16 21:00:00,2697.5403167611757
2021-09-16 22:00:00,2620.2216589582226
2021-09-16 23:00:00,2321.212984008115
2021-09-17 00:00:00,1893.8613038269257
2021-09-17 01:00:00,1982.7659754326705
2021-09-17 02:00:00,2058.5729741483065
2021-09-17 03:00:00,2249.714080188532
2021-09-17 04:00:00,2246.6858152237164
2021-09-17 05:00:00,2856.621878132882
2021-09-17 06:00:00,2914.990227475952
2021-09-17 07:00:00,3119.1686241106877
2021-09-17 08:00:00,2999.0920862918206
2021-09-17 09:00:00,2765.623386473501
2021-09-17 10:00:00,3199.6789063474753
2021-09-17 11:00:00,2769.90798414472
2021-09-17 12:00:00,2699.647484818736
2021-09-17 13:00:00,2695.4457217255426
2021-09-17 14:00:00,2805.8199733025554
2021-09-17 15:00:00,2783.651436882951
2021-09-17 16:00:00,3035.2569181251597
2021-09-17 17:00:00,3017.6446197489518
2021-09-17 18:00:00,2891.752461397713
2021-09-17 19:00:00,3040.072279865397
2021-09-17 20:00:00,2825.0849333245555
2021-09-17 21:00:00,2781.2929490718852
2021-09-17 22:00:00,2610.362852805813
2021-09-17 23:00:00,2425.3679798992707
2021-09-18 00:00:00,1592.944491424432
2021-09-18 01:00:00,1499.7987306561076
2021-09-18 02:00:00,1738.910321271846
2021-09-18 03:00:00,1977.9853216782665
2021-09-18 04:00:00,1851.23262194356
2021-09-18 05:00:00,2001.97352765402
2021-09-18 06:00:00,2465.938039177317
2021-09-18 07:00:00,2679.671735333797
2021-09-18 08:00:00,2756.732090628731
2021-09-18 09:00:00,2626.856461173429
2021-09-18 10:00:00,2317.006114667723
2021-09-18 11:00:00,2558.707449582355
2021-09-18 12:00:00,2458.300119080015
2021-09-18 13:00:00,2346.533616444218
2021-09-18 14:00:00,2401.4129316880203
2021-09-18 15:00:00,2507.653425991993
2021-09-18 16:00:00,2337.889610554071
2021-09-18 17:00:00,2622.1247404690903
2021-09-18 18:00:00,2687.828332573902
2021-09-18 19:00:00,2653.851757714797
2021-09-18 20:00:00,2386.307016329079
2021-09-18 21:00:00,2433.389434895471
2021-09-18 22:00:00,2358.7162426567934
2021-09-18 23:00:00,2077.892521341304
2021-09-19 00:00:00,1463.832856259839
2021-09-19 01:00:00,1557.2876708645254
2021-09-19 02:00:00,1585.037801641694
2021-09-19 03:00:00,1554.5008049550509
2021-09-19 04:00:00,1829.0810510995093
2021-09-19 05:00:00,1984.2417069023024
2021-09-19 06:00:00,2053.4993780952445
2021-09-19 07:00:00,2068.696656354698
2021-09-19 08:00:00,2203.0742592216648
2021-09-19 09:00:00,2297.780003795064
2021-09-19 10:00:00,2414.05152959479
2021-09-19 11:00:00,2267.635150847797
2021-09-19 12:00:00,1919.115146149324
2021-09-19 13:00:00,2207.899001733371
2021-09-19 14:00:00,1983.2264895074168
2021-09-19 15:00:00,2077.921730539125
2021-09-19 16:00:00,2208.2035277393034
2021-09-19 17:00:00,2315.461053493653
2021-09-19 18:00:00,2150.216177688818
2021-09-19 19:00:00,2524.5922113660113
2021-09-19 20:00:00,2198.236835271491
2021-09-19 21:00:00,1927.445360364718
2021-09-19 22:00:00,1734.200367072082
2021-09-19 23:00:00,1789.5207654443318
2021-09-20 00:00:00,1795.9101330754452
2021-09-20 01:00:00,1802.6161103147049
2021-09-20 02:00:00,2009.7843377435272
2021-09-20 03:00:00,2155.566056162589
2021-09-20 04:00:00,2419.331053341788
2021-09-20 05:00:00,2688.5722741153195
2021-09-20 06:00:00,2787.128870008872
2021-09-20 07:00:00,2735.2355574300095
2021-09-20 08:00:00,2901.7665558336894
2021-09-20 09:00:00,3142.488102397516
2021-09-20 10:00:00,2864.4029422371027
2021-09-20 11:00:00,2536.731515430275
2021-09-20 12:00:00,2852.424756687925
2021-09-20 13:00:00,2588.2665800253976
2021-09-20 14:00:00,2681.2082380604347
2021-09-20 15:00:00,2770.340837893432
2021-09-20 16:00:00,2813.2396544399107
2021-09-20 17:00:00,3005.5182136990416
2021-09-20 18:00:00,2852.097175772657
2021-09-20 19:00:00,2616.231985965636
2021-09-20 20:00:00,2801.8602972335134
2021-09-20 21:00:00,2647.913279496226
2021-09-20 22:00:00,2500.8447568723036
2021-09-20 23:00:00,2405.5795303548007
2021-09-21 00:00:00,1873.8231792092492
2021-09-21 01:00:00,1950.696994077168
2021-09-21 02:00:00,2134.2864341513555
2021-09-21 03:00:00,2146.4012243685893
2021-09-21 04:00:00,2392.4921693056494
2021-09-21 05:00:00,2466.3018661582205
2021-09-21 06:00:00,2753.902907670216
2021-09-21 07:00:00,2934.9087911798047
2021-09-21 08:00:00,2973.3379375031427
2021-09-21 09:00:00,3272.173432526852
2021-09-21 10:00:00,2984.279944181622
2021-09-21 11:00:00,2982.058653908311
2021-09-21 12:00:00,2802.286382203659
2021-09-21 13:00:00,2642.4940289915626
2021-09-21 14:00:00,2547.10546170205
2021-09-21 15:00:00,2922.6332777439907
2021-09-21 16:00:00,3047.9618244493954
2021-09-21 17:00:00,3021.236546702452
2021-09-21 18:00:00,3255.5624085273066
2021-09-21 19:00:00,3270.5282647217696
2021-09-21 20:00:00,2953.1519940035764
2021-09-21 21:00:00,2780.274422030112
2021-09-21 22:00:00,2665.260110074725
2021-09-21 23:00:00,2533.87802533661
2021-09-22 00:00:00,2040.4271434538307
2021-09-22 01:00:00,1914.2275299709536
2021-09-22 02:00:00,2173.6815786987063
2021-09-22 03:00:00,2213.8209369741735
2021-09-22 04:00:00,2395.3313166564635
2021-09-22 05:00:00,2317.1505980605198
2021-09-22 06:00:00,2817.1689037689866
2021-09-22 07:00:00,2823.3778144917865
2021-09-22 08:00:00,3124.9230245071985
2021-09-22 09:00:00,3268.655765625458
2021-09-22 10:00:00,3198.6379175182633
2021-09-22 11:00:00,3045.7717717779447
2021-09-22 12:00:00,2834.4357006318546
2021-09-22 13:00:00,2767.0469549073796
2021-09-22 14:00:00,2596.1443451004784
2021-09-22 15:00:00,2790.0171825399116
2021-09-22 16:00:00,3133.4025218192255
2021-09-22 17:00:00,3208.683538202015
2021-09-22 18:00:00,2833.6642569332253
2021-09-22 19:00:00,3151.978008311919
2021-09-22 20:00:00,3083.7571048849063
2021-09-22 21:00:00,2789.1272696496885
2021-09-22 22:00:00,2494.136154657051
2021-09-22 23:00:00,2271.6589346028313
2021-09-23 00:00:00,1797.7551716876442
2021-09-23 01:00:00,1938.09742893853
2021-09-23 02:00:00,1918.2187980234185
2021-09-23 03:00:00,2129.794412360765
2021-09-23 04:00:00,2355.034477650597
2021-09-23 05:00:00,2716.5107708363103
2021-09-23 06:00:00,2978.9528973072515
2021-09-23 07:00:00,3133.576211340731
2021-09-23 08:00:00,3178.6125890257154
2021-09-23 09:00:00,3261.4601447351433
2021-09-23 10:00:00,3137.1890752353174
2021-09-23 11:00:00,2647.545202857228
2021-09-23 12:00:00,2645.8700101774743
2021-09-23 13:00:00,2669.331180962446
2021-09-23 14:00:00,2970.39682002911
2021-09-23 15:00:00,2910.4647309428683
2021-09-23 16:00:00,2974.437746037683
2021-09-23 17:00:00,3318.628201817768
2021-09-23 18:00:00,2974.2209922138636
2021-09-23 19:00:00,3239.3857014774176
2021-09-23 20:00:00,3073.484699736325
2021-09-23 21:00:00,2887.392028422299
2021-09-23 22:00:00,2484.6347927356333
2021-09-23 23:00:00,2524.0389181594855
2021-09-24 00:00:00,1641.9194756149934
2021-09-24 01:00:00,1898.4843192577086
2021-09-24 02:00:00,2172.5243289321793
2021-09-24 03:00:00,2080.8568299757835
2021-09-24 04:00:00,2294.6082267204574
2021-09-24 05:00:00,2715.6628886127587
2021-09-24 06:00:00,2882.1424844519543
2021-09-24 07:00:00,3074.091588753292
2021-09-24 08:00:00,3472.2918648195973
2021-09-24 09:00:00,3279.911763373954
2021-09-24 10:00:00,3096.878570715802
2021-09-24 11:00:00,2855.378807780753
2021-09-24 12:00:00,2757.4086328232493
2021-09-24 13:00:00,2764.785994671097
2021-09-24 14:00:00,2885.2402974177103
2021-09-24 15:00:00,3031.657798955298
2021-09-24 16:00:00,2971.9140698013275
2021-09-24 17:00:00,3041.0712802122475
2021-09-24 18:00:00,3110.1075951021594
2021-09-24 19:00:00,2953.6155812543693
2021-09-24 20:00:00,2835.140616843779
2021-09-24 21:00:00,2834.2705594142235
2021-09-24 22:00:00,2730.251567971201
2021-09-24 23:00:00,2489.0257767139005
2021-09-25 00:00:00,1596.9831066286367
2021-09-25 01:00:00,1583.0580999308718
2021-09-25 02:00:00,1685.0321104021466
2021-09-25 03:00:00,1862.0193426132776
2021-09-25 04:00:00,1875.4943995805006
2021-09-25 05:00:00,2434.7239600383423
2021-09-25 06:00:00,2470.211256756675
2021-09-25 07:00:00,2638.7759570891135
2021-09-25 08:00:00,2939.040674012942
2021-09-25 09:00:00,2719.649935835867
2021-09-25 10:00:00,2510.7285068510487
2021-09-25 11:00:00,2338.214018242052
2021-09-25 12:00:00,2125.021055595223
2021-09-25 13:00:00,2441.038744222784
2021-09-25 14:00:00,2306.3356733024466
2021-09-25 15:00:00,2585.607443558304
2021-09-25 16:00:00,2583.6313277086592
2021-09-25 17:00:00,2716.282573775885
2021-09-25 18:00:00,2790.251619063113
2021-09-25 19:00:00,2696.170886376169
2021-09-25 20:00:00,2414.04400130551
2021-09-25 21:00:00,2357.9241562932243
2021-09-25 22:00:00,2328.011816164347
2021-09-25 23:00:00,2246.830992017306
2021-09-26 00:00:00,1528.5842019125096
2021-09-26 01:00:00,1527.7411991727602
2021-09-26 02:00:00,1533.3846889976464
2021-09-26 03:00:00,1730.4973420104795
2021-09-26 04:00:00,1869.3776952448236
2021-09-26 05:00:00,1937.0895154199916
2021-09-26 06:00:00,2296.3621094203872
2021-09-26 07:00:00,2368.1045830160433
2021-09-26 08:00:00,2425.088037305728
2021-09-26 09:00:00,2241.807893838012
2021-09-26 10:00:00,2011.6907152700928
2021-09-26 11:00:00,2421.603149251609
2021-09-26 12:00:00,2179.9023474189153
2021-09-26 13:00:00,2284.5480835400917
2021-09-26 14:00:00,2008.7007616039175
2021-09-26 15:00:00,2299.4592143253126
2021-09-26 16:00:00,2339.4496539354027
2021-09-26 17:00:00,2411.0445313752402
2021-09-26 18:00:00,2331.525502222023
2021-09-26 19:00:00,2506.069792486577
2021-09-26 20:00:00,2164.167261778846
2021-09-26 21:00:00,2187.592785761819
2021-09-26 22:00:00,2081.231443790118
2021-09-26 23:00:00,1963.7377426075286
2021-09-27 00:00:00,1735.161517241702
2021-09-27 01:00:00,1870.2374434286364
2021-09-27 02:00:00,1910.452130532205
2021-09-27 03:00:00,2224.470373025337
2021-09-27 04:00:00,2290.6906966340493
2021-09-27 05:00:00,2577.493010239532
2021-09-27 06:00:00,2709.9202294521647
2021-09-27 07:00:00,2883.034383183109
2021-09-27 08:00:00,3158.4654250239632
2021-09-27 09:00:00,3124.685347075663
2021-09-27 10:00:00,3350.312958546584
2021-09-27 11:00:00,3112.265972325367
2021-09-27 12:00:00,2939.7633395769544
2021-09-27 13:00:00,2805.0107787396846
2021-09-27 14:00:00,2881.1736756351042
2021-09-27 15:00:00,2753.373979731081
2021-09-27 16:00:00,3071.9105924089404
2021-09-27 17:00:00,3194.8595684983925
2021-09-27 18:00:00,3127.4726616558446
2021-09-27 19:00:00,3157.584798633956
2021-09-27 20:00:00,2919.388552418388
2021-09-27 21:00:00,2901.5225647863135
2021-09-27 22:00:00,2812.752001675242
2021-09-27 23:00:00,2417.5350039750947
2021-09-28 00:00:00,2055.5653295276265
2021-09-28 01:00:00,1911.310231912459
2021-09-28 02:00:00,1910.8174317038595
2021-09-28 03:00:00,2236.7362936791374
2021-09-28 04:00:00,2404.115577749918
2021-09-28 05:00:00,2652.843758810885
2021-09-28 06:00:00,2931.607337777676
2021-09-28 07:00:00,3279.8768671290736
2021-09-28 08:00:00,3346.2843226199434
2021-09-28 09:00:00,3201.2985803846973
2021-09-28 10:00:00,3390.3144530039185
2021-09-28 11:00:00,2977.785871934289
2021-09-28 12:00:00,2903.3231515674274
2021-09-28 13:00:00,2836.2241018797995
2021-09-28 14:00:00,2733.7052751381775
2021-09-28 15:00:00,3059.0598825740467
2021-09-28 16:00:00,2975.480849063032
2021-09-28 17:00:00,3040.3499455550445
2021-09-28 18:00:00,3104.94475833537
2021-09-28 19:00:00,2971.971381216928
2021-09-28 20:00:00,3053.266003184677
2021-09-28 21:00:00,2889.027790655885
2021-09-28 22:00:00,2644.7179783727847
2021-09-28 23:00:00,2437.6653523274417
2021-09-29 00:00:00,1971.084151467508
2021-09-29 01:00:00,1902.8302657908355
2021-09-29 02:00:00,2096.8156060600973
2021-09-29 03:00:00,2281.531896499344
2021-09-29 04:00:00,2540.0051540299987
2021-09-29 05:00:00,2591.8235690705155
2021-09-29 06:00:00,2995.159355104534
2021-09-29 07:00:00,2974.885822853304
2021-09-29 08:00:00,3496.7178516030053
2021-09-29 09:00:00,3309.24796122421
2021-09-29 10:00:00,3114.920966363961
2021-09-29 11:00:00,2975.5361774728826
2021-09-29 12:00:00,2700.5540125806983
2021-09-29 13:00:00,2682.5843281515804
2021-09-29 14:00:00,3049.4564063529992
2021-09-29 15:00:00,2784.2615056802542
2021-09-29 16:00:00,3383.3568032279145
2021-09-29 17:00:00,3078.2860788938738
2021-09-29 18:00:00,3183.0467899862065
2021-09-29 19:00:00,3334.9729057107265
2021-09-29 20:00:00,2867.6163949730694
2021-09-29 21:00:00,2945.8490141280627
2021-09-29 22:00:00,2413.7074679687175
2021-09-29 23:00:00,2366.784275255499
2021-09-30 00:00:00,2182.2604158342574
2021-09-30 01:00:00,1804.8868329409374
2021-09-30 02:00:00,1971.8246687385351
2021-09-30 03:00:00,2202.334716521252
2021-09-30 04:00:00,2459.6621525990795
2021-09-30 05:00:00,2729.9502127591004
2021-09-30 06:00:00,2890.854189946194
2021-09-30 07:00:00,3142.35637265305
2021-09-30 08:00:00,3232.747523751291
2021-09-30 09:00:00,3425.953892442033
2021-09-30 10:00:00,3180.0648988855714
2021-09-30 11:00:00,2700.9987610482317
2021-09-30 12:00:00,3039.0227294489296
2021-09-30 13:00:00,2532.1191839886355
2021-09-30 14:00:00,2792.9728172265673
2021-09-30 15:00:00,3033.3916716310328
2021-09-30 16:00:00,3070.964502049329
2021-09-30 17:00:00,2962.080507232317
2021-09-30 18:00:00,3225.635522947151
2021-09-30 19:00:00,3104.5140793133955
2021-09-30 20:00:00,2942.4449246386152
2021-09-30 21:00:00,3110.843888954813
2021-09-30 22:00:00,2605.871371058781
2021-09-30 23:00:00,2348.3919080029837
2021-10-01 00:00:00,1788.0197144480028
2021-10-01 01:00:00,2053.4820517411845
2021-10-01 02:00:00,2075.5743642932784
2021-10-01 03:00:00,2242.3196880350383
2021-10-01 04:00:00,2345.893456792261
2021-10-01 05:00:00,2571.651222824007
2021-10-01 06:00:00,3163.1735940874123
2021-10-01 07:00:00,3282.497271638508
2021-10-01 08:00:00,3262.4875823128978
2021-10-01 09:00:00,3335.4901497158266
2021-10-01 10:00:00,3027.0463455459794
2021-10-01 11:00:00,2708.5595382275
2021-10-01 12:00:00,2849.876457486559
2021-10-01 13:00:00,2732.684682519775
2021-10-01 14:00:00,2949.389295550977
2021-10-01 15:00:00,2834.405360644223
2021-10-01 16:00:00,3241.594991534525
2021-10-01 17:00:00,3572.323749256778
2021-10-01 18:00:00,3191.8095224472963
2021-10-01 19:00:00,3266.496524424778
2021-10-01 20:00:00,2900.4230167889536
2021-10-01 21:00:00,2977.0242022716347
2021-10-01 22:00:00,2741.339134991643
2021-10-01 23:00:00,2442.887809686208
2021-10-02 00:00:00,1682.7714501614464
2021-10-02 01:00:00,1599.1102605805354
2021-10-02 02:00:00,1734.7433721698562
2021-10-02 03:00:00,1939.5968508633775
2021-10-02 04:00:00,2166.425289862322
2021-10-02 05:00:00,2376.600530768112
2021-10-02 06:00:00,2559.267391662057
2021-10-02 07:00:00,2916.5847189227857
2021-10-02 08:00:00,2769.6452466949786
2021-10-02 09:00:00,2751.5329011018316
2021-10-02 10:00:00,2678.2552079679817
2021-10-02 11:00:00,2756.0296536206383
2021-10-02 12:00:00,2555.293516626979
2021-10-02 13:00:00,2427.7499638190493
2021-10-02 14:00:00,2493.3153411066846
2021-10-02 15:00:00,2583.748963075744
2021-10-02 16:00:00,2680.8935816286466
2021-10-02 17:00:00,2941.1301579743367
2021-10-02 18:00:00,2907.3334399603254
2021-10-02 19:00:00,2995.771825851845
2021-10-02 20:00:00,2450.1754128529465
2021-10-02 21:00:00,2306.1674250458404
2021-10-02 22:00:00,2185.6403522782507
2021-10-02 23:00:00,2228.7150552985977
2021-10-03 00:00:00,1419.6737984429021
2021-10-03 01:00:00,1544.579620935511
2021-10-03 02:00:00,1647.756983168852
2021-10-03 03:00:00,1701.0067782553974
2021-10-03 04:00:00,1926.738843546691
2021-10-03 05:00:00,1960.932621027067
2021-10-03 06:00:00,2445.071003759802
2021-10-03 07:00:00,2427.913022327995
2021-10-03 08:00:00,2318.94777253524
2021-10-03 09:00:00,2316.976189991165
2021-10-03 10:00:00,2213.2844091957295
2021-10-03 11:00:00,2521.652657765369
2021-10-03 12:00:00,2318.986841837757
2021-10-03 13:00:00,2133.750624500803
2021-10-03 14:00:00,2179.87518230539
2021-10-03 15:00:00,2260.324559410319
2021-10-03 16:00:00,2287.204455712545
2021-10-03 17:00:00,2356.895963564437
2021-10-03 18:00:00,2453.240773971768
2021-10-03 19:00:00,2368.250807061322
2021-10-03 20:00:00,2442.2214072637676
2021-10-03 21:00:00,2162.414478187488
2021-10-03 22:00:00,2006.9689787535667
2021-10-03 23:00:00,1764.0891660515565
2021-10-04 00:00:00,1965.2964812077998
2021-10-04 01:00:00,2045.3958745583561
2021-10-04 02:00:00,2141.130127334267
2021-10-04 03:00:00,2349.591203514055
2021-10-04 04:00:00,2583.0338729964396
2021-10-04 05:00:00,2634.4199269942055
2021-10-04 06:00:00,3014.9915195122417
2021-10-04 07:00:00,3053.161841578963
2021-10-04 08:00:00,3237.479566871074
2021-10-04 09:00:00,3306.1446514069135
2021-10-04 10:00:00,3184.0430614640118
2021-10-04 11:00:00,2954.5777731671083
2021-10-04 12:00:00,2888.485805503116
2021-10-04 13:00:00,3104.9342122028515
2021-10-04 14:00:00,3116.652681466846
2021-10-04 15:00:00,3083.4615805095063
2021-10-04 16:00:00,2887.4008382839097
2021-10-04 17:00:00,2977.32496209241
2021-10-04 18:00:00,3117.231971515365
2021-10-04 19:00:00,3273.681444014067
2021-10-04 20:00:00,3166.745201859354
2021-10-04 21:00:00,2931.186076769837
2021-10-04 22:00:00,2880.241894001832
2021-10-04 23:00:00,2371.7989000394427
2021-10-05 00:00:00,2091.6256761274035
2021-10-05 01:00:00,1923.0790374476192
2021-10-05 02:00:00,2141.6334603438786
2021-10-05 03:00:00,2154.0247593127388
2021-10-05 04:00:00,2447.0176849619206
2021-10-05 05:00:00,3069.4020624113623
2021-10-05 06:00:00,3105.023070972756
2021-10-05 07:00:00,2832.606801822651
2021-10-05 08:00:00,3140.0125342136266
2021-10-05 09:00:00,3314.0423257460534
2021-10-05 10:00:00,3278.0241761329576
2021-10-05 11:00:00,2875.7532468514764
2021-10-05 12:00:00,2766.027797833685
2021-10-05 13:00:00,3001.801587340847
2021-10-05 14:00:00,2845.7547868171905
2021-10-05 15:00:00,3008.9012163894918
2021-10-05 16:00:00,2891.6689146521694
2021-10-05 17:00:00,2986.7357851031825
2021-10-05 18:00:00,3099.3902671552682
2021-10-05 19:00:00,2932.2430397602925
2021-10-05 20:00:00,3559.3069168331567
2021-10-05 21:00:00,2798.3947680467772
2021-10-05 22:00:00,2602.790364193043
2021-10-05 23:00:00,2439.3108870961332
2021-10-06 00:00:00,1975.0877210313722
2021-10-06 01:00:00,2098.302882315032
2021-10-06 02:00:00,1934.8459289009356
2021-10-06 03:00:00,2305.3550416731878
2021-10-06 04:00:00,2466.759434116315
2021-10-06 05:00:00,2549.0911323553623
2021-10-06 06:00:00,3006.1593564636887
2021-10-06 07:00:00,3035.926305242071
2021-10-06 08:00:00,3463.1101700592335
2021-10-06 09:00:00,2978.147938373878
2021-10-06 10:00:00,3180.5845496596257
2021-10-06 11:00:00,2914.907016184267
2021-10-06 12:00:00,3032.40854226501
2021-10-06 13:00:00,2975.318713006873
2021-10-06 14:00:00,2819.6938309575
2021-10-06 15:00:00,3231.9955143037378
2021-10-06 16:00:00,2736.4759920049914
2021-10-06 17:00:00,3113.254853074407
2021-10-06 18:00:00,3063.57829988477
2021-10-06 19:00:00,3240.1987799874864
2021-10-06 20:00:00,2958.3065464339775
2021-10-06 21:00:00,3005.994551982322
2021-10-06 22:00:00,2900.057680455502
2021-10-06 23:00:00,2604.623918332127
2021-10-07 00:00:00,2080.9359828173197
2021-10-07 01:00:00,1971.8048936510932
2021-10-07 02:00:00,2199.2733639744342
2021-10-07 03:00:00,2339.4913003028523
2021-10-07 04:00:00,2289.291427415194
2021-10-07 05:00:00,2783.7943173046556
2021-10-07 06:00:00,2996.575372614886
2021-10-07 07:00:00,3183.809957919992
2021-10-07 08:00:00,3468.695271956897
2021-10-07 09:00:00,3481.1144174267456
2021-10-07 10:00:00,3258.285870507565
2021-10-07 11:00:00,3049.718927819413
2021-10-07 12:00:00,3145.7646086440177
2021-10-07 13:00:00,2693.4597415282906
2021-10-07 14:00:00,2941.7605171482196
2021-10-07 15:00:00,3172.393395473619
2021-10-07 16:00:00,3026.8203389251403
2021-10-07 17:00:00,3374.816368112658
2021-10-07 18:00:00,3032.5030595061066
2021-10-07 19:00:00,3226.4535611108663
2021-10-07 20:00:00,3220.7527500520414
2021-10-07 21:00:00,2703.0672779661636
2021-10-07 22:00:00,2709.633909707928
2021-10-07 23:00:00,2451.773172454418
2021-10-08 00:00:00,1876.377175557073
2021-10-08 01:00:00,1905.936584467577
2021-10-08 02:00:00,2246.2627593081143
2021-10-08 03:00:00,2381.3839324359437
2021-10-08 04:00:00,2454.085242828121
2021-10-08 05:00:00,2379.9010305632933
2021-10-08 06:00:00,2743.820393706396
2021-10-08 07:00:00,3044.6366633573334
2021-10-08 08:00:00,3431.9826410276096
2021-10-08 09:00:00,3574.1093370332546
2021-10-08 10:00:00,2951.1564153451745
2021-10-08 11:00:00,3024.236037374625
2021-10-08 12:00:00,2555.3740080363473
2021-10-08 13:00:00,2647.536805893056
2021-10-08 14:00:00,3233.310727382986
2021-10-08 15:00:00,2869.365959453419
2021-10-08 16:00:00,3201.2978348634297
2021-10-08 17:00:00,3249.395913565573
2021-10-08 18:00:00,3113.0903318136143
2021-10-08 19:00:00,3339.324696546388
2021-10-08 20:00:00,3138.6224211099093
2021-10-08 21:00:00,2914.3542925692327
2021-10-08 22:00:00,2842.1827416418346
2021-10-08 23:00:00,2442.9020056363524
2021-10-09 00:00:00,1746.3796858597782
2021-10-09 01:00:00,1865.5638675823168
2021-10-09 02:00:00,1954.2396728828614
2021-10-09 03:00:00,2096.7134186509415
2021-10-09 04:00:00,2042.0309359488529
2021-10-09 05:00:00,2230.350802508826
2021-10-09 06:00:00,2564.027871829899
2021-10-09 07:00:00,2808.1811092229204
2021-10-09 08:00:00,2881.0524941854574
2021-10-09 09:00:00,3126.1542915047594
2021-10-09 10:00:00,2715.770138297491
2021-10-09 11:00:00,2611.2287608362317
2021-10-09 12:00:00,2110.5699574447563
2021-10-09 13:00:00,2429.3429405933903
2021-10-09 14:00:00,2608.6083566483203
2021-10-09 15:00:00,2461.8050423157238
2021-10-09 16:00:00,2543.8136724408764
2021-10-09 17:00:00,2870.7575011663794
2021-10-09 18:00:00,2910.4255999145685
2021-10-09 19:00:00,2733.7258530279623
2021-10-09 20:00:00,2505.97236692046
2021-10-09 21:00:00,2596.596196269146
2021-10-09 22:00:00,2328.7402458698202
2021-10-09 23:00:00,2238.73314365061
2021-10-10 00:00:00,1518.9818010911454
2021-10-10 01:00:00,1491.0410236125638
2021-10-10 02:00:00,1593.4001750892169
2021-10-10 03:00:00,1599.1527236934658
2021-10-10 04:00:00,1905.1490902039898
2021-10-10 05:00:00,2177.415871859503
2021-10-10 06:00:00,2303.159056081436
2021-10-10 07:00:00,2486.3766731726314
2021-10-10 08:00:00,2404.047263412637
2021-10-10 09:00:00,2731.73899835208
2021-10-10 10:00:00,2439.323936861586
2021-10-10 11:00:00,2179.6369960848674
2021-10-10 12:00:00,2182.3636781626906
2021-10-10 13:00:00,2188.4083831310645
2021-10-10 14:00:00,2405.416385791103
2021-10-10 15:00:00,2267.9744261764877
2021-10-10 16:00:00,2447.2970481001917
2021-10-10 17:00:00,2350.6940222544144
2021-10-10 18:00:00,2626.620538619633
2021-10-10 19:00:00,2382.6938724173688
2021-10-10 20:00:00,2431.8794191441607
2021-10-10 21:00:00,2355.1882932221692
2021-10-10 22:00:00,2185.6341890971166
2021-10-10 23:00:00,2087.630750035652
2021-10-11 00:00:00,2065.0412731976735
2021-10-11 01:00:00,1892.5495043319713
2021-10-11 02:00:00,2027.6479933522553
2021-10-11 03:00:00,2152.123817162254
2021-10-11 04:00:00,2676.12185922106
2021-10-11 05:00:00,2854.4171193943093
2021-10-11 06:00:00,3026.789307703583
2021-10-11 07:00:00,3409.0877052530172
2021-10-11 08:00:00,3273.6258293596456
2021-10-11 09:00:00,3500.9493670385045
2021-10-11 10:00:00,3248.864237663378
2021-10-11 11:00:00,2973.404104487845
2021-10-11 12:00:00,3029.9126435387234
2021-10-11 13:00:00,3109.0868345101267
2021-10-11 14:00:00,3142.6634180426004
2021-10-11 15:00:00,3246.728199205992
2021-10-11 16:00:00,3363.8443272151444
2021-10-11 17:00:00,3038.208608462178
2021-10-11 18:00:00,3558.2078646494047
2021-10-11 19:00:00,3506.0122235441204
2021-10-11 20:00:00,3125.537332879462
2021-10-11 21:00:00,2980.09636318311
2021-10-11 22:00:00,2769.4555171721227
2021-10-11 23:00:00,2350.962515008545
2021-10-12 00:00:00,1773.0148562111794
2021-10-12 01:00:00,1930.6269950863352
2021-10-12 02:00:00,2237.8747037964113
2021-10-12 03:00:00,2151.4975560374883
2021-10-12 04:00:00,2385.2652927369845
2021-10-12 05:00:00,2720.5795812367373
2021-10-12 06:00:00,2970.7739401100594
2021-10-12 07:00:00,3129.950992517362
2021-10-12 08:00:00,3561.3994174224504
2021-10-12 09:00:00,3218.5466293304726
2021-10-12 10:00:00,3054.474536809008
2021-10-12 11:00:00,2839.632093139891
2021-10-12 12:00:00,2997.7053305739933
2021-10-12 13:00:00,2829.5671268392202
2021-10-12 14:00:00,3124.491931289891
2021-10-12 15:00:00,2976.149980622261
2021-10-12 16:00:00,3236.631023109518
2021-10-12 17:00:00,3432.876492982997
2021-10-12 18:00:00,3321.3963408391955
2021-10-12 19:00:00,3257.0419189758604
2021-10-12 20:00:00,3015.8931112813857
2021-10-12 21:00:00,2933.5954177212748
2021-10-12 22:00:00,2942.0064962521938
2021-10-12 23:00:00,2661.581838704602
2021-10-13 00:00:00,1922.0142859740256
2021-10-13 01:00:00,1939.0832532640443
2021-10-13 02:00:00,2164.696768430527
2021-10-13 03:00:00,2484.455764275207
2021-10-13 04:00:00,2659.077955994028
2021-10-13 05:00:00,2677.837494482395
2021-10-13 06:00:00,3235.875481269184
2021-10-13 07:00:00,3121.381282923449
2021-10-13 08:00:00,3416.8965328863706
2021-10-13 09:00:00,3068.4706627214678
2021-10-13 10:00:00,3518.6378052948794
2021-10-13 11:00:00,3078.7727415675154
2021-10-13 12:00:00,2974.4747683355704
2021-10-13 13:00:00,2710.543607043008
2021-10-13 14:00:00,2710.0199431514625
2021-10-13 15:00:00,3209.192721518363
2021-10-13 16:00:00,3456.0345343427257
2021-10-13 17:00:00,3468.5625121538756
2021-10-13 18:00:00,3278.4468457481944
2021-10-13 19:00:00,3363.5224112735314
2021-10-13 20:00:00,3107.844515438258
2021-10-13 21:00:00,3056.4524177089697
2021-10-13 22:00:00,2732.8868455206366
2021-10-13 23:00:00,2587.311460007254
2021-10-14 00:00:00,1985.8354139480346
2021-10-14 01:00:00,2034.9164642191083
2021-10-14 02:00:00,2151.866186035195
2021-10-14 03:00:00,2371.6615571956327
2021-10-14 04:00:00,2211.615717485054
2021-10-14 05:00:00,2620.752149167435
2021-10-14 06:00:00,3153.11609610101
2021-10-14 07:00:00,3253.8893242416184
2021-10-14 08:00:00,3385.2471618462937
2021-10-14 09:00:00,3471.170000014198
2021-10-14 10:00:00,3103.193424973654
2021-10-14 11:00:00,3308.7460944695927
2021-10-14 12:00:00,2938.259657662137
2021-10-14 13:00:00,2928.6739441908167
2021-10-14 14:00:00,3042.860585154808
2021-10-14 15:00:00,3138.5919224957593
2021-10-14 16:00:00,3161.4915068761866
2021-10-14 17:00:00,3510.465015906804
2021-10-14 18:00:00,3245.9939795952323
2021-10-14 19:00:00,3016.9193506558054
2021-10-14 20:00:00,2953.3903931864756
2021-10-14 21:00:00,3095.641675026342
2021-10-14 22:00:00,2944.093528926004
2021-10-14 23:00:00,2514.1860946350675
2021-10-15 00:00:00,2088.1493335618925
2021-10-15 01:00:00,2090.5731281702497
2021-10-15 02:00:00,2123.1684323579943
2021-10-15 03:00:00,2298.95598885195
2021-10-15 04:00:00,2644.1136461583696
2021-10-15 05:00:00,2782.0319645102195
2021-10-15 06:00:00,2892.842223826905
2021-10-15 07:00:00,3248.0631117848784
2021-10-15 08:00:00,3630.3799318194388
2021-10-15 09:00:00,3398.824908254316
2021-10-15 10:00:00,3406.6651427095894
2021-10-15 11:00:00,2968.9923078818138
2021-10-15 12:00:00,2871.318281078992
2021-10-15 13:00:00,2981.4382594113995
2021-10-15 14:00:00,3130.236451761693
2021-10-15 15:00:00,3131.5164286459103
2021-10-15 16:00:00,3265.1302243415003
2021-10-15 17:00:00,3401.7731467786057
2021-10-15 18:00:00,3389.514064144929
2021-10-15 19:00:00,3463.5115581723335
2021-10-15 20:00:00,3105.2214207536704
2021-10-15 21:00:00,2858.755134273739
2021-10-15 22:00:00,2834.748217620708
2021-10-15 23:00:00,2619.8011014435915
2021-10-16 00:00:00,1649.2520434052326
2021-10-16 01:00:00,1857.52148246103
2021-10-16 02:00:00,1991.6681055164531
2021-10-16 03:00:00,2114.822932840968
2021-10-16 04:00:00,2106.85325518313
2021-10-16 05:00:00,2451.073102241105
2021-10-16 06:00:00,2684.642218255874
2021-10-16 07:00:00,2866.418968412742
2021-10-16 08:00:00,2994.144895467595
2021-10-16 09:00:00,2879.492989525425
2021-10-16 10:00:00,2641.9293848942434
2021-10-16 11:00:00,2648.795641911984
2021-10-16 12:00:00,2550.269228896668
2021-10-16 13:00:00,2410.837715929536
2021-10-16 14:00:00,2739.0830214094117
2021-10-16 15:00:00,2772.997574985947
2021-10-16 16:00:00,2498.125396533719
2021-10-16 17:00:00,2904.1433223571553
2021-10-16 18:00:00,2913.2484548639623
2021-10-16 19:00:00,2819.4597183757437
2021-10-16 20:00:00,3176.217148485455
2021-10-16 21:00:00,2507.287917423135
2021-10-16 22:00:00,2449.0973574141167
2021-10-16 23:00:00,2144.7120474871335
2021-10-17 00:00:00,1487.488184283869
2021-10-17 01:00:00,1603.0779757547339
2021-10-17 02:00:00,1710.8971777209192
2021-10-17 03:00:00,1781.2485603081163
2021-10-17 04:00:00,2190.4364090260747
2021-10-17 05:00:00,2179.8246469267856
2021-10-17 06:00:00,2320.5560262779995
2021-10-17 07:00:00,2405.797760135003
2021-10-17 08:00:00,2587.0602478461033
2021-10-17 09:00:00,2625.349899815613
2021-10-17 10:00:00,2575.57109877942
2021-10-17 11:00:00,2511.6833188089154
2021-10-17 12:00:00,2017.0869293617257
2021-10-17 13:00:00,2241.3370568259097
2021-10-17 14:00:00,2266.2351275065594
2021-10-17 15:00:00,2383.838917201322
2021-10-17 16:00:00,2681.2380316605368
2021-10-17 17:00:00,2533.063791775529
2021-10-17 18:00:00,2549.6689252976917
2021-10-17 19:00:00,2484.108654650844
2021-10-17 20:00:00,2286.646469025551
2021-10-17 21:00:00,2338.3644020105708
2021-10-17 22:00:00,2324.1586726204023
2021-10-17 23:00:00,1966.7677922802593
2021-10-18 00:00:00,2175.6858193803814
2021-10-18 01:00:00,2116.367251351502
2021-10-18 02:00:00,2036.3232457637266
2021-10-18 03:00:00,2443.9657364513296
2021-10-18 04:00:00,2568.9597613925466
2021-10-18 05:00:00,2572.7300415268273
2021-10-18 06:00:00,3007.360030975923
2021-10-18 07:00:00,3337.6845280595
2021-10-18 08:00:00,3293.3684437909933
2021-10-18 09:00:00,3385.0233815148595
2021-10-18 10:00:00,3318.6029949227855
2021-10-18 11:00:00,2918.233336593135
2021-10-18 12:00:00,3153.0096983229932
2021-10-18 13:00:00,3114.3247239125308
2021-10-18 14:00:00,2695.1157031676303
2021-10-18 15:00:00,2892.3349935951223
2021-10-18 16:00:00,3293.1030693882685
2021-10-18 17:00:00,3499.439146005473
2021-10-18 18:00:00,3416.274449633694
2021-10-18 19:00:00,3421.264307397596
2021-10-18 20:00:00,3114.2783299896096
2021-10-18 21:00:00,3024.5735709854944
2021-10-18 22:00:00,2779.7331741488606
2021-10-18 23:00:00,2621.200218476747
2021-10-19 00:00:00,2093.4558822514737
2021-10-19 01:00:00,2139.4341791558372
2021-10-19 02:00:00,2384.9123458019994
2021-10-19 03:00:00,2379.4212866454277
2021-10-19 04:00:00,2405.669922170638
2021-10-19 05:00:00,2913.25656044401
2021-10-19 06:00:00,3190.562836397237
2021-10-19 07:00:00,3378.6959841910193
2021-10-19 08:00:00,3474.59601804286
2021-10-19 09:00:00,3361.362669093388
2021-10-19 10:00:00,3123.448689968065
2021-10-19 11:00:00,3395.880758994646
2021-10-19 12:00:00,2808.6945180679863
2021-10-19 13:00:00,2935.1651737886345
2021-10-19 14:00:00,2907.1246039535317
2021-10-19 15:00:00,3245.1215345281253
2021-10-19 16:00:00,3045.4836163381456
2021-10-19 17:00:00,3134.36639213874
2021-10-19 18:00:00,3848.9237165496475
2021-10-19 19:00:00,3472.023375380547
2021-10-19 20:00:00,2952.7245167021515
2021-10-19 21:00:00,3293.389962045007
2021-10-19 22:00:00,3052.2392400650797
2021-10-19 23:00:00,2719.3939257642924
2021-10-20 00:00:00,2009.827518338876
2021-10-20 01:00:00,2165.7646187912082
2021-10-20 02:00:00,2390.7280966579224
2021-10-20 03:00:00,2369.761583881764
2021-10-20 04:00:00,2858.6433359799344
2021-10-20 05:00:00,3027.6712502502905
2021-10-20 06:00:00,3149.943713247303
2021-10-20 07:00:00,3380.335262790034
2021-10-20 08:00:00,3368.4876021059067
2021-10-20 09:00:00,3306.8680471810208
2021-10-20 10:00:00,3276.1152162164203
2021-10-20 11:00:00,3171.6486382538665
2021-10-20 12:00:00,2992.3635923180846
2021-10-20 13:00:00,2922.1639757727744
2021-10-20 14:00:00,3143.733891269001
2021-10-20 15:00:00,3126.025935544728
2021-10-20 16:00:00,3413.736125532417
2021-10-20 17:00:00,3245.4811201141424
2021-10-20 18:00:00,3030.546014147937
2021-10-20 19:00:00,3395.7014694051213
2021-10-20 20:00:00,3222.2404552499984
2021-10-20 21:00:00,2949.0079907604963
2021-10-20 22:00:00,2775.2114741860646
2021-10-20 23:00:00,2711.079177036625
2021-10-21 00:00:00,1889.2849214322034
2021-10-21 01:00:00,2103.63228749893
2021-10-21 02:00:00,2234.9467944493917
2021-10-21 03:00:00,2314.728500289863
2021-10-21 04:00:00,2352.757722996021
2021-10-21 05:00:00,2971.775375856178
2021-10-21 06:00:00,3031.9942377315247
2021-10-21 07:00:00,3606.7745957737247
2021-10-21 08:00:00,3517.18484677741
2021-10-21 09:00:00,3482.6836458518574
2021-10-21 10:00:00,3239.6607295355448
2021-10-21 11:00:00,3108.9193264744913
2021-10-21 12:00:00,3106.2946513958414
2021-10-21 13:00:00,3180.602125851515
2021-10-21 14:00:00,3000.7212741986637
2021-10-21 15:00:00,3114.371185444095
2021-10-21 16:00:00,3004.2779703189926
2021-10-21 17:00:00,3372.4128503873467
2021-10-21 18:00:00,3227.326401547896
2021-10-21 19:00:00,3500.801388546606
2021-10-21 20:00:00,3001.992895470766
2021-10-21 21:00:00,2790.3368596184855
2021-10-21 22:00:00,2837.4696692096845
2021-10-21 23:00:00,2679.424839870636
2021-10-22 00:00:00,2162.2047186489676
2021-10-22 01:00:00,2155.374364831659
2021-10-22 02:00:00,2284.7837384494273
2021-10-22 03:00:00,2241.661026006457
2021-10-22 04:00:00,2390.334245784932
2021-10-22 05:00:00,2942.273430019676
2021-10-22 06:00:00,3143.1873921611236
2021-10-22 07:00:00,3389.9868557802533
2021-10-22 08:00:00,3471.1700170842128
2021-10-22 09:00:00,3415.0672369683098
2021-10-22 10:00:00,3291.409685804488
2021-10-22 11:00:00,2996.941387279152
2021-10-22 12:00:00,3350.401739252093
2021-10-22 13:00:00,2629.4078903723744
2021-10-22 14:00:00,3378.108224217029
2021-10-22 15:00:00,3244.892280371889
2021-10-22 16:00:00,3309.760804609461
2021-10-22 17:00:00,3264.2198811859134
2021-10-22 18:00:00,3259.798641757746
2021-10-22 19:00:00,3217.1211939469695
2021-10-22 20:00:00,3428.3295355091145
2021-10-22 21:00:00,3330.5753920599495
2021-10-22 22:00:00,2808.125074044565
2021-10-22 23:00:00,2683.6078769654546
2021-10-23 00:00:00,1832.1241456313924
2021-10-23 01:00:00,1862.856211608593
2021-10-23 02:00:00,1918.658813853175
2021-10-23 03:00:00,2203.3865008600637
2021-10-23 04:00:00,2351.7811501093543
2021-10-23 05:00:00,2430.0088844682227
2021-10-23 06:00:00,2784.8236182824667
2021-10-23 07:00:00,3235.791007575561
2021-10-23 08:00:00,3010.941813012058
2021-10-23 09:00:00,3209.147897918898
2021-10-23 10:00:00,3032.5043745352523
2021-10-23 11:00:00,2843.7698615713366
2021-10-23 12:00:00,2757.5085999114126
2021-10-23 13:00:00,2758.436166055113
2021-10-23 14:00:00,2484.318587154279
2021-10-23 15:00:00,2881.549677530777
2021-10-23 16:00:00,2764.8155293500035
2021-10-23 17:00:00,2939.3310672075568
2021-10-23 18:00:00,3098.8870640936047
2021-10-23 19:00:00,2812.064488170898
2021-10-23 20:00:00,2991.5885393578646
2021-10-23 21:00:00,2508.4996117758315
2021-10-23 22:00:00,2385.748406637784
2021-10-23 23:00:00,2164.7722988681076
2021-10-24 00:00:00,1423.0918785579292
2021-10-24 01:00:00,1469.8628694221802
2021-10-24 02:00:00,1789.2727284736914
2021-10-24 03:00:00,1697.5198691043913
2021-10-24 04:00:00,2120.7435263778198
2021-10-24 05:00:00,2110.6390300858616
2021-10-24 06:00:00,2468.3617285777877
2021-10-24 07:00:00,2479.41962833001
2021-10-24 08:00:00,2488.5799447934887
2021-10-24 09:00:00,2756.491370902628
2021-10-24 10:00:00,2587.93330721442
2021-10-24 11:00:00,2470.3507832787204
2021-10-24 12:00:00,2311.209524894255
2021-10-24 13:00:00,2456.2506673631933
2021-10-24 14:00:00,2419.2535521236537
2021-10-24 15:00:00,2530.0324030941015
2021-10-24 16:00:00,2579.6362833272174
2021-10-24 17:00:00,2624.519031753128
2021-10-24 18:00:00,2623.1461475797773
2021-10-24 19:00:00,2706.874247605448
2021-10-24 20:00:00,2542.72887052706
2021-10-24 21:00:00,2348.39507181274
2021-10-24 22:00:00,2337.9704945835306
2021-10-24 23:00:00,2057.128265851158
2021-10-25 00:00:00,1964.76659170426
2021-10-25 01:00:00,2169.6557894967
2021-10-25 02:00:00,2390.7612290993957
2021-10-25 03:00:00,2225.1432598299584
2021-10-25 04:00:00,2577.6057450572903
2021-10-25 05:00:00,2909.751346925897
2021-10-25 06:00:00,3311.9797685167264
2021-10-25 07:00:00,3308.4708234790437
2021-10-25 08:00:00,3517.190416327434
2021-10-25 09:00:00,3668.5446504230044
2021-10-25 10:00:00,3220.943025435064
2021-10-25 11:00:00,3284.574703948745
2021-10-25 12:00:00,3021.9417192934297
2021-10-25 13:00:00,3049.243081369532
2021-10-25 14:00:00,3235.734010650643
2021-10-25 15:00:00,3319.3368495996465
2021-10-25 16:00:00,3430.2216618933953
2021-10-25 17:00:00,3523.098681605784
2021-10-25 18:00:00,3244.5040251984556
2021-10-25 19:00:00,3565.4075463254608
2021-10-25 20:00:00,3346.743103853346
2021-10-25 21:00:00,3034.533652418975
2021-10-25 22:00:00,3016.27409249764
2021-10-25 23:00:00,2926.57606859902
2021-10-26 00:00:00,2050.467570717086
2021-10-26 01:00:00,2174.9576382443834
2021-10-26 02:00:00,2371.046093779326
2021-10-26 03:00:00,2321.6409519549848
2021-10-26 04:00:00,2673.8270812562146
2021-10-26 05:00:00,2996.539539386742
2021-10-26 06:00:00,3074.5225349222806
2021-10-26 07:00:00,3207.036130953954
2021-10-26 08:00:00,3678.3377853469556
2021-10-26 09:00:00,3238.758009820895
2021-10-26 10:00:00,3194.0405116047887
2021-10-26 11:00:00,3271.9914686216603
2021-10-26 12:00:00,2884.6050457663487
2021-10-26 13:00:00,2928.3017178262644
2021-10-26 14:00:00,3110.658925027421
2021-10-26 15:00:00,3221.312728276822
2021-10-26 16:00:00,3304.4502200728766
2021-10-26 17:00:00,3639.0013893557543
2021-10-26 18:00:00,3486.4626351021734
2021-10-26 19:00:00,3490.209106109086
2021-10-26 20:00:00,3569.0829504414223
2021-10-26 21:00:00,3179.565763808395
2021-10-26 22:00:00,2901.650575447986
2021-10-26 23:00:00,2809.7958148859807
2021-10-27 00:00:00,2200.169414466698
2021-10-27 01:00:00,2137.5149519838833
2021-10-27 02:00:00,2435.7497256511615
2021-10-27 03:00:00,2406.2580345160422
2021-10-27 04:00:00,2700.9038140168786
2021-10-27 05:00:00,3000.3585504867624
2021-10-27 06:00:00,2993.7510213508035
2021-10-27 07:00:00,3541.653064224683
2021-10-27 08:00:00,3407.3474084128857
2021-10-27 09:00:00,3247.110481231145
2021-10-27 10:00:00,3579.051464894643
2021-10-27 11:00:00,3012.6369074993836
2021-10-27 12:00:00,3068.4768499940346
2021-10-27 13:00:00,2896.3257583616046
2021-10-27 14:00:00,2789.321263486124
2021-10-27 15:00:00,3243.1292115405713
2021-10-27 16:00:00,3481.1898148091773
2021-10-27 17:00:00,3676.723874546454
2021-10-27 18:00:00,3434.6144537686805
2021-10-27 19:00:00,3435.602771695813
2021-10-27 20:00:00,3272.4756255819416
2021-10-27 21:00:00,3066.91024846934
2021-10-27 22:00:00,2919.0104112422
2021-10-27 23:00:00,2720.2305743685874
2021-10-28 00:00:00,2112.035012808306
2021-10-28 01:00:00,2104.310469535989
2021-10-28 02:00:00,2256.5518296092505
2021-10-28 03:00:00,2303.080005974712
2021-10-28 04:00:00,2317.074587812222
2021-10-28 05:00:00,3231.153209206345
2021-10-28 06:00:00,3414.2373430569833
2021-10-28 07:00:00,3254.3821330985606
2021-10-28 08:00:00,3476.66584610059
2021-10-28 09:00:00,3434.519150920257
2021-10-28 10:00:00,3167.2663865368672
2021-10-28 11:00:00,3165.9889694098747
2021-10-28 12:00:00,2910.375909264877
2021-10-28 13:00:00,3145.3142737478497
2021-10-28 14:00:00,3204.8546050180225
2021-10-28 15:00:00,3345.393534713318
2021-10-28 16:00:00,3246.704420559802
2021-10-28 17:00:00,3773.080992226804
2021-10-28 18:00:00,3600.4238239517017
2021-10-28 19:00:00,3291.893317339801
2021-10-28 20:00:00,3098.806914672389
2021-10-28 21:00:00,3128.948353109554
2021-10-28 22:00:00,2933.919998491058
2021-10-28 23:00:00,2594.289487728527
2021-10-29 00:00:00,1900.265973733253
2021-10-29 01:00:00,2120.0890286504437
2021-10-29 02:00:00,2338.2769524913792
2021-10-29 03:00:00,2311.74466571323
2021-10-29 04:00:00,2702.5243374170923
2021-10-29 05:00:00,2801.92880717925
2021-10-29 06:00:00,3326.349585685742
2021-10-29 07:00:00,3221.846222887381
2021-10-29 08:00:00,3610.4370755481746
2021-10-29 09:00:00,3490.9939106572538
2021-10-29 10:00:00,3408.8356078460047
2021-10-29 11:00:00,3048.3943046109143
2021-10-29 12:00:00,3125.622244145002
2021-10-29 13:00:00,2882.1530718435115
2021-10-29 14:00:00,2911.122827943858
2021-10-29 15:00:00,3438.937862575852
2021-10-29 16:00:00,3724.1303603992455
2021-10-29 17:00:00,3522.1588711851673
2021-10-29 18:00:00,3452.0266723036502
2021-10-29 19:00:00,3514.018870000388
2021-10-29 20:00:00,2956.3801710165653
2021-10-29 21:00:00,3099.507766131857
2021-10-29 22:00:00,2815.3115501173465
2021-10-29 23:00:00,2790.4754106687697
2021-10-30 00:00:00,1857.9721680453822
2021-10-30 01:00:00,1901.8884914561859
2021-10-30 02:00:00,1928.5594256825882
2021-10-30 03:00:00,2108.9080504081116
2021-10-30 04:00:00,2276.0200495069425
2021-10-30 05:00:00,2438.1112219591396
2021-10-30 06:00:00,2762.583750742501
2021-10-30 07:00:00,3094.248163937999
2021-10-30 08:00:00,2863.7562231568563
2021-10-30 09:00:00,2959.5371759182462
2021-10-30 10:00:00,2904.0740139360328
2021-10-30 11:00:00,2507.1504915382166
2021-10-30 12:00:00,2610.992470342628
2021-10-30 13:00:00,2602.811788023812
2021-10-30 14:00:00,2610.8091804061196
2021-10-30 15:00:00,2730.3821771042467
2021-10-30 16:00:00,3302.2849540453085
2021-10-30 17:00:00,3058.1660373921727
2021-10-30 18:00:00,3139.695818440383
2021-10-30 19:00:00,2899.213907742709
2021-10-30 20:00:00,2808.5933036434935
2021-10-30 21:00:00,2926.0421415466863
2021-10-30 22:00:00,2630.759415856476
2021-10-30 23:00:00,2375.1352540537964
2021-10-31 00:00:00,1486.0429106559372
2021-10-31 01:00:00,1723.4738429541017
2021-10-31 02:00:00,1816.8254971799447
2021-10-31 03:00:00,1867.444809244671
2021-10-31 04:00:00,2040.987833921444
2021-10-31 05:00:00,2135.0325087140136
2021-10-31 06:00:00,2678.5822321543023
2021-10-31 07:00:00,2686.322851312106
2021-10-31 08:00:00,2429.936911456407
2021-10-31 09:00:00,2754.358349586216
2021-10-31 10:00:00,2384.4251448031773
2021-10-31 11:00:00,2637.0113392274825
2021-10-31 12:00:00,2461.6852243281264
2021-10-31 13:00:00,2288.0241513869687
2021-10-31 14:00:00,2658.023574601314
2021-10-31 15:00:00,2587.7706500005493
2021-10-31 16:00:00,2651.4665746437377
2021-10-31 17:00:00,2620.040432737392
2021-10-31 18:00:00,2691.312433598825
2021-10-31 19:00:00,2596.808571119558
2021-10-31 20:00:00,2769.0723146184346
2021-10-31 21:00:00,2454.783563226224
2021-10-31 22:00:00,2177.6879465364755
2021-10-31 23:00:00,2145.6558099296426
2021-11-01 00:00:00,2322.6133892935077
2021-11-01 01:00:00,2145.3061339285073
2021-11-01 02:00:00,2268.600985544185
2021-11-01 03:00:00,2327.75015230512
2021-11-01 04:00:00,2855.1267777354255
2021-11-01 05:00:00,2912.448781160167
2021-11-01 06:00:00,3274.374527518269
2021-11-01 07:00:00,3365.794230632916
2021-11-01 08:00:00,3469.823410027315
2021-11-01 09:00:00,3638.4895404618114
2021-11-01 10:00:00,3385.9082518753316
2021-11-01 11:00:00,3319.586250941023
2021-11-01 12:00:00,3183.836791925423
2021-11-01 13:00:00,3251.7926595880726
2021-11-01 14:00:00,3026.508351899812
2021-11-01 15:00:00,3235.2889656629236
2021-11-01 16:00:00,3511.75056588387
2021-11-01 17:00:00,3670.0759899225477
2021-11-01 18:00:00,3632.297990509116
2021-11-01 19:00:00,3465.91967075673
2021-11-01 20:00:00,3617.082993594196
2021-11-01 21:00:00,3107.252538681254
2021-11-01 22:00:00,2962.4928499032403
2021-11-01 23:00:00,2599.3906273570374
2021-11-02 00:00:00,2291.6239511091753
2021-11-02 01:00:00,2265.233177353841
2021-11-02 02:00:00,2354.313890761674
2021-11-02 03:00:00,2413.949924627311
2021-11-02 04:00:00,2690.137754710651
2021-11-02 05:00:00,2902.4226582590313
2021-11-02 06:00:00,3373.673253708756
2021-11-02 07:00:00,3447.7992553231925
2021-11-02 08:00:00,3594.1711210529193
2021-11-02 09:00:00,3318.6718905544276
2021-11-02 10:00:00,3364.3921046085497
2021-11-02 11:00:00,3138.849501034503
2021-11-02 12:00:00,3209.4370777546415
2021-11-02 13:00:00,2900.0134955074423
2021-11-02 14:00:00,2974.876401077264
2021-11-02 15:00:00,3400.795746260801
2021-11-02 16:00:00,3657.139194614815
2021-11-02 17:00:00,3845.2220094068252
2021-11-02 18:00:00,3565.703221372006
2021-11-02 19:00:00,3574.0432124066383
2021-11-02 20:00:00,3447.939543116451
2021-11-02 21:00:00,3254.089600032517
2021-11-02 22:00:00,2821.574042371304
2021-11-02 23:00:00,2725.9313801806607
2021-11-03 00:00:00,2196.7554324665966
2021-11-03 01:00:00,2123.2655059747276
2021-11-03 02:00:00,2282.6018692387383
2021-11-03 03:00:00,2487.6620653579985
2021-11-03 04:00:00,2639.116534088224
2021-11-03 05:00:00,3316.1361745794766
2021-11-03 06:00:00,3169.7344444537935
2021-11-03 07:00:00,3220.295656487386
2021-11-03 08:00:00,3484.2542904066772
2021-11-03 09:00:00,3498.394375830568
2021-11-03 10:00:00,3444.8617464362005
2021-11-03 11:00:00,3200.336594789034
2021-11-03 12:00:00,3416.775382173383
2021-11-03 13:00:00,2842.021463226517
2021-11-03 14:00:00,3223.272239687155
2021-11-03 15:00:00,3197.741872953501
2021-11-03 16:00:00,3574.906046086313
2021-11-03 17:00:00,3726.2430249911054
2021-11-03 18:00:00,3579.0650402375895
2021-11-03 19:00:00,3691.3066627413336
2021-11-03 20:00:00,3394.6368871946747
2021-11-03 21:00:00,3339.408200667694
2021-11-03 22:00:00,2978.67140159196
2021-11-03 23:00:00,2779.462474124057
2021-11-04 00:00:00,2208.857227833569
2021-11-04 01:00:00,2166.688289780187
2021-11-04 02:00:00,2302.4487447928373
2021-11-04 03:00:00,2544.4338109189616
2021-11-04 04:00:00,2725.9511263528248
2021-11-04 05:00:00,3196.006494253945
2021-11-04 06:00:00,3364.9000512242196
2021-11-04 07:00:00,3713.7561904644094
2021-11-04 08:00:00,3541.329968022561
2021-11-04 09:00:00,3517.9435869404824
2021-11-04 10:00:00,3392.874713224943
2021-11-04 11:00:00,3408.868613862028
2021-11-04 12:00:00,3205.521702605509
2021-11-04 13:00:00,3119.379427607747
2021-11-04 14:00:00,3277.9076167288026
2021-11-04 15:00:00,3214.440534236673
2021-11-04 16:00:00,3393.988676485748
2021-11-04 17:00:00,3658.8387215641487
2021-11-04 18:00:00,3205.7765484024485
2021-11-04 19:00:00,3561.059592802565
2021-11-04 20:00:00,3038.1246883454587
2021-11-04 21:00:00,3097.496925022123
2021-11-04 22:00:00,3045.3792529337884
2021-11-04 23:00:00,2694.685167070718
2021-11-05 00:00:00,2092.1288469615724
2021-11-05 01:00:00,2137.178292845803
2021-11-05 02:00:00,2385.3465129848387
2021-11-05 03:00:00,2530.4354998070544
2021-11-05 04:00:00,2812.0265430039444
2021-11-05 05:00:00,2861.2529513038007
2021-11-05 06:00:00,3278.8256226215963
2021-11-05 07:00:00,3941.1993218097487
2021-11-05 08:00:00,3611.5319295668314
2021-11-05 09:00:00,3955.9807626084935
2021-11-05 10:00:00,3275.3178951815053
2021-11-05 11:00:00,3280.3990398483074
2021-11-05 12:00:00,3222.6336409563364
2021-11-05 13:00:00,3162.9848795807493
2021-11-05 14:00:00,3311.317072207139
2021-11-05 15:00:00,3544.5145176516235
2021-11-05 16:00:00,3966.282758217932
2021-11-05 17:00:00,3489.526510323353
2021-11-05 18:00:00,3542.4789994163193
2021-11-05 19:00:00,3273.930144597785
2021-11-05 20:00:00,3473.3067485889246
2021-11-05 21:00:00,3228.5852945366046
2021-11-05 22:00:00,3139.1676401870977
2021-11-05 23:00:00,2865.56597378346
2021-11-06 00:00:00,1969.0478200626892
2021-11-06 01:00:00,1834.9097730592098
2021-11-06 02:00:00,1905.1479826727175
2021-11-06 03:00:00,2327.0271719621005
2021-11-06 04:00:00,2404.8363475172423
2021-11-06 05:00:00,2785.8617978533835
2021-11-06 06:00:00,2957.173387111792
2021-11-06 07:00:00,3014.9439341719794
2021-11-06 08:00:00,3170.75230255123
2021-11-06 09:00:00,3282.79348616743
2021-11-06 10:00:00,3028.279462413287
2021-11-06 11:00:00,2837.8865728055234
2021-11-06 12:00:00,2552.7863216100454
2021-11-06 13:00:00,2835.8616869580533
2021-11-06 14:00:00,2919.4610330389373
2021-11-06 15:00:00,2906.7698945086936
2021-11-06 16:00:00,3308.108839418292
2021-11-06 17:00:00,3051.471909039685
2021-11-06 18:00:00,3348.0500609640803
2021-11-06 19:00:00,2752.782499442743
2021-11-06 20:00:00,2870.7602370563036
2021-11-06 21:00:00,2650.320330915714
2021-11-06 22:00:00,2711.209442892067
2021-11-06 23:00:00,2541.3024297143647
2021-11-07 00:00:00,1625.8668176624137
2021-11-07 01:00:00,1824.2983654240845
2021-11-07 02:00:00,1688.8396998293579
2021-11-07 03:00:00,1767.7446477119042
2021-11-07 04:00:00,2007.1818939322573
2021-11-07 05:00:00,2121.7215029137437
2021-11-07 06:00:00,2585.4280856094974
2021-11-07 07:00:00,2787.9192598485083
2021-11-07 08:00:00,2894.141701549149
2021-11-07 09:00:00,2981.263514956333
2021-11-07 10:00:00,2604.7294619541663
2021-11-07 11:00:00,2533.6457787911245
2021-11-07 12:00:00,2718.966324376256
2021-11-07 13:00:00,2518.310757068024
2021-11-07 14:00:00,2438.53203841715
2021-11-07 15:00:00,2749.505975579431
2021-11-07 16:00:00,2542.515585257551
2021-11-07 17:00:00,2864.307406409621
2021-11-07 18:00:00,2903.1155539658657
2021-11-07 19:00:00,2635.1831877306895
2021-11-07 20:00:00,2357.9361516812696
2021-11-07 21:00:00,2585.149574695664
2021-11-07 22:00:00,2103.7687290436784
2021-11-07 23:00:00,2132.835424810263
2021-11-08 00:00:00,2105.044765312326
2021-11-08 01:00:00,2013.0243460068746
2021-11-08 02:00:00,2389.3051982824895
2021-11-08 03:00:00,2474.1616150632835
2021-11-08 04:00:00,2527.8931510594985
2021-11-08 05:00:00,2940.1113663762435
2021-11-08 06:00:00,3447.725371225519
2021-11-08 07:00:00,3519.9284040892526
2021-11-08 08:00:00,3744.2264813925203
2021-11-08 09:00:00,3547.219781744205
2021-11-08 10:00:00,3501.912740405587
2021-11-08 11:00:00,3202.8449427467444
2021-11-08 12:00:00,3214.6250107564697
2021-11-08 13:00:00,2704.2816867498805
2021-11-08 14:00:00,3271.536021546382
2021-11-08 15:00:00,3246.6627594584284
2021-11-08 16:00:00,3374.821565670372
2021-11-08 17:00:00,3712.6279326137305
2021-11-08 18:00:00,3519.8419933352334
2021-11-08 19:00:00,3629.952510418032
2021-11-08 20:00:00,3510.161080873528
2021-11-08 21:00:00,3279.482710967239
2021-11-08 22:00:00,3008.3455423571027
2021-11-08 23:00:00,2799.9564552019274
2021-11-09 00:00:00,2290.939841047828
2021-11-09 01:00:00,2034.1951584730443
2021-11-09 02:00:00,2421.9113651572434
2021-11-09 03:00:00,2630.1814602670693
2021-11-09 04:00:00,2872.529168499474
2021-11-09 05:00:00,3116.5370498490056
2021-11-09 06:00:00,3079.033171045139
2021-11-09 07:00:00,3459.7324041213565
2021-11-09 08:00:00,3641.8706480166975
2021-11-09 09:00:00,3685.495258289577
2021-11-09 10:00:00,3450.04586914857
2021-11-09 11:00:00,3410.9759935980487
2021-11-09 12:00:00,3615.3694428682556
2021-11-09 13:00:00,3367.6647203206194
2021-11-09 14:00:00,3370.7847296835025
2021-11-09 15:00:00,3444.127433551308
2021-11-09 16:00:00,3449.474827575998
2021-11-09 17:00:00,3566.8737792003535
2021-11-09 18:00:00,3545.833578642355
2021-11-09 19:00:00,3355.612465882078
2021-11-09 20:00:00,3344.7881704481556
2021-11-09 21:00:00,3489.8521569176164
2021-11-09 22:00:00,3149.9496623994696
2021-11-09 23:00:00,2946.13211936276
2021-11-10 00:00:00,2132.042479375769
2021-11-10 01:00:00,2303.4187645267853
2021-11-10 02:00:00,2536.537639108831
2021-11-10 03:00:00,2663.402971720087
2021-11-10 04:00:00,2783.979498367711
2021-11-10 05:00:00,3277.231296877173
2021-11-10 06:00:00,3448.528450823007
2021-11-10 07:00:00,3413.7704104981917
2021-11-10 08:00:00,4091.6258275504347
2021-11-10 09:00:00,3877.795538601739
2021-11-10 10:00:00,3752.196689413861
2021-11-10 11:00:00,3210.920062923517
2021-11-10 12:00:00,3094.854330650227
2021-11-10 13:00:00,3321.5754121852037
2021-11-10 14:00:00,3486.53530338934
2021-11-10 15:00:00,3254.400945204316
2021-11-10 16:00:00,3527.678306342798
2021-11-10 17:00:00,3848.0434866839873
2021-11-10 18:00:00,3752.529014461054
2021-11-10 19:00:00,3638.981431148279
2021-11-10 20:00:00,3543.4872730966304
2021-11-10 21:00:00,3113.446721820455
2021-11-10 22:00:00,2918.4553313158376
2021-11-10 23:00:00,2935.782219491595
2021-11-11 00:00:00,2204.7681792791313
2021-11-11 01:00:00,2417.4777214127835
2021-11-11 02:00:00,2483.5033473865333
2021-11-11 03:00:00,2507.4218779523258
2021-11-11 04:00:00,2711.076343766272
2021-11-11 05:00:00,3160.735873267872
2021-11-11 06:00:00,2909.4212846965033
2021-11-11 07:00:00,3429.950699033098
2021-11-11 08:00:00,3797.2032965620915
2021-11-11 09:00:00,3849.4841288009893
2021-11-11 10:00:00,3659.9254246711325
2021-11-11 11:00:00,3701.3097323724182
2021-11-11 12:00:00,3398.288107279609
2021-11-11 13:00:00,3203.203011092957
2021-11-11 14:00:00,3393.5296263927653
2021-11-11 15:00:00,3345.396588340268
2021-11-11 16:00:00,3786.9288350023207
2021-11-11 17:00:00,3562.269986448042
2021-11-11 18:00:00,3386.3317823579428
2021-11-11 19:00:00,3498.4640103155216
2021-11-11 20:00:00,3449.1311430180904
2021-11-11 21:00:00,3279.7941454062707
2021-11-11 22:00:00,3169.832775250903
2021-11-11 23:00:00,2861.685924555984
2021-11-12 00:00:00,2161.8950170629605
2021-11-12 01:00:00,2171.175812496672
2021-11-12 02:00:00,2323.5752424473494
2021-11-12 03:00:00,2789.3101302695063
2021-11-12 04:00:00,2724.3088646856086
2021-11-12 05:00:00,3007.3266313644185
2021-11-12 06:00:00,3396.162226116902
2021-11-12 07:00:00,3506.378967746778
2021-11-12 08:00:00,3736.0404033662408
2021-11-12 09:00:00,3962.6169356633777
2021-11-12 10:00:00,3442.914761652684
2021-11-12 11:00:00,3750.2227350515254
2021-11-12 12:00:00,3500.902861437294
2021-11-12 13:00:00,3079.6003121671715
2021-11-12 14:00:00,3409.669283059783
2021-11-12 15:00:00,3281.317459640266
2021-11-12 16:00:00,3327.6303144420895
2021-11-12 17:00:00,3693.4451442790264
2021-11-12 18:00:00,3752.601056981686
2021-11-12 19:00:00,3655.679446668173
2021-11-12 20:00:00,3744.1759699867976
2021-11-12 21:00:00,3457.5304432294806
2021-11-12 22:00:00,3074.6581340939106
2021-11-12 23:00:00,2983.148654820791
2021-11-13 00:00:00,2093.894011655004
2021-11-13 01:00:00,1905.8070316745825
2021-11-13 02:00:00,1938.0729075053507
2021-11-13 03:00:00,2049.616000527608
2021-11-13 04:00:00,2435.785207991804
2021-11-13 05:00:00,2538.9074231813142
2021-11-13 06:00:00,2844.7994602715476
2021-11-13 07:00:00,3352.442002727381
2021-11-13 08:00:00,3271.724284072183
2021-11-13 09:00:00,2910.435014030561
2021-11-13 10:00:00,3172.1478713390275
2021-11-13 11:00:00,2832.6588291348276
2021-11-13 12:00:00,2711.580649695343
2021-11-13 13:00:00,2751.3361001055237
2021-11-13 14:00:00,2838.8043435829004
2021-11-13 15:00:00,2821.880508847865
2021-11-13 16:00:00,2799.1698924397774
2021-11-13 17:00:00,3325.4944322860038
2021-11-13 18:00:00,2842.7614529129664
2021-11-13 19:00:00,3027.9066489540037
2021-11-13 20:00:00,2944.694842166922
2021-11-13 21:00:00,2981.9753442434217
2021-11-13 22:00:00,2630.271593746248
2021-11-13 23:00:00,2448.184997550378
2021-11-14 00:00:00,1925.7826816508664
2021-11-14 01:00:00,1780.570848647633
2021-11-14 02:00:00,1958.2411260258643
2021-11-14 03:00:00,1994.851761319047
2021-11-14 04:00:00,2253.0209868839465
2021-11-14 05:00:00,2348.054324645039
2021-11-14 06:00:00,2509.6634328431055
2021-11-14 07:00:00,2952.8102186285523
2021-11-14 08:00:00,3145.371789806704
2021-11-14 09:00:00,2654.0504483198974
2021-11-14 10:00:00,2461.3026012497025
2021-11-14 11:00:00,2612.952394811831
2021-11-14 12:00:00,2238.8125684848565
2021-11-14 13:00:00,2425.980907324162
2021-11-14 14:00:00,2118.8609217969415
2021-11-14 15:00:00,2829.1932090630903
2021-11-14 16:00:00,2782.9075192255973
2021-11-14 17:00:00,2701.825034948705
2021-11-14 18:00:00,2622.1650737216482
2021-11-14 19:00:00,2785.2312941215273
2021-11-14 20:00:00,2630.6881373860833
2021-11-14 21:00:00,2564.914878203514
2021-11-14 22:00:00,2481.7336549260535
2021-11-14 23:00:00,2096.797750684229
2021-11-15 00:00:00,1914.1106412384663
2021-11-15 01:00:00,2398.41205953787
2021-11-15 02:00:00,2303.9361355623473
2021-11-15 03:00:00,2411.7674920029094
2021-11-15 04:00:00,2550.6607112639776
2021-11-15 05:00:00,2774.263400772472
2021-11-15 06:00:00,3466.5440147260556
2021-11-15 07:00:00,4084.1180471894954
2021-11-15 08:00:00,3782.135003499623
2021-11-15 09:00:00,3806.3976474444567
2021-11-15 10:00:00,3580.8193257660632
2021-11-15 11:00:00,3482.401569187014
2021-11-15 12:00:00,3478.1570342916257
2021-11-15 13:00:00,3530.2111467957325
2021-11-15 14:00:00,3254.981204227068
2021-11-15 15:00:00,3442.678745861271
2021-11-15 16:00:00,3847.636531581031
2021-11-15 17:00:00,3681.117496644085
2021-11-15 18:00:00,3587.1526704654866
2021-11-15 19:00:00,3543.5070258771166
2021-11-15 20:00:00,3490.067056198268
2021-11-15 21:00:00,3525.6349933036645
2021-11-15 22:00:00,3048.8917338630167
2021-11-15 23:00:00,2643.9547954158797
2021-11-16 00:00:00,2222.506661753968
2021-11-16 01:00:00,2343.678895053699
2021-11-16 02:00:00,2437.209995155016
2021-11-16 03:00:00,2552.257402088486
2021-11-16 04:00:00,3038.9060972132133
2021-11-16 05:00:00,3290.3151341246526
2021-11-16 06:00:00,3255.091643885492
2021-11-16 07:00:00,3529.946265041441
2021-11-16 08:00:00,3934.9525140432165
2021-11-16 09:00:00,4053.0263534926885
2021-11-16 10:00:00,3773.0669283564903
2021-11-16 11:00:00,3282.2380561044306
2021-11-16 12:00:00,3093.495668512445
2021-11-16 13:00:00,3126.836115528456
2021-11-16 14:00:00,3364.8971823295915
2021-11-16 15:00:00,3186.049049438389
2021-11-16 16:00:00,3506.637417620669
2021-11-16 17:00:00,3683.6923423621565
2021-11-16 18:00:00,3499.3608003394957
2021-11-16 19:00:00,3464.8088310918574
2021-11-16 20:00:00,3604.499565292297
2021-11-16 21:00:00,3217.999300989842
2021-11-16 22:00:00,3064.9957861887383
2021-11-16 23:00:00,2896.2487013462205
2021-11-17 00:00:00,2292.9504781501387
2021-11-17 01:00:00,2454.80644545737
2021-11-17 02:00:00,2342.249351226369
2021-11-17 03:00:00,2631.0545699135155
2021-11-17 04:00:00,2616.370684519044
2021-11-17 05:00:00,3097.8849768045234
2021-11-17 06:00:00,3464.8179683244502
2021-11-17 07:00:00,3599.973755268488
2021-11-17 08:00:00,3552.3209279815
2021-11-17 09:00:00,3870.639291684219
2021-11-17 10:00:00,3699.2478692818613
2021-11-17 11:00:00,3556.6490488817158
2021-11-17 12:00:00,3286.661626006705
2021-11-17 13:00:00,3018.385275074112
2021-11-17 14:00:00,3247.6269696810473
2021-11-17 15:00:00,3332.1281473952367
2021-11-17 16:00:00,3675.882219023102
2021-11-17 17:00:00,3311.7207357474504
2021-11-17 18:00:00,3700.771336479862
2021-11-17 19:00:00,3670.1482563446857
2021-11-17 20:00:00,3678.2627809241753
2021-11-17 21:00:00,3373.868064681049
2021-11-17 22:00:00,2747.335474935846
2021-11-17 23:00:00,2666.3223550153416
2021-11-18 00:00:00,2351.5421661070513
2021-11-18 01:00:00,2152.870033748235
2021-11-18 02:00:00,2472.1990312165954
2021-11-18 03:00:00,2700.733209878671
2021-11-18 04:00:00,2932.2206217996772
2021-11-18 05:00:00,3287.556122512932
2021-11-18 06:00:00,3283.77153975967
2021-11-18 07:00:00,3716.1549223944216
2021-11-18 08:00:00,4061.9993849003554
2021-11-18 09:00:00,3691.515661402728
2021-11-18 10:00:00,3667.652142923408
2021-11-18 11:00:00,3428.9069513585646
2021-11-18 12:00:00,3569.8545804623845
2021-11-18 13:00:00,3095.99827544441
2021-11-18 14:00:00,3318.9180545731
2021-11-18 15:00:00,3631.0459500560783
2021-11-18 16:00:00,3476.0605969786675
2021-11-18 17:00:00,4008.6401159018806
2021-11-18 18:00:00,3861.385383594076
2021-11-18 19:00:00,3852.225419069334
2021-11-18 20:00:00,3656.587132031672
2021-11-18 21:00:00,3971.701534914866
2021-11-18 22:00:00,3211.5744476308932
2021-11-18 23:00:00,2913.5753593567188
2021-11-19 00:00:00,2305.314003668422
2021-11-19 01:00:00,2204.8641882442744
2021-11-19 02:00:00,2402.13400092166
2021-11-19 03:00:00,2553.865944174929
2021-11-19 04:00:00,2645.567143962579
2021-11-19 05:00:00,3025.937850351367
2021-11-19 06:00:00,3302.217570972143
2021-11-19 07:00:00,3619.869424151877
2021-11-19 08:00:00,3941.918199354599
2021-11-19 09:00:00,3913.8756676007424
2021-11-19 10:00:00,3708.414659854686
2021-11-19 11:00:00,3398.944891089141
2021-11-19 12:00:00,3333.965586500223
2021-11-19 13:00:00,3264.438209631304
2021-11-19 14:00:00,3198.8847351174636
2021-11-19 15:00:00,3336.728689441295
2021-11-19 16:00:00,3594.991825759765
2021-11-19 17:00:00,3780.547184731997
2021-11-19 18:00:00,3616.4258914275133
2021-11-19 19:00:00,3720.8374358786955
2021-11-19 20:00:00,3268.7856767507415
2021-11-19 21:00:00,3559.9820257126876
2021-11-19 22:00:00,3659.0269424261096
2021-11-19 23:00:00,2666.4782292798513
2021-11-20 00:00:00,1950.0376633152641
2021-11-20 01:00:00,1975.1286545295102
2021-11-20 02:00:00,1847.4429222634285
2021-11-20 03:00:00,2123.9669881243003
2021-11-20 04:00:00,2285.6542478433435
2021-11-20 05:00:00,2804.838992681903
2021-11-20 06:00:00,2705.5404430795757
2021-11-20 07:00:00,3171.933299818225
2021-11-20 08:00:00,3124.5572681122144
2021-11-20 09:00:00,2814.469739859083
2021-11-20 10:00:00,2929.1340534203237
2021-11-20 11:00:00,3027.725041857493
2021-11-20 12:00:00,2756.0489445745334
2021-11-20 13:00:00,2752.8586304047494
2021-11-20 14:00:00,2879.19171359554
2021-11-20 15:00:00,2791.7528110667877
2021-11-20 16:00:00,3091.435733610502
2021-11-20 17:00:00,3028.833663775167
2021-11-20 18:00:00,3084.8446914043575
2021-11-20 19:00:00,3203.1972288054026
2021-11-20 20:00:00,3238.3517086467155
2021-11-20 21:00:00,3069.501639795338
2021-11-20 22:00:00,2734.0416664771305
2021-11-20 23:00:00,2322.482582289537
2021-11-21 00:00:00,1743.0456768317451
2021-11-21 01:00:00,1823.7480262861463
2021-11-21 02:00:00,1731.1544359546358
2021-11-21 03:00:00,1938.8990816740754
2021-11-21 04:00:00,1982.6712804313158
2021-11-21 05:00:00,2430.4333615351397
2021-11-21 06:00:00,2814.542066306921
2021-11-21 07:00:00,2796.163917016847
2021-11-21 08:00:00,2802.884024765676
2021-11-21 09:00:00,2960.239484570722
2021-11-21 10:00:00,2626.613936072967
2021-11-21 11:00:00,2402.745643810844
2021-11-21 12:00:00,2663.0462570904047
2021-11-21 13:00:00,2437.930947900932
2021-11-21 14:00:00,2490.1699008776955
2021-11-21 15:00:00,2512.478021383056
2021-11-21 16:00:00,2627.684754834015
2021-11-21 17:00:00,2779.091695655387
2021-11-21 18:00:00,2742.477172368402
2021-11-21 19:00:00,2841.5525920672653
2021-11-21 20:00:00,2783.2547578842064
2021-11-21 21:00:00,2685.410609899509
2021-11-21 22:00:00,2307.1231684783525
2021-11-21 23:00:00,2424.7793785042045
2021-11-22 00:00:00,2207.098367664382
2021-11-22 01:00:00,2336.2722142603893
2021-11-22 02:00:00,2503.5419473781894
2021-11-22 03:00:00,2470.886015770932
2021-11-22 04:00:00,2659.2640248929256
2021-11-22 05:00:00,3241.8398331246535
2021-11-22 06:00:00,3581.0593706267273
2021-11-22 07:00:00,3853.7555911170293
2021-11-22 08:00:00,3883.2889215688974
2021-11-22 09:00:00,3785.988800340285
2021-11-22 10:00:00,3403.2446503282454
2021-11-22 11:00:00,3644.3272787827837
2021-11-22 12:00:00,3214.0101991412494
2021-11-22 13:00:00,3408.95479820709
2021-11-22 14:00:00,3237.478770451273
2021-11-22 15:00:00,3535.3736568502864
2021-11-22 16:00:00,3447.7889187474134
2021-11-22 17:00:00,3726.8400597267437
2021-11-22 18:00:00,3831.9998676377836
2021-11-22 19:00:00,3504.526290230891
2021-11-22 20:00:00,3577.2750631812232
2021-11-22 21:00:00,3333.2030587380077
2021-11-22 22:00:00,3112.9283259314143
2021-11-22 23:00:00,3025.0782342475477
2021-11-23 00:00:00,2294.5839488202955
2021-11-23 01:00:00,2428.0312790160697
2021-11-23 02:00:00,2277.296038084544
2021-11-23 03:00:00,2828.0705641662585
2021-11-23 04:00:00,2834.338913969763
2021-11-23 05:00:00,3302.5764792510963
2021-11-23 06:00:00,3716.1094797840724
2021-11-23 07:00:00,3752.061202354403
2021-11-23 08:00:00,3947.1766224310813
2021-11-23 09:00:00,3682.700503101076
2021-11-23 10:00:00,3842.3415929782764
2021-11-23 11:00:00,3394.0249084555257
2021-11-23 12:00:00,3352.439216598541
2021-11-23 13:00:00,3418.7717055683556
2021-11-23 14:00:00,3611.9656081072812
2021-11-23 15:00:00,3251.4356717937367
2021-11-23 16:00:00,3846.5482859844715
2021-11-23 17:00:00,3252.4942712708807
2021-11-23 18:00:00,3398.196554157114
2021-11-23 19:00:00,4171.849676838521
2021-11-23 20:00:00,3370.7181863971173
2021-11-23 21:00:00,3494.957330665017
2021-11-23 22:00:00,3221.905853637225
2021-11-23 23:00:00,3151.803966646372
2021-11-24 00:00:00,2201.599843443237
2021-11-24 01:00:00,2486.748687963812
2021-11-24 02:00:00,2472.765742575589
2021-11-24 03:00:00,2504.5105130006355
2021-11-24 04:00:00,2886.3840469267207
2021-11-24 05:00:00,2992.684138213373
2021-11-24 06:00:00,3361.0777512733807
2021-11-24 07:00:00,3364.0272746860533
2021-11-24 08:00:00,3608.0305546047844
2021-11-24 09:00:00,3745.502211193204
2021-11-24 10:00:00,3841.771407130491
2021-11-24 11:00:00,3610.0769438148877
2021-11-24 12:00:00,3678.1621112379007
2021-11-24 13:00:00,3462.479803663784
2021-11-24 14:00:00,3042.650212150862
2021-11-24 15:00:00,3507.0327476212774
2021-11-24 16:00:00,3850.895719016662
2021-11-24 17:00:00,3790.2481808484295
2021-11-24 18:00:00,3777.1500636396704
2021-11-24 19:00:00,3674.9557741779204
2021-11-24 20:00:00,3672.156371933358
2021-11-24 21:00:00,3443.980385632227
2021-11-24 22:00:00,3343.445211096316
2021-11-24 23:00:00,3224.2192083929936
2021-11-25 00:00:00,2472.418644665187
2021-11-25 01:00:00,2516.9842744123575
2021-11-25 02:00:00,2831.6318633658507
2021-11-25 03:00:00,2835.6837290908993
2021-11-25 04:00:00,2934.587941465871
2021-11-25 05:00:00,2801.922502325104
2021-11-25 06:00:00,3539.1167356820365
2021-11-25 07:00:00,3905.428176019517
2021-11-25 08:00:00,4153.178947016955
2021-11-25 09:00:00,3950.530742727539
2021-11-25 10:00:00,3591.664568167769
2021-11-25 11:00:00,3419.5049186597003
2021-11-25 12:00:00,3304.0782636035856
2021-11-25 13:00:00,3590.312514409128
2021-11-25 14:00:00,3145.8752596988097
2021-11-25 15:00:00,3863.1557524660043
2021-11-25 16:00:00,3801.9117432075004
2021-11-25 17:00:00,3702.7668743605345
2021-11-25 18:00:00,4228.488389033163
2021-11-25 19:00:00,3730.6605803196003
2021-11-25 20:00:00,3651.5204537424934
2021-11-25 21:00:00,3223.7651244310387
2021-11-25 22:00:00,3184.9453392103233
2021-11-25 23:00:00,3294.52770530303
2021-11-26 00:00:00,2099.8206451894016
2021-11-26 01:00:00,2155.7558566847574
2021-11-26 02:00:00,2531.7665208335166
2021-11-26 03:00:00,2776.2803797055203
2021-11-26 04:00:00,2880.9551039059315
2021-11-26 05:00:00,3384.5249903230206
2021-11-26 06:00:00,3323.085288110124
2021-11-26 07:00:00,3751.3470364658992
2021-11-26 08:00:00,4094.572457480037
2021-11-26 09:00:00,4099.933139642632
2021-11-26 10:00:00,3969.2387494361355
2021-11-26 11:00:00,3538.5479256964395
2021-11-26 12:00:00,3508.4653095554813
2021-11-26 13:00:00,3258.1153104209743
2021-11-26 14:00:00,3420.398617130577
2021-11-26 15:00:00,3572.4501282804335
2021-11-26 16:00:00,3692.943452776702
2021-11-26 17:00:00,3945.0326885200466
2021-11-26 18:00:00,3734.14758480391
2021-11-26 19:00:00,4150.135004234864
2021-11-26 20:00:00,3690.4681428274016
2021-11-26 21:00:00,3483.4997216751294
2021-11-26 22:00:00,2876.5233317952666
2021-11-26 23:00:00,3007.2678472750445
2021-11-27 00:00:00,1892.2255225260465
2021-11-27 01:00:00,2104.084604579977
2021-11-27 02:00:00,2299.9520698961487
2021-11-27 03:00:00,2208.8765744793914
2021-11-27 04:00:00,2243.870526352917
2021-11-27 05:00:00,2546.0249814248677
2021-11-27 06:00:00,2950.451255639627
2021-11-27 07:00:00,3233.0370012311164
2021-11-27 08:00:00,3195.110137161753
2021-11-27 09:00:00,2955.1780415301155
2021-11-27 10:00:00,3015.989687781958
2021-11-27 11:00:00,2845.4042597168323
2021-11-27 12:00:00,3011.3033756771897
2021-11-27 13:00:00,2675.722409029069
2021-11-27 14:00:00,3093.3266537628456
2021-11-27 15:00:00,2796.462812111789
2021-11-27 16:00:00,3208.1239557520225
2021-11-27 17:00:00,3330.4501058226697
2021-11-27 18:00:00,3146.084084494687
2021-11-27 19:00:00,3454.322426967767
2021-11-27 20:00:00,2734.713711017856
2021-11-27 21:00:00,2802.1899334332684
2021-11-27 22:00:00,2581.714972763061
2021-11-27 23:00:00,2698.4883829887794
2021-11-28 00:00:00,1772.8576086813612
2021-11-28 01:00:00,1728.2242212276417
2021-11-28 02:00:00,1961.73632227838
2021-11-28 03:00:00,2063.0518663049993
2021-11-28 04:00:00,2124.26562771085
2021-11-28 05:00:00,2396.1989377485656
2021-11-28 06:00:00,2766.974773848776
2021-11-28 07:00:00,3085.3348882011587
2021-11-28 08:00:00,2992.451678063702
2021-11-28 09:00:00,2831.3755470772676
2021-11-28 10:00:00,2766.856192094213
2021-11-28 11:00:00,2620.5966541871594
2021-11-28 12:00:00,2620.5333668825288
2021-11-28 13:00:00,2698.1032059293625
2021-11-28 14:00:00,2651.510259750727
2021-11-28 15:00:00,2813.9045375031424
2021-11-28 16:00:00,2873.1982373925816
2021-11-28 17:00:00,2809.8862916352696
2021-11-28 18:00:00,2939.947013450643
2021-11-28 19:00:00,2770.7354297931524
2021-11-28 20:00:00,3036.548176715833
2021-11-28 21:00:00,2632.718585206065
2021-11-28 22:00:00,2212.645481947255
2021-11-28 23:00:00,2212.2725274498293
2021-11-29 00:00:00,2292.5636892051084
2021-11-29 01:00:00,2619.324094410286
2021-11-29 02:00:00,2477.9032030462677
2021-11-29 03:00:00,2758.1661298395834
2021-11-29 04:00:00,2921.436531910799
2021-11-29 05:00:00,3348.938174561428
2021-11-29 06:00:00,3485.82232654844
2021-11-29 07:00:00,3477.876781798055
2021-11-29 08:00:00,4277.178819566333
2021-11-29 09:00:00,3820.601975602752
2021-11-29 10:00:00,3764.044477233078
2021-11-29 11:00:00,3395.349600575926
2021-11-29 12:00:00,3322.1283748634532
2021-11-29 13:00:00,3356.9387664323426
2021-11-29 14:00:00,3574.9328494269553
2021-11-29 15:00:00,3525.865279163419
2021-11-29 16:00:00,3858.6227910720836
2021-11-29 17:00:00,3754.756822007951
2021-11-29 18:00:00,3867.2690604941386
2021-11-29 19:00:00,3768.2244949819515
2021-11-29 20:00:00,3927.1373723573943
2021-11-29 21:00:00,3499.7492159822846
2021-11-29 22:00:00,3351.8855014104925
2021-11-29 23:00:00,3022.102980771471
2021-11-30 00:00:00,2236.236912487506
2021-11-30 01:00:00,2476.1608915320835
2021-11-30 02:00:00,2516.8783121119363
2021-11-30 03:00:00,2478.574682837138
2021-11-30 04:00:00,2612.0532409995467
2021-11-30 05:00:00,3279.743580544845
2021-11-30 06:00:00,3514.3395269367948
2021-11-30 07:00:00,3550.205109866323
2021-11-30 08:00:00,3970.356939773745
2021-11-30 09:00:00,3875.739491892431
2021-11-30 10:00:00,3755.468058505969
2021-11-30 11:00:00,3505.127242876406
2021-11-30 12:00:00,3547.6921654071816
2021-11-30 13:00:00,3519.272307308334
2021-11-30 14:00:00,3283.2084630117506
2021-11-30 15:00:00,3495.264681283857
2021-11-30 16:00:00,3170.616838157882
2021-11-30 17:00:00,3799.7316817098103
2021-11-30 18:00:00,3643.9608506476757
2021-11-30 19:00:00,3770.9635391856636
2021-11-30 20:00:00,3979.751566444131
2021-11-30 21:00:00,3516.4816151154228
2021-11-30 22:00:00,3080.168444388884
2021-11-30 23:00:00,3206.2360335568437
2021-12-01 00:00:00,2270.579800282722
2021-12-01 01:00:00,2213.0028263489658
2021-12-01 02:00:00,2443.652814542605
2021-12-01 03:00:00,2925.997819011763
2021-12-01 04:00:00,2934.915369285929
2021-12-01 05:00:00,3422.5198071290674
2021-12-01 06:00:00,3618.383910207028
2021-12-01 07:00:00,3414.329903078614
2021-12-01 08:00:00,3838.1783467631435
2021-12-01 09:00:00,3880.2568375372043
2021-12-01 10:00:00,3614.112166723301
2021-12-01 11:00:00,3563.876517942603
2021-12-01 12:00:00,3636.1340173917947
2021-12-01 13:00:00,3419.802299037857
2021-12-01 14:00:00,3696.65112585877
2021-12-01 15:00:00,3346.8750869826313
2021-12-01 16:00:00,3702.1347107537413
2021-12-01 17:00:00,3777.5465401998513
2021-12-01 18:00:00,3857.065710954002
2021-12-01 19:00:00,3848.4822829160257
2021-12-01 20:00:00,3582.9055305548623
2021-12-01 21:00:00,3449.688283632698
2021-12-01 22:00:00,3574.5076507278286
2021-12-01 23:00:00,3007.4619815581855
2021-12-02 00:00:00,2130.0326644185525
2021-12-02 01:00:00,2211.604559814331
2021-12-02 02:00:00,2418.7425465194697
2021-12-02 03:00:00,2626.6902069004104
2021-12-02 04:00:00,3085.9714232521396
2021-12-02 05:00:00,3435.0130273848017
2021-12-02 06:00:00,3487.434303693553
2021-12-02 07:00:00,3571.997083508199
2021-12-02 08:00:00,3657.930145903362
2021-12-02 09:00:00,3762.7166857833
2021-12-02 10:00:00,4014.571319233453
2021-12-02 11:00:00,3443.0517380402234
2021-12-02 12:00:00,3375.3114887002407
2021-12-02 13:00:00,3284.0398118436237
2021-12-02 14:00:00,3503.4271048594005
2021-12-02 15:00:00,3452.252578589201
2021-12-02 16:00:00,3665.596970555197
2021-12-02 17:00:00,4135.315522466118
2021-12-02 18:00:00,3865.4648329040506
2021-12-02 19:00:00,4093.210285025265
2021-12-02 20:00:00,3783.0021361391423
2021-12-02 21:00:00,3345.182439056912
2021-12-02 22:00:00,3381.30271597395
2021-12-02 23:00:00,3222.0440396213094
2021-12-03 00:00:00,2256.126115241889
2021-12-03 01:00:00,2510.969137735179
2021-12-03 02:00:00,2344.634301227621
2021-12-03 03:00:00,2653.219415926817
2021-12-03 04:00:00,3073.55593504508
2021-12-03 05:00:00,3146.2450715945492
2021-12-03 06:00:00,3409.3697662129666
2021-12-03 07:00:00,3779.8643521037056
2021-12-03 08:00:00,3530.391689002785
2021-12-03 09:00:00,4192.102176724093
2021-12-03 10:00:00,3681.579399068356
2021-12-03 11:00:00,3489.498822195933
2021-12-03 12:00:00,3403.319774603497
2021-12-03 13:00:00,3482.6286864981216
2021-12-03 14:00:00,3293.9053795120835
2021-12-03 15:00:00,3549.5156291187614
2021-12-03 16:00:00,3982.7915736448294
2021-12-03 17:00:00,3764.393993510192
2021-12-03 18:00:00,3841.912814938459
2021-12-03 19:00:00,3717.5953015201567
2021-12-03 20:00:00,3596.437360485909
2021-12-03 21:00:00,3158.938967799287
2021-12-03 22:00:00,2986.2135456558503
2021-12-03 23:00:00,2726.7933681874706
2021-12-04 00:00:00,1933.3531442700632
2021-12-04 01:00:00,2152.223614693682
2021-12-04 02:00:00,2151.265135543617
2021-12-04 03:00:00,2156.1001374914563
2021-12-04 04:00:00,2589.982998209977
2021-12-04 05:00:00,2793.9728599195714
2021-12-04 06:00:00,3239.7755390286543
2021-12-04 07:00:00,2985.221913747502
2021-12-04 08:00:00,3564.4335711054973
2021-12-04 09:00:00,3162.9130838651995
2021-12-04 10:00:00,3185.612027483563
2021-12-04 11:00:00,3035.9724259231743
2021-12-04 12:00:00,3030.178606307312
2021-12-04 13:00:00,2826.8739547412038
2021-12-04 14:00:00,2929.8204929519484
2021-12-04 15:00:00,3082.24567344821
2021-12-04 16:00:00,3355.752744559464
2021-12-04 17:00:00,3472.011079244735
2021-12-04 18:00:00,3546.3571866505545
2021-12-04 19:00:00,3372.295786513361
2021-12-04 20:00:00,3033.437414926298
2021-12-04 21:00:00,3037.451296156032
2021-12-04 22:00:00,2871.034547811172
2021-12-04 23:00:00,2704.764290591637
2021-12-05 00:00:00,1636.3525223074078
2021-12-05 01:00:00,1857.0511144095124
2021-12-05 02:00:00,2040.7573553633817
2021-12-05 03:00:00,2073.8678666645233
2021-12-05 04:00:00,2277.5386477035786
2021-12-05 05:00:00,2440.92762789668
2021-12-05 06:00:00,2632.5724006959613
2021-12-05 07:00:00,2586.956891295394
2021-12-05 08:00:00,3034.867997140891
2021-12-05 09:00:00,3011.7432933194045
2021-12-05 10:00:00,2858.388327376407
2021-12-05 11:00:00,2561.7732387015244
2021-12-05 12:00:00,2669.7960519048474
2021-12-05 13:00:00,2428.5636228594353
2021-12-05 14:00:00,2356.2810624068543
2021-12-05 15:00:00,2790.943798419524
2021-12-05 16:00:00,2823.1638505158026
2021-12-05 17:00:00,2868.5465899396477
2021-12-05 18:00:00,2783.9943650124715
2021-12-05 19:00:00,2548.3888514951304
2021-12-05 20:00:00,2868.41985220141
2021-12-05 21:00:00,2517.570520426249
2021-12-05 22:00:00,2522.092111169193
2021-12-05 23:00:00,2134.3289436411947
2021-12-06 00:00:00,2315.0181737643975
2021-12-06 01:00:00,2343.5828383358103
2021-12-06 02:00:00,2303.659084029307
2021-12-06 03:00:00,2488.7836948415293
2021-12-06 04:00:00,2978.8232095395238
2021-12-06 05:00:00,3203.545874492833
2021-12-06 06:00:00,3620.7027251479576
2021-12-06 07:00:00,3985.4887694196937
2021-12-06 08:00:00,4199.830925998786
2021-12-06 09:00:00,3705.028417267434
2021-12-06 10:00:00,4128.428986791013
2021-12-06 11:00:00,3753.588909935642
2021-12-06 12:00:00,3251.985625776852
2021-12-06 13:00:00,3317.6491084155073
2021-12-06 14:00:00,3493.7119201973023
2021-12-06 15:00:00,3432.32365993268
2021-12-06 16:00:00,3642.106326140398
2021-12-06 17:00:00,3819.812648235059
2021-12-06 18:00:00,4112.333186845418
2021-12-06 19:00:00,4102.491844004514
2021-12-06 20:00:00,3640.666024399936
2021-12-06 21:00:00,3476.8497803945047
2021-12-06 22:00:00,3193.2366487340073
2021-12-06 23:00:00,3145.078734451427
2021-12-07 00:00:00,2309.1228141757265
2021-12-07 01:00:00,2498.5555698680573
2021-12-07 02:00:00,2638.5762348619464
2021-12-07 03:00:00,2711.932488400427
2021-12-07 04:00:00,2953.1687709841185
2021-12-07 05:00:00,3388.4383517164597
2021-12-07 06:00:00,3810.455833661331
2021-12-07 07:00:00,3937.7590826107075
2021-12-07 08:00:00,4161.034096481395
2021-12-07 09:00:00,4004.8647977983023
2021-12-07 10:00:00,4101.91680862491
2021-12-07 11:00:00,3732.6345145733007
2021-12-07 12:00:00,3532.21637040627
2021-12-07 13:00:00,3323.631333755966
2021-12-07 14:00:00,3385.394175848184
2021-12-07 15:00:00,3478.5101324719367
2021-12-07 16:00:00,3887.0078648405392
2021-12-07 17:00:00,3673.5617910207698
2021-12-07 18:00:00,3819.4836053794165
2021-12-07 19:00:00,3716.009303915809
2021-12-07 20:00:00,3849.8147813651403
2021-12-07 21:00:00,3501.0892773711257
2021-12-07 22:00:00,3297.3046999322855
2021-12-07 23:00:00,3075.751821477461
2021-12-08 00:00:00,2211.721930263427
2021-12-08 01:00:00,2606.638131827955
2021-12-08 02:00:00,2442.8323538714953
2021-12-08 03:00:00,2853.8431080232435
2021-12-08 04:00:00,2941.513509557723
2021-12-08 05:00:00,3517.685400393152
2021-12-08 06:00:00,3693.817113171999
2021-12-08 07:00:00,3933.4552766935817
2021-12-08 08:00:00,4245.44057843916
2021-12-08 09:00:00,3780.8755829275674
2021-12-08 10:00:00,3826.9528074603054
2021-12-08 11:00:00,3412.533609234149
2021-12-08 12:00:00,3393.8384907044083
2021-12-08 13:00:00,3294.9585080827055
2021-12-08 14:00:00,3494.911143172007
2021-12-08 15:00:00,3324.1058746354793
2021-12-08 16:00:00,3664.2788550201735
2021-12-08 17:00:00,3455.707087702873
2021-12-08 18:00:00,3955.6381163295127
2021-12-08 19:00:00,3626.7450587474355
2021-12-08 20:00:00,3733.15374682665
2021-12-08 21:00:00,3599.304592105583
2021-12-08 22:00:00,3153.8961969390007
2021-12-08 23:00:00,2858.1974885385775
2021-12-09 00:00:00,2553.036023888606
2021-12-09 01:00:00,2450.753251409546
2021-12-09 02:00:00,2459.9108746762076
2021-12-09 03:00:00,2758.6053586503654
2021-12-09 04:00:00,2763.9652697474266
2021-12-09 05:00:00,3152.337894445326
2021-12-09 06:00:00,3644.5707866012835
2021-12-09 07:00:00,3894.7387676613057
2021-12-09 08:00:00,3689.6881812883375
2021-12-09 09:00:00,3634.374809502958
2021-12-09 10:00:00,3667.3440519648343
2021-12-09 11:00:00,3582.202221745682
2021-12-09 12:00:00,3584.4733222923187
2021-12-09 13:00:00,3152.1039341515084
2021-12-09 14:00:00,3796.849701349847
2021-12-09 15:00:00,3940.157176179712
2021-12-09 16:00:00,4150.807664516077
2021-12-09 17:00:00,3901.668490397685
2021-12-09 18:00:00,3534.284212525112
2021-12-09 19:00:00,3791.291500198338
2021-12-09 20:00:00,3850.3172694507707
2021-12-09 21:00:00,3464.9980078253852
2021-12-09 22:00:00,3381.256566625597
2021-12-09 23:00:00,3133.324456023172
2021-12-10 00:00:00,2419.528850325166
2021-12-10 01:00:00,2512.9204185959284
2021-12-10 02:00:00,2724.8899965135124
2021-12-10 03:00:00,2685.88269406603
2021-12-10 04:00:00,3210.064203710019
2021-12-10 05:00:00,3345.9393119327774
2021-12-10 06:00:00,3877.6490842903254
2021-12-10 07:00:00,3867.413210379234
2021-12-10 08:00:00,3907.988783202048
2021-12-10 09:00:00,3755.018757133064
2021-12-10 10:00:00,3732.050260132985
2021-12-10 11:00:00,3579.2347602269288
2021-12-10 12:00:00,3763.051080692263
2021-12-10 13:00:00,3302.2694692610285
2021-12-10 14:00:00,3182.1566473108214
2021-12-10 15:00:00,3482.6991376754713
2021-12-10 16:00:00,3561.1419109227472
2021-12-10 17:00:00,4110.600946769012
2021-12-10 18:00:00,3376.6707669930515
2021-12-10 19:00:00,3532.665850859697
2021-12-10 20:00:00,3779.7636668522446
2021-12-10 21:00:00,3348.505604442708
2021-12-10 22:00:00,2980.9771663749734
2021-12-10 23:00:00,3253.4706110765856
2021-12-11 00:00:00,1955.155518203268
2021-12-11 01:00:00,2001.7945152877885
2021-12-11 02:00:00,2088.179340847526
2021-12-11 03:00:00,2223.0867197901093
2021-12-11 04:00:00,2487.9039953355805
2021-12-11 05:00:00,2893.487908227491
2021-12-11 06:00:00,3075.318158342194
2021-12-11 07:00:00,3220.5389937549576
2021-12-11 08:00:00,3216.442742872139
2021-12-11 09:00:00,3539.5229271067806
2021-12-11 10:00:00,3491.3917448881325
2021-12-11 11:00:00,2771.822908801358
2021-12-11 12:00:00,3063.0893616015474
2021-12-11 13:00:00,2949.3358688693365
2021-12-11 14:00:00,2918.173054322966
2021-12-11 15:00:00,3359.1870558331493
2021-12-11 16:00:00,3317.6573881596087
2021-12-11 17:00:00,3323.593249536806
2021-12-11 18:00:00,3830.3799140990486
2021-12-11 19:00:00,3222.150522834462
2021-12-11 20:00:00,3258.788307926779
2021-12-11 21:00:00,2854.5063545844046
2021-12-11 22:00:00,2699.05664744476
2021-12-11 23:00:00,2607.35885081775
2021-12-12 00:00:00,1926.2221448229716
2021-12-12 01:00:00,1768.3942595391675
2021-12-12 02:00:00,1924.7656117812317
2021-12-12 03:00:00,2036.0271950464587
2021-12-12 04:00:00,2190.247499871987
2021-12-12 05:00:00,2367.077151761805
2021-12-12 06:00:00,2672.521576218506
2021-12-12 07:00:00,2963.6459504663044
2021-12-12 08:00:00,3096.0843954512893
2021-12-12 09:00:00,2966.3925622977245
2021-12-12 10:00:00,3189.546202700123
2021-12-12 11:00:00,2836.8369836849993
2021-12-12 12:00:00,2680.3962023886097
2021-12-12 13:00:00,2883.201593788224
2021-12-12 14:00:00,2661.6930474143765
2021-12-12 15:00:00,2589.6900291771317
2021-12-12 16:00:00,2920.0971427629797
2021-12-12 17:00:00,3040.0663087453568
2021-12-12 18:00:00,2982.4728239830265
2021-12-12 19:00:00,2719.022028327915
2021-12-12 20:00:00,2814.4422672612623
2021-12-12 21:00:00,2840.0944161608054
2021-12-12 22:00:00,2591.5012166851084
2021-12-12 23:00:00,2250.8063145591823
2021-12-13 00:00:00,2276.8499310129364
2021-12-13 01:00:00,2185.3288871746436
2021-12-13 02:00:00,2612.7342963592087
2021-12-13 03:00:00,2900.8620322492948
2021-12-13 04:00:00,3099.479792006185
2021-12-13 05:00:00,3569.8049316786773
2021-12-13 06:00:00,3439.8434133795104
2021-12-13 07:00:00,4010.7899047443757
2021-12-13 08:00:00,3685.0580596372397
2021-12-13 09:00:00,4037.6174065987857
2021-12-13 10:00:00,3766.024828451882
2021-12-13 11:00:00,3760.3789695251617
2021-12-13 12:00:00,3297.733530758601
2021-12-13 13:00:00,3662.3113499962615
2021-12-13 14:00:00,3374.8798805459787
2021-12-13 15:00:00,3525.463503745857
2021-12-13 16:00:00,3964.41840982004
2021-12-13 17:00:00,3982.95593786445
2021-12-13 18:00:00,3901.730295336554
2021-12-13 19:00:00,4049.0969980282207
2021-12-13 20:00:00,3802.257412209033
2021-12-13 21:00:00,3402.0965613672047
2021-12-13 22:00:00,3179.3174606999637
2021-12-13 23:00:00,3198.02256106073
2021-12-14 00:00:00,2376.2179020006297
2021-12-14 01:00:00,2316.1827812696843
2021-12-14 02:00:00,2350.205452087743
2021-12-14 03:00:00,2881.453139841125
2021-12-14 04:00:00,2857.7135615587595
2021-12-14 05:00:00,3134.523642139728
2021-12-14 06:00:00,3678.615461161564
2021-12-14 07:00:00,3936.1618482854215
2021-12-14 08:00:00,4203.640247100298
2021-12-14 09:00:00,3649.660451301042
2021-12-14 10:00:00,3509.0779596492725
2021-12-14 11:00:00,3756.4392811674243
2021-12-14 12:00:00,3072.637644589213
2021-12-14 13:00:00,3800.3113073607765
2021-12-14 14:00:00,3604.258001065047
2021-12-14 15:00:00,3251.8052658361466
2021-12-14 16:00:00,3687.4975514738935
2021-12-14 17:00:00,3682.3083427587744
2021-12-14 18:00:00,3897.8482588330385
2021-12-14 19:00:00,4231.599643320718
2021-12-14 20:00:00,3725.007370370973
2021-12-14 21:00:00,3727.329594890163
2021-12-14 22:00:00,3339.5935237629947
2021-12-14 23:00:00,3365.071910570646
2021-12-15 00:00:00,2368.733903688801
2021-12-15 01:00:00,2417.2645383115005
2021-12-15 02:00:00,2845.809940714628
2021-12-15 03:00:00,2741.478592377354
2021-12-15 04:00:00,3024.990724078166
2021-12-15 05:00:00,3435.428719689652
2021-12-15 06:00:00,3392.6370582396885
2021-12-15 07:00:00,3868.1264437121054
2021-12-15 08:00:00,3901.5176322831635
2021-12-15 09:00:00,4128.000285942247
2021-12-15 10:00:00,3740.7621882708527
2021-12-15 11:00:00,3573.0537054320644
2021-12-15 12:00:00,3464.0782316439604
2021-12-15 13:00:00,3422.953327254691
2021-12-15 14:00:00,3527.287521490431
2021-12-15 15:00:00,3565.641286849265
2021-12-15 16:00:00,3837.5710966407137
2021-12-15 17:00:00,4273.822988937711
2021-12-15 18:00:00,4083.934289686228
2021-12-15 19:00:00,3781.862301078375
2021-12-15 20:00:00,4003.3836321764566
2021-12-15 21:00:00,3739.8100012756368
2021-12-15 22:00:00,3528.01520163368
2021-12-15 23:00:00,3195.305173135771
2021-12-16 00:00:00,2582.411817487694
2021-12-16 01:00:00,2467.978503807924
2021-12-16 02:00:00,2574.2855702886427
2021-12-16 03:00:00,2935.2165156944407
2021-12-16 04:00:00,2950.9380780805195
2021-12-16 05:00:00,3230.3813423423053
2021-12-16 06:00:00,3782.775558582862
2021-12-16 07:00:00,3784.8291928321714
2021-12-16 08:00:00,4050.5322591985523
2021-12-16 09:00:00,3998.038002207888
2021-12-16 10:00:00,3707.1749108755857
2021-12-16 11:00:00,3765.542892711025
2021-12-16 12:00:00,3613.827196707743
2021-12-16 13:00:00,3567.7219770447823
2021-12-16 14:00:00,3582.5747738323125
2021-12-16 15:00:00,3501.130090369952
2021-12-16 16:00:00,3919.4070119555286
2021-12-16 17:00:00,3929.0691904048676
2021-12-16 18:00:00,3893.198740751737
2021-12-16 19:00:00,4630.261208431422
2021-12-16 20:00:00,4133.544723855467
2021-12-16 21:00:00,3904.6671760413305
2021-12-16 22:00:00,3365.6112909880258
2021-12-16 23:00:00,2962.6995858018413
2021-12-17 00:00:00,2449.6202414849427
2021-12-17 01:00:00,2395.01186085585
2021-12-17 02:00:00,2425.4137289617147
2021-12-17 03:00:00,2729.3545883728425
2021-12-17 04:00:00,2982.3551813567187
2021-12-17 05:00:00,3340.9181325464915
2021-12-17 06:00:00,3755.0889766179184
2021-12-17 07:00:00,3634.3247479297384
2021-12-17 08:00:00,3962.8846729986935
2021-12-17 09:00:00,4156.204881258955
2021-12-17 10:00:00,4257.028598049582
2021-12-17 11:00:00,3561.025863699049
2021-12-17 12:00:00,3463.6102126430105
2021-12-17 13:00:00,3472.3530462280182
2021-12-17 14:00:00,3348.609206663041
2021-12-17 15:00:00,3855.9438132392074
2021-12-17 16:00:00,3373.2526286498255
2021-12-17 17:00:00,3684.72618602632
2021-12-17 18:00:00,3660.006988536976
2021-12-17 19:00:00,3845.4913256521536
2021-12-17 20:00:00,3884.734864626781
2021-12-17 21:00:00,3723.7145072842745
2021-12-17 22:00:00,3162.410989325636
2021-12-17 23:00:00,3216.0904152755834
2021-12-18 00:00:00,2048.3531919126453
2021-12-18 01:00:00,2211.8078093532536
2021-12-18 02:00:00,2368.314267912775
2021-12-18 03:00:00,2131.618192966439
2021-12-18 04:00:00,2605.5818765168
2021-12-18 05:00:00,2901.859594717848
2021-12-18 06:00:00,3098.016330233176
2021-12-18 07:00:00,3276.520395771466
2021-12-18 08:00:00,3216.3585283092466
2021-12-18 09:00:00,3233.7780786813964
2021-12-18 10:00:00,3558.9707938366
2021-12-18 11:00:00,3234.4687486214875
2021-12-18 12:00:00,3062.5842480535516
2021-12-18 13:00:00,2733.3436329735546
2021-12-18 14:00:00,2760.1742217878877
2021-12-18 15:00:00,3152.073935844678
2021-12-18 16:00:00,3249.814548155064
2021-12-18 17:00:00,3142.502888854304
2021-12-18 18:00:00,3307.313719035987
2021-12-18 19:00:00,3526.253483223345
2021-12-18 20:00:00,3362.0151085087664
2021-12-18 21:00:00,3016.9934689317115
2021-12-18 22:00:00,2941.338211911859
2021-12-18 23:00:00,2753.2246541141617
2021-12-19 00:00:00,1912.1979038750474
2021-12-19 01:00:00,1949.548970238455
2021-12-19 02:00:00,1947.1916373783422
2021-12-19 03:00:00,2154.6582270847675
2021-12-19 04:00:00,2357.9228568200497
2021-12-19 05:00:00,2565.6795175583175
2021-12-19 06:00:00,2886.4054971132073
2021-12-19 07:00:00,3104.734349286586
2021-12-19 08:00:00,3021.329525599137
2021-12-19 09:00:00,3285.1483749730514
2021-12-19 10:00:00,3198.587853041846
2021-12-19 11:00:00,2711.2263707800457
2021-12-19 12:00:00,2781.8465246318274
2021-12-19 13:00:00,2686.2566964110615
2021-12-19 14:00:00,2766.8603999850857
2021-12-19 15:00:00,2595.799646367722
2021-12-19 16:00:00,3035.5822222674465
2021-12-19 17:00:00,3097.3957459937055
2021-12-19 18:00:00,3063.023628181125
2021-12-19 19:00:00,2947.4575501275485
2021-12-19 20:00:00,2941.569971759199
2021-12-19 21:00:00,2637.1876544048223
2021-12-19 22:00:00,2347.4557160160525
2021-12-19 23:00:00,2531.482445084938
2021-12-20 00:00:00,2394.1574796818445
2021-12-20 01:00:00,2410.8912859320894
2021-12-20 02:00:00,2479.210513125217
2021-12-20 03:00:00,2517.49319133033
2021-12-20 04:00:00,3061.4414755226503
2021-12-20 05:00:00,3355.4392312004748
2021-12-20 06:00:00,3819.0944465498346
2021-12-20 07:00:00,4321.778216889859
2021-12-20 08:00:00,3909.7865557821115
2021-12-20 09:00:00,3828.760684030227
2021-12-20 10:00:00,3837.594997995882
2021-12-20 11:00:00,3788.684891085847
2021-12-20 12:00:00,3675.784832838718
2021-12-20 13:00:00,3313.1408237121946
2021-12-20 14:00:00,3613.1639642519417
2021-12-20 15:00:00,3618.2496182801647
2021-12-20 16:00:00,3666.7860001081167
2021-12-20 17:00:00,3993.76554622103
2021-12-20 18:00:00,3766.013340506807
2021-12-20 19:00:00,3819.831030823207
2021-12-20 20:00:00,3751.559958986754
2021-12-20 21:00:00,3622.9300520150555
2021-12-20 22:00:00,3680.8574051581772
2021-12-20 23:00:00,3081.666979536582
2021-12-21 00:00:00,2286.5475154649844
2021-12-21 01:00:00,2297.078370839766
2021-12-21 02:00:00,2626.0392128673043
2021-12-21 03:00:00,2880.6191393908266
2021-12-21 04:00:00,3178.792656077498
2021-12-21 05:00:00,3497.110218044888
2021-12-21 06:00:00,3913.832610633374
2021-12-21 07:00:00,4020.904018941263
2021-12-21 08:00:00,3976.330939469948
2021-12-21 09:00:00,4038.2748058052634
2021-12-21 10:00:00,3957.795441968755
2021-12-21 11:00:00,3638.804347620539
2021-12-21 12:00:00,3837.8532856495995
2021-12-21 13:00:00,3463.8131792639506
2021-12-21 14:00:00,3927.5636659093284
2021-12-21 15:00:00,3553.037761459291
2021-12-21 16:00:00,3660.0964520098637
2021-12-21 17:00:00,3810.5086190464976
2021-12-21 18:00:00,3839.9718069248593
2021-12-21 19:00:00,3814.9117662959075
2021-12-21 20:00:00,3619.674016799352
2021-12-21 21:00:00,4020.661072824
2021-12-21 22:00:00,3422.7373727219765
2021-12-21 23:00:00,3309.5196714801446
2021-12-22 00:00:00,2205.350903735122
2021-12-22 01:00:00,2550.5462708327686
2021-12-22 02:00:00,2610.296411877937
2021-12-22 03:00:00,2558.082303491921
2021-12-22 04:00:00,3312.295816670696
2021-12-22 05:00:00,3070.493108239885
2021-12-22 06:00:00,3751.4916402432495
2021-12-22 07:00:00,4006.9532051921874
2021-12-22 08:00:00,3909.4606729683924
2021-12-22 09:00:00,3570.7058278982677
2021-12-22 10:00:00,4005.497306627349
2021-12-22 11:00:00,3382.5838985340856
2021-12-22 12:00:00,3402.328851488781
2021-12-22 13:00:00,3386.6014543828164
2021-12-22 14:00:00,3489.9444685686117
2021-12-22 15:00:00,3712.28153969161
2021-12-22 16:00:00,3946.131196661457
2021-12-22 17:00:00,3819.2237979478223
2021-12-22 18:00:00,3555.644480585248
2021-12-22 19:00:00,3600.3698497555893
2021-12-22 20:00:00,3772.1497492331723
2021-12-22 21:00:00,3457.003758092272
2021-12-22 22:00:00,3543.753791423214
2021-12-22 23:00:00,2912.9460994757865
2021-12-23 00:00:00,2413.5109542412742
2021-12-23 01:00:00,2550.505205649605
2021-12-23 02:00:00,2491.4833761344503
2021-12-23 03:00:00,2731.593066090255
2021-12-23 04:00:00,2906.908433376313
2021-12-23 05:00:00,3016.281727458654
2021-12-23 06:00:00,3770.4314079200253
2021-12-23 07:00:00,3720.863071713155
2021-12-23 08:00:00,4182.217707321335
2021-12-23 09:00:00,4414.392713539908
2021-12-23 10:00:00,3954.232824102936
2021-12-23 11:00:00,3695.0902927852644
2021-12-23 12:00:00,3404.525288678441
2021-12-23 13:00:00,3697.149502059362
2021-12-23 14:00:00,3145.8041590018133
2021-12-23 15:00:00,3483.5191889711286
2021-12-23 16:00:00,3690.4304413336
2021-12-23 17:00:00,4040.582956693139
2021-12-23 18:00:00,3959.652484954367
2021-12-23 19:00:00,3975.561478473788
2021-12-23 20:00:00,3986.877432187588
2021-12-23 21:00:00,3276.294773421688
2021-12-23 22:00:00,3687.905859668452
2021-12-23 23:00:00,3064.0083147682167
2021-12-24 00:00:00,2498.301927298445
2021-12-24 01:00:00,2303.215391998016
2021-12-24 02:00:00,2378.4553471074423
2021-12-24 03:00:00,2647.4477270791363
2021-12-24 04:00:00,2973.2690572384026
2021-12-24 05:00:00,3237.5031007284188
2021-12-24 06:00:00,3537.104154350607
2021-12-24 07:00:00,3637.680077182384
2021-12-24 08:00:00,3976.0155496861876
2021-12-24 09:00:00,3992.530911700537
2021-12-24 10:00:00,3342.623230665407
2021-12-24 11:00:00,3850.335308478172
2021-12-24 12:00:00,3440.841495121602
2021-12-24 13:00:00,3553.9719034025707
2021-12-24 14:00:00,3826.284676966579
2021-12-24 15:00:00,3562.278208194475
2021-12-24 16:00:00,3622.8023921114163
2021-12-24 17:00:00,4251.053467412733
2021-12-24 18:00:00,4367.3839542267815
2021-12-24 19:00:00,3780.256418781565
2021-12-24 20:00:00,3872.6224325171743
2021-12-24 21:00:00,3245.703644237027
2021-12-24 22:00:00,3496.689272747739
2021-12-24 23:00:00,3349.8793238805993
2021-12-25 00:00:00,2113.9071000101076
2021-12-25 01:00:00,2224.0787351971135
2021-12-25 02:00:00,2196.7429020600953
2021-12-25 03:00:00,2444.0067207865236
2021-12-25 04:00:00,2402.1888669562536
2021-12-25 05:00:00,2895.174396663816
2021-12-25 06:00:00,2941.495157940987
2021-12-25 07:00:00,3052.2562488019994
2021-12-25 08:00:00,3365.109807871974
2021-12-25 09:00:00,3472.2839462420966
2021-12-25 10:00:00,3214.757653084407
2021-12-25 11:00:00,3267.406582742136
2021-12-25 12:00:00,3014.8748931973732
2021-12-25 13:00:00,3030.7984843216195
2021-12-25 14:00:00,3246.191661542613
2021-12-25 15:00:00,3382.2778629567774
2021-12-25 16:00:00,3322.5131686099658
2021-12-25 17:00:00,3341.7956641554906
2021-12-25 18:00:00,3465.0151975329704
2021-12-25 19:00:00,3214.245072924831
2021-12-25 20:00:00,3558.1798864904313
2021-12-25 21:00:00,2810.702802338563
2021-12-25 22:00:00,2595.642647688156
2021-12-25 23:00:00,2856.173066200263
2021-12-26 00:00:00,1800.938439509918
2021-12-26 01:00:00,2046.5348300851283
2021-12-26 02:00:00,2029.577437315555
2021-12-26 03:00:00,2019.7150341821864
2021-12-26 04:00:00,2408.4711640259084
2021-12-26 05:00:00,2368.893372813593
2021-12-26 06:00:00,2885.5445976516785
2021-12-26 07:00:00,2742.348005253547
2021-12-26 08:00:00,3169.1319273272197
2021-12-26 09:00:00,3219.2199073442207
2021-12-26 10:00:00,2926.4823737898328
2021-12-26 11:00:00,2750.469569806619
2021-12-26 12:00:00,2726.4969828444823
2021-12-26 13:00:00,2745.788044599752
2021-12-26 14:00:00,2874.867665676861
2021-12-26 15:00:00,2740.62277013876
2021-12-26 16:00:00,2920.44228031165
2021-12-26 17:00:00,2945.2722956337684
2021-12-26 18:00:00,2930.6172838700895
2021-12-26 19:00:00,2917.128320460309
2021-12-26 20:00:00,2991.933686050951
2021-12-26 21:00:00,2663.8791398751887
2021-12-26 22:00:00,2565.360969659949
2021-12-26 23:00:00,2338.633074114482
2021-12-27 00:00:00,2441.9912893508176
2021-12-27 01:00:00,2512.0231029182455
2021-12-27 02:00:00,2656.4533274463784
2021-12-27 03:00:00,2936.3882686718425
2021-12-27 04:00:00,3209.4744312923094
2021-12-27 05:00:00,3382.9240964166515
2021-12-27 06:00:00,3514.0062502289275
2021-12-27 07:00:00,4044.534354399394
2021-12-27 08:00:00,3781.0831723461106
2021-12-27 09:00:00,3934.36147569993
2021-12-27 10:00:00,3768.661190727271
2021-12-27 11:00:00,3846.1076885104594
2021-12-27 12:00:00,3328.6132905304194
2021-12-27 13:00:00,3657.455741715196
2021-12-27 14:00:00,3523.5640794674237
2021-12-27 15:00:00,3304.1448842605214
2021-12-27 16:00:00,4093.216221079812
2021-12-27 17:00:00,4041.7565375340755
2021-12-27 18:00:00,3877.725219230502
2021-12-27 19:00:00,3887.8446107229565
2021-12-27 20:00:00,4057.957997728351
2021-12-27 21:00:00,3816.4321857717346
2021-12-27 22:00:00,3413.946948834313
2021-12-27 23:00:00,3119.7089292369287
2021-12-28 00:00:00,2427.5448744709315
2021-12-28 01:00:00,2530.2636004205697
2021-12-28 02:00:00,2512.4447452114896
2021-12-28 03:00:00,2691.085211787213
2021-12-28 04:00:00,3079.1967701337435
2021-12-28 05:00:00,3530.4061157387723
2021-12-28 06:00:00,3681.821151868331
2021-12-28 07:00:00,4150.753700955508
2021-12-28 08:00:00,3849.466071147031
2021-12-28 09:00:00,4243.620893608379
2021-12-28 10:00:00,3690.4361605719873
2021-12-28 11:00:00,3539.156309409496
2021-12-28 12:00:00,3597.0490435475213
2021-12-28 13:00:00,3399.4782736648303
2021-12-28 14:00:00,3760.45965387824
2021-12-28 15:00:00,3659.3504524900322
2021-12-28 16:00:00,3743.980533582822
2021-12-28 17:00:00,3659.6312144576586
2021-12-28 18:00:00,4337.85989079322
2021-12-28 19:00:00,3936.931075429792
2021-12-28 20:00:00,3512.380700008626
2021-12-28 21:00:00,3760.597018868195
2021-12-28 22:00:00,3377.2270949619838
2021-12-28 23:00:00,3192.448203121788
2021-12-29 00:00:00,2383.8618227657475
2021-12-29 01:00:00,2564.6835512757
2021-12-29 02:00:00,2397.2986166244427
2021-12-29 03:00:00,2739.911554506429
2021-12-29 04:00:00,3120.3025529210786
2021-12-29 05:00:00,3342.840086551292
2021-12-29 06:00:00,3664.0359580994946
2021-12-29 07:00:00,3908.14939800563
2021-12-29 08:00:00,4190.3275739253695
2021-12-29 09:00:00,4106.083889595019
2021-12-29 10:00:00,3903.135143040453
2021-12-29 11:00:00,3536.003309291446
2021-12-29 12:00:00,3330.650745551394
2021-12-29 13:00:00,3492.9434251601156
2021-12-29 14:00:00,3679.6866765037726
2021-12-29 15:00:00,3747.562787022742
2021-12-29 16:00:00,3686.329076643358
2021-12-29 17:00:00,4334.739506518215
2021-12-29 18:00:00,3845.643028851424
2021-12-29 19:00:00,3944.5427698413364
2021-12-29 20:00:00,3496.2341666141456
2021-12-29 21:00:00,3483.426838222905
2021-12-29 22:00:00,3651.015467828867
2021-12-29 23:00:00,3372.3577895261383
2021-12-30 00:00:00,2356.758201731916
2021-12-30 01:00:00,2420.4770690091427
2021-12-30 02:00:00,2780.7625571189546
2021-12-30 03:00:00,2745.9062729000266
2021-12-30 04:00:00,2853.6190515515605
2021-12-30 05:00:00,3195.312274342089
2021-12-30 06:00:00,3559.2363609230674
2021-12-30 07:00:00,3682.891632518212
2021-12-30 08:00:00,4145.9417514101
2021-12-30 09:00:00,4160.70063183044
2021-12-30 10:00:00,4158.140672413838
2021-12-30 11:00:00,3877.2109649159156
2021-12-30 12:00:00,3767.428934211925
2021-12-30 13:00:00,3935.429959362503
2021-12-30 14:00:00,3502.422062077373
2021-12-30 15:00:00,3637.556819580758
2021-12-30 16:00:00,3639.611991632121
2021-12-30 17:00:00,3992.8909662660526
2021-12-30 18:00:00,4006.651805465666
2021-12-30 19:00:00,4108.35371568874
2021-12-30 20:00:00,3935.2939767517837
2021-12-30 21:00:00,3810.231216693598
2021-12-30 22:00:00,3320.1103725867442
2021-12-30 23:00:00,3068.8572919255735
2021-12-31 00:00:00,2405.744308556673
2021-12-31 01:00:00,2491.2709661028252
2021-12-31 02:00:00,2629.297258048163
2021-12-31 03:00:00,2665.9144306455155
2021-12-31 04:00:00,3320.839901161366
2021-12-31 05:00:00,3487.392132253663
2021-12-31 06:00:00,3735.1503100527843
2021-12-31 07:00:00,3785.7864846220823
2021-12-31 08:00:00,3921.2027301761186
2021-12-31 09:00:00,4040.7163920045814
2021-12-31 10:00:00,3826.86377738307
2021-12-31 11:00:00,3523.9881025543355
2021-12-31 12:00:00,3751.532787004078
2021-12-31 13:00:00,3483.537359090763
2021-12-31 14:00:00,3542.1178589828555
2021-12-31 15:00:00,3889.85668212187
2021-12-31 16:00:00,3284.156336309513
2021-12-31 17:00:00,4050.769106352424
2021-12-31 18:00:00,4280.8231346598795
2021-12-31 19:00:00,3803.062848020093
2021-12-31 20:00:00,3593.5649528140407
2021-12-31 21:00:00,3361.9950306610936
2021-12-31 22:00:00,3353.5205019767523
2021-12-31 23:00:00,3125.9751841674165
2022-01-01 00:00:00,1883.1454167232516
2022-01-01 01:00:00,2259.486470115548
2022-01-01 02:00:00,2482.536679510852
2022-01-01 03:00:00,2396.868517060624
2022-01-01 04:00:00,3033.385058453876
2022-01-01 05:00:00,3032.1453009994734
2022-01-01 06:00:00,3418.418126659877
2022-01-01 07:00:00,3257.0278618540233
2022-01-01 08:00:00,3761.6567662905068
2022-01-01 09:00:00,3219.0888300135275
2022-01-01 10:00:00,3447.058226031319
2022-01-01 11:00:00,3607.2397017924504
2022-01-01 12:00:00,3175.1777806292503
2022-01-01 13:00:00,2976.3472795142297
2022-01-01 14:00:00,3309.7033305066248
2022-01-01 15:00:00,3202.4980522779433
2022-01-01 16:00:00,3350.8400053282044
2022-01-01 17:00:00,3627.9763482483713
2022-01-01 18:00:00,3337.387004381728
2022-01-01 19:00:00,3709.5608068824617
2022-01-01 20:00:00,3284.225802703349
2022-01-01 21:00:00,3133.0940299240947
2022-01-01 22:00:00,2745.2760811509415
2022-01-01 23:00:00,2690.1129827419027
2022-01-02 00:00:00,2029.3401964768914
2022-01-02 01:00:00,1900.496136635349
2022-01-02 02:00:00,1783.2834233165256
2022-01-02 03:00:00,2021.398262944426
2022-01-02 04:00:00,2598.3996189906998
2022-01-02 05:00:00,2682.906627384449
2022-01-02 06:00:00,2931.722204497534
2022-01-02 07:00:00,3156.192684709001
2022-01-02 08:00:00,3012.8107858437893
2022-01-02 09:00:00,3375.6083650245414
2022-01-02 10:00:00,2945.6464250034046
2022-01-02 11:00:00,3052.394921435258
2022-01-02 12:00:00,2806.7591691139346
2022-01-02 13:00:00,2852.8782694666475
2022-01-02 14:00:00,2862.353966058481
2022-01-02 15:00:00,2831.075261803464
2022-01-02 16:00:00,2966.016238091844
2022-01-02 17:00:00,3108.703735964692
2022-01-02 18:00:00,3159.780091899709
2022-01-02 19:00:00,2826.8236749999173
2022-01-02 20:00:00,2765.488046774573
2022-01-02 21:00:00,2609.9510554994426
2022-01-02 22:00:00,2491.6180086861386
2022-01-02 23:00:00,2418.8759405000096
2022-01-03 00:00:00,2436.971721287146
2022-01-03 01:00:00,2545.18795490886
2022-01-03 02:00:00,2769.4952322941335
2022-01-03 03:00:00,2873.206957416496
2022-01-03 04:00:00,3142.1285313812473
2022-01-03 05:00:00,3392.403536550687
2022-01-03 06:00:00,4169.370716926187
2022-01-03 07:00:00,4281.774430716107
2022-01-03 08:00:00,4065.5023570289463
2022-01-03 09:00:00,4433.238917168756
2022-01-03 10:00:00,3874.1503501905763
2022-01-03 11:00:00,3781.1996624795715
2022-01-03 12:00:00,4056.6841137471797
2022-01-03 13:00:00,3672.263188124564
2022-01-03 14:00:00,3760.6652723974867
2022-01-03 15:00:00,3823.4681083804276
2022-01-03 16:00:00,4176.159620138216
2022-01-03 17:00:00,3956.1363711548297
2022-01-03 18:00:00,3819.0104576020676
2022-01-03 19:00:00,4191.534531006814
2022-01-03 20:00:00,3884.7417093536314
2022-01-03 21:00:00,3882.572928225351
2022-01-03 22:00:00,3689.4912087318135
2022-01-03 23:00:00,3346.102973943306
2022-01-04 00:00:00,2615.0200409576037
2022-01-04 01:00:00,2653.768670159327
2022-01-04 02:00:00,2815.8631305217837
2022-01-04 03:00:00,2670.7580625802148
2022-01-04 04:00:00,3129.472818478435
2022-01-04 05:00:00,3633.3520116815766
2022-01-04 06:00:00,3755.5695852787835
2022-01-04 07:00:00,4013.5314088510604
2022-01-04 08:00:00,3872.149513000677
2022-01-04 09:00:00,4083.4976978523487
2022-01-04 10:00:00,3862.863469215399
2022-01-04 11:00:00,3850.334218154416
2022-01-04 12:00:00,3306.684751106181
2022-01-04 13:00:00,3541.8170130955345
2022-01-04 14:00:00,3496.8175328535012
2022-01-04 15:00:00,4017.092623445073
2022-01-04 16:00:00,3747.737702239841
2022-01-04 17:00:00,4059.8101251319604
2022-01-04 18:00:00,4128.354474209621
2022-01-04 19:00:00,3695.6342102632057
2022-01-04 20:00:00,3929.7700606084136
2022-01-04 21:00:00,3610.673534176184
2022-01-04 22:00:00,3356.4393420989586
2022-01-04 23:00:00,3315.249030925525
2022-01-05 00:00:00,2562.688550113157
2022-01-05 01:00:00,2529.854020712658
2022-01-05 02:00:00,2507.7279338141384
2022-01-05 03:00:00,2759.67734154164
2022-01-05 04:00:00,3236.2228564115853
2022-01-05 05:00:00,3377.558726674598
2022-01-05 06:00:00,3985.1765746710917
2022-01-05 07:00:00,4164.440726230367
2022-01-05 08:00:00,4634.234452519175
2022-01-05 09:00:00,3884.378359015607
2022-01-05 10:00:00,3882.8152389412035
2022-01-05 11:00:00,3964.5446174869285
2022-01-05 12:00:00,3812.847673931709
2022-01-05 13:00:00,3741.5136953521314
2022-01-05 14:00:00,4053.4319585692006
2022-01-05 15:00:00,3462.6813361810728
2022-01-05 16:00:00,3627.030542631121
2022-01-05 17:00:00,3876.272210271252
2022-01-05 18:00:00,4442.81714519805
2022-01-05 19:00:00,3963.1832408352143
2022-01-05 20:00:00,3842.11521044814
2022-01-05 21:00:00,3580.837663236195
2022-01-05 22:00:00,3348.991827390495
2022-01-05 23:00:00,3226.8218686274645
2022-01-06 00:00:00,2638.952765162999
2022-01-06 01:00:00,2616.4317849058643
2022-01-06 02:00:00,2683.9762723554986
2022-01-06 03:00:00,2668.940422236558
2022-01-06 04:00:00,3078.9717685372457
2022-01-06 05:00:00,3509.3288325821777
2022-01-06 06:00:00,3825.868576347814
2022-01-06 07:00:00,3969.911541542803
2022-01-06 08:00:00,4680.570629392869
2022-01-06 09:00:00,4061.3538441420233
2022-01-06 10:00:00,4044.83592436799
2022-01-06 11:00:00,4057.77528116223
2022-01-06 12:00:00,3755.1569765633894
2022-01-06 13:00:00,3448.8963252632193
2022-01-06 14:00:00,3900.4514070856094
2022-01-06 15:00:00,4123.635958565964
2022-01-06 16:00:00,3885.500423483657
2022-01-06 17:00:00,3907.771467919857
2022-01-06 18:00:00,4493.986945166418
2022-01-06 19:00:00,4014.098275151719
2022-01-06 20:00:00,3771.5411488723507
2022-01-06 21:00:00,3642.0592853486587
2022-01-06 22:00:00,3228.6450595924985
2022-01-06 23:00:00,2943.409296838459
2022-01-07 00:00:00,2542.608631285499
2022-01-07 01:00:00,2659.36129857855
2022-01-07 02:00:00,2744.3579982515785
2022-01-07 03:00:00,2682.2923821143822
2022-01-07 04:00:00,2991.757538176039
2022-01-07 05:00:00,3402.0250357398386
2022-01-07 06:00:00,3584.6114135756557
2022-01-07 07:00:00,4366.6799137295875
2022-01-07 08:00:00,4050.8906895831583
2022-01-07 09:00:00,4416.561946263739
2022-01-07 10:00:00,3887.694564906242
2022-01-07 11:00:00,3784.135982539236
2022-01-07 12:00:00,3511.775953500248
2022-01-07 13:00:00,3455.8509941589236
2022-01-07 14:00:00,3814.458766498321
2022-01-07 15:00:00,3824.0146514591556
2022-01-07 16:00:00,4020.0792508599316
2022-01-07 17:00:00,4240.112523308899
2022-01-07 18:00:00,4100.264659367344
2022-01-07 19:00:00,4139.100468237827
2022-01-07 20:00:00,3621.9784771175405
2022-01-07 21:00:00,3764.6420734933704
2022-01-07 22:00:00,3399.6724115852035
2022-01-07 23:00:00,2781.6780100788865
2022-01-08 00:00:00,1965.548178848596
2022-01-08 01:00:00,2156.1043923964858
2022-01-08 02:00:00,2274.5024612754582
2022-01-08 03:00:00,2402.062937543855
2022-01-08 04:00:00,2543.8775544539903
2022-01-08 05:00:00,3030.164039404216
2022-01-08 06:00:00,3534.1350069106497
2022-01-08 07:00:00,3438.1388491952066
2022-01-08 08:00:00,3466.405715723637
2022-01-08 09:00:00,3729.423608785652
2022-01-08 10:00:00,3346.3746043878887
2022-01-08 11:00:00,3023.5112304197505
2022-01-08 12:00:00,3008.5473055194298
2022-01-08 13:00:00,3179.4597737363138
2022-01-08 14:00:00,3134.8875001767346
2022-01-08 15:00:00,3407.242999105176
2022-01-08 16:00:00,3625.179613265336
2022-01-08 17:00:00,3545.1612328375736
2022-01-08 18:00:00,3045.069575915496
2022-01-08 19:00:00,3538.7656936599683
2022-01-08 20:00:00,3134.2190237725276
2022-01-08 21:00:00,2849.4393389071297
2022-01-08 22:00:00,3373.089482995062
2022-01-08 23:00:00,2878.445447109626
2022-01-09 00:00:00,1869.7434345952627
2022-01-09 01:00:00,2044.922742777169
2022-01-09 02:00:00,2086.5661279445
2022-01-09 03:00:00,2091.2195468094396
2022-01-09 04:00:00,2297.816419679822
2022-01-09 05:00:00,2642.494423827848
2022-01-09 06:00:00,2921.561987640082
2022-01-09 07:00:00,3214.401307781977
2022-01-09 08:00:00,2958.2732807161246
2022-01-09 09:00:00,3311.169146068019
2022-01-09 10:00:00,2936.021740978782
2022-01-09 11:00:00,3026.5269702514515
2022-01-09 12:00:00,2552.951707892583
2022-01-09 13:00:00,3020.331850836991
2022-01-09 14:00:00,2774.0459791792023
2022-01-09 15:00:00,2758.506839017558
2022-01-09 16:00:00,3153.6410205307225
2022-01-09 17:00:00,2975.2220332927636
2022-01-09 18:00:00,3287.877238114524
2022-01-09 19:00:00,3369.0267662871365
2022-01-09 20:00:00,3325.170626849281
2022-01-09 21:00:00,2896.607907375338
2022-01-09 22:00:00,2641.081397778309
2022-01-09 23:00:00,2439.706240603486
2022-01-10 00:00:00,2620.4828108614297
2022-01-10 01:00:00,2510.438893359786
2022-01-10 02:00:00,2727.6718003435553
2022-01-10 03:00:00,2832.188935538325
2022-01-10 04:00:00,3204.8884105380084
2022-01-10 05:00:00,3683.5648863891142
2022-01-10 06:00:00,3993.565315792394
2022-01-10 07:00:00,4045.372961526509
2022-01-10 08:00:00,4416.775577011508
2022-01-10 09:00:00,4031.4861594330164
2022-01-10 10:00:00,3766.1596063182606
2022-01-10 11:00:00,3705.2210799299683
2022-01-10 12:00:00,4025.1760761677656
2022-01-10 13:00:00,3790.2210593620916
2022-01-10 14:00:00,3808.5506396164906
2022-01-10 15:00:00,3862.3774291556665
2022-01-10 16:00:00,3938.1471929858935
2022-01-10 17:00:00,3916.021185505714
2022-01-10 18:00:00,4588.148502575547
2022-01-10 19:00:00,4077.980711606642
2022-01-10 20:00:00,3769.5243531916776
2022-01-10 21:00:00,3756.6320505774966
2022-01-10 22:00:00,3185.9015085426195
2022-01-10 23:00:00,3522.4228821621255
2022-01-11 00:00:00,2578.8799003083736
2022-01-11 01:00:00,2521.309513400667
2022-01-11 02:00:00,2778.1462565991337
2022-01-11 03:00:00,2870.570531925701
2022-01-11 04:00:00,3364.8203588956017
2022-01-11 05:00:00,3628.901655408261
2022-01-11 06:00:00,3858.7749273627683
2022-01-11 07:00:00,3851.452818267493
2022-01-11 08:00:00,4248.70142101435
2022-01-11 09:00:00,4162.393101220513
2022-01-11 10:00:00,3927.522120979019
2022-01-11 11:00:00,3506.950098256283
2022-01-11 12:00:00,3615.1389725943236
2022-01-11 13:00:00,3853.032296357872
2022-01-11 14:00:00,3810.2025444331425
2022-01-11 15:00:00,3662.476036010189
2022-01-11 16:00:00,3953.435688687179
2022-01-11 17:00:00,4030.776690019457
2022-01-11 18:00:00,3994.062175075271
2022-01-11 19:00:00,4163.811774375239
2022-01-11 20:00:00,3741.253103617275
2022-01-11 21:00:00,3734.4776866538064
2022-01-11 22:00:00,3512.098991457469
2022-01-11 23:00:00,3468.154212474578
2022-01-12 00:00:00,2647.712731291021
2022-01-12 01:00:00,2745.154617601833
2022-01-12 02:00:00,2522.9566942747706
2022-01-12 03:00:00,3070.095033083211
2022-01-12 04:00:00,2869.2697130048905
2022-01-12 05:00:00,4031.086213340371
2022-01-12 06:00:00,3913.800904457621
2022-01-12 07:00:00,3942.85413733301
2022-01-12 08:00:00,4139.829582575837
2022-01-12 09:00:00,4410.653111545133
2022-01-12 10:00:00,4120.2873900278155
2022-01-12 11:00:00,3741.585220509164
2022-01-12 12:00:00,3928.581371508512
2022-01-12 13:00:00,3471.932031736656
2022-01-12 14:00:00,3892.720406801194
2022-01-12 15:00:00,3929.9982636559453
2022-01-12 16:00:00,4109.438320556996
2022-01-12 17:00:00,4111.763015699049
2022-01-12 18:00:00,4245.545533751184
2022-01-12 19:00:00,4136.049449373979
2022-01-12 20:00:00,3982.523877368084
2022-01-12 21:00:00,3873.420072065078
2022-01-12 22:00:00,3721.8326762994775
2022-01-12 23:00:00,2968.7543252628757
2022-01-13 00:00:00,2515.7683621899514
2022-01-13 01:00:00,2644.998147471976
2022-01-13 02:00:00,2888.5568547961325
2022-01-13 03:00:00,2567.899639994134
2022-01-13 04:00:00,2984.4781673501734
2022-01-13 05:00:00,3604.4230230833023
2022-01-13 06:00:00,4176.4003161709215
2022-01-13 07:00:00,4070.746691623655
2022-01-13 08:00:00,4000.6829386040235
2022-01-13 09:00:00,4347.543415110887
2022-01-13 10:00:00,3830.098834733313
2022-01-13 11:00:00,3838.2380813683135
2022-01-13 12:00:00,3557.1445716138223
2022-01-13 13:00:00,3657.4049413009025
2022-01-13 14:00:00,3795.7883624642245
2022-01-13 15:00:00,4049.663645442086
2022-01-13 16:00:00,3914.615272842564
2022-01-13 17:00:00,3894.764897739184
2022-01-13 18:00:00,3764.3561211030465
2022-01-13 19:00:00,4190.195881216476
2022-01-13 20:00:00,4080.5628881831935
2022-01-13 21:00:00,3720.3747691672365
2022-01-13 22:00:00,3686.4556652636206
2022-01-13 23:00:00,3096.674254427399
2022-01-14 00:00:00,2470.9757936611372
2022-01-14 01:00:00,2642.745056596164
2022-01-14 02:00:00,2645.177740667152
2022-01-14 03:00:00,3222.8791826235433
2022-01-14 04:00:00,2890.855245123694
2022-01-14 05:00:00,3335.483510017993
2022-01-14 06:00:00,4089.462898639371
2022-01-14 07:00:00,4080.0883442660624
2022-01-14 08:00:00,4481.42512001476
2022-01-14 09:00:00,4098.966144193928
2022-01-14 10:00:00,4171.644717123993
2022-01-14 11:00:00,3818.8409938398413
2022-01-14 12:00:00,3558.421908138419
2022-01-14 13:00:00,3748.619562204826
2022-01-14 14:00:00,3777.7880093109243
2022-01-14 15:00:00,3734.492917210487
2022-01-14 16:00:00,4207.741165952627
2022-01-14 17:00:00,4287.287504794796
2022-01-14 18:00:00,3774.8770620259647
2022-01-14 19:00:00,4317.276345644275
2022-01-14 20:00:00,4195.610896301866
2022-01-14 21:00:00,3710.0922565452825
2022-01-14 22:00:00,3546.930340407055
2022-01-14 23:00:00,3044.553715831801
2022-01-15 00:00:00,2220.5264709468383
2022-01-15 01:00:00,2187.822095625813
2022-01-15 02:00:00,2156.2600319592534
2022-01-15 03:00:00,2324.9444188859234
2022-01-15 04:00:00,2828.6553971300846
2022-01-15 05:00:00,2785.7762546296854
2022-01-15 06:00:00,3327.040191438996
2022-01-15 07:00:00,3550.464443355419
2022-01-15 08:00:00,3821.2284591805683
2022-01-15 09:00:00,3403.3089262422727
2022-01-15 10:00:00,3716.52259138712
2022-01-15 11:00:00,3374.9786002481956
2022-01-15 12:00:00,3242.9801044407886
2022-01-15 13:00:00,3032.038781399836
2022-01-15 14:00:00,3065.8999777027884
2022-01-15 15:00:00,3476.205443219594
2022-01-15 16:00:00,3255.960145549005
2022-01-15 17:00:00,3827.226727447287
2022-01-15 18:00:00,3536.500799553258
2022-01-15 19:00:00,3312.098850767625
2022-01-15 20:00:00,3386.385655163352
2022-01-15 21:00:00,3220.232190959432
2022-01-15 22:00:00,3047.538031598124
2022-01-15 23:00:00,2596.6866196263627
2022-01-16 00:00:00,1881.433072580827
2022-01-16 01:00:00,2120.417183386211
2022-01-16 02:00:00,2011.1290040463618
2022-01-16 03:00:00,2138.4849674739926
2022-01-16 04:00:00,2492.7690978166265
2022-01-16 05:00:00,2386.248774490133
2022-01-16 06:00:00,2929.6894792262187
2022-01-16 07:00:00,3269.7678345032627
2022-01-16 08:00:00,3383.062195745349
2022-01-16 09:00:00,3264.533587146941
2022-01-16 10:00:00,3034.4719501846166
2022-01-16 11:00:00,3288.503970042921
2022-01-16 12:00:00,2790.0797492066754
2022-01-16 13:00:00,2697.710276704079
2022-01-16 14:00:00,2792.2969776149807
2022-01-16 15:00:00,2806.6539694058215
2022-01-16 16:00:00,3059.166340868601
2022-01-16 17:00:00,3527.9345308714624
2022-01-16 18:00:00,3153.1711643992885
2022-01-16 19:00:00,3304.708135362905
2022-01-16 20:00:00,3108.0375805528415
2022-01-16 21:00:00,2895.9027260694465
2022-01-16 22:00:00,2778.268918169632
2022-01-16 23:00:00,2461.5438399089576
2022-01-17 00:00:00,2466.7179008095322
2022-01-17 01:00:00,2518.78467243727
2022-01-17 02:00:00,2773.4366592937367
2022-01-17 03:00:00,2790.051414764758
2022-01-17 04:00:00,3022.894629061861
2022-01-17 05:00:00,3756.622588934617
2022-01-17 06:00:00,4187.380394716376
2022-01-17 07:00:00,4049.4274408645374
2022-01-17 08:00:00,4234.050255423197
2022-01-17 09:00:00,4243.313020001008
2022-01-17 10:00:00,3891.1846944783865
2022-01-17 11:00:00,3636.138348123724
2022-01-17 12:00:00,3838.064696289725
2022-01-17 13:00:00,3761.0680352979193
2022-01-17 14:00:00,3767.5305081120855
2022-01-17 15:00:00,3687.0893549106327
2022-01-17 16:00:00,3996.5319900273635
2022-01-17 17:00:00,3893.267388687632
2022-01-17 18:00:00,4298.760468053493
2022-01-17 19:00:00,3849.5404670199378
2022-01-17 20:00:00,3826.3325702872394
2022-01-17 21:00:00,3589.197693923366
2022-01-17 22:00:00,3570.3497788948275
2022-01-17 23:00:00,3111.172520507646
2022-01-18 00:00:00,2410.460029168818
2022-01-18 01:00:00,2589.0504465738654
2022-01-18 02:00:00,2550.8102569773055
2022-01-18 03:00:00,2819.9140015906632
2022-01-18 04:00:00,3056.6844944102772
2022-01-18 05:00:00,3383.5745633777287
2022-01-18 06:00:00,3858.0972381165466
2022-01-18 07:00:00,4034.6128778334655
2022-01-18 08:00:00,4160.677293855917
2022-01-18 09:00:00,4296.923173708231
2022-01-18 10:00:00,3654.9955488600217
2022-01-18 11:00:00,3786.8895858292917
2022-01-18 12:00:00,3602.2067106541786
2022-01-18 13:00:00,3564.1906149266442
2022-01-18 14:00:00,3901.382632182552
2022-01-18 15:00:00,3671.296781545459
2022-01-18 16:00:00,3820.719926410046
2022-01-18 17:00:00,3916.915839924038
2022-01-18 18:00:00,3820.4344367778826
2022-01-18 19:00:00,4443.326402222311
2022-01-18 20:00:00,3920.187379313308
2022-01-18 21:00:00,4077.745456246857
2022-01-18 22:00:00,3500.1356715721536
2022-01-18 23:00:00,3014.4273165106047
2022-01-19 00:00:00,2410.6251891347415
2022-01-19 01:00:00,2619.5256174830656
2022-01-19 02:00:00,2902.6703325661797
2022-01-19 03:00:00,2878.6576622348457
2022-01-19 04:00:00,3093.1928633266452
2022-01-19 05:00:00,3396.760562019275
2022-01-19 06:00:00,3747.583686433758
2022-01-19 07:00:00,4499.956537160894
2022-01-19 08:00:00,4518.407046299684
2022-01-19 09:00:00,4691.531815401381
2022-01-19 10:00:00,3862.6943662655385
2022-01-19 11:00:00,3282.4544773790167
2022-01-19 12:00:00,3803.760919923697
2022-01-19 13:00:00,4039.0573231088238
2022-01-19 14:00:00,3569.251584976177
2022-01-19 15:00:00,3711.683420913304
2022-01-19 16:00:00,3779.0763354998767
2022-01-19 17:00:00,4082.772696299762
2022-01-19 18:00:00,4089.8769866335465
2022-01-19 19:00:00,4065.4068314339365
2022-01-19 20:00:00,3943.895237946018
2022-01-19 21:00:00,3582.3937754550043
2022-01-19 22:00:00,3567.42662282336
2022-01-19 23:00:00,3415.55827544118
2022-01-20 00:00:00,2399.2803458103435
2022-01-20 01:00:00,2439.573535769013
2022-01-20 02:00:00,2876.675502471104
2022-01-20 03:00:00,2647.8837770083132
2022-01-20 04:00:00,3003.0556659018366
2022-01-20 05:00:00,3570.334116630162
2022-01-20 06:00:00,4192.724436031167
2022-01-20 07:00:00,4078.9863241985886
2022-01-20 08:00:00,4097.6486320253
2022-01-20 09:00:00,4260.54357984205
2022-01-20 10:00:00,3754.70417311099
2022-01-20 11:00:00,3827.899989804119
2022-01-20 12:00:00,3808.393331321438
2022-01-20 13:00:00,3929.0725716808747
2022-01-20 14:00:00,3411.5211823997356
2022-01-20 15:00:00,3633.584727341649
2022-01-20 16:00:00,3879.0364600327075
2022-01-20 17:00:00,4362.9960391093
2022-01-20 18:00:00,3775.262938657574
2022-01-20 19:00:00,4031.7806052833653
2022-01-20 20:00:00,4097.948756089451
2022-01-20 21:00:00,3824.1476275796795
2022-01-20 22:00:00,3659.8041005223226
2022-01-20 23:00:00,3117.13195986467
2022-01-21 00:00:00,2458.6122221161245
2022-01-21 01:00:00,2487.194245684836
2022-01-21 02:00:00,2625.983411051593
2022-01-21 03:00:00,3050.430200366031
2022-01-21 04:00:00,3197.6024090023225
2022-01-21 05:00:00,3176.5896271793595
2022-01-21 06:00:00,3986.557744026862
2022-01-21 07:00:00,4106.561731918987
2022-01-21 08:00:00,4438.710745838892
2022-01-21 09:00:00,4458.49508583775
2022-01-21 10:00:00,3761.540266228445
2022-01-21 11:00:00,3969.5973476105983
2022-01-21 12:00:00,3869.1094741819625
2022-01-21 13:00:00,3438.6647684460213
2022-01-21 14:00:00,3821.6457032920857
2022-01-21 15:00:00,3908.594041139941
2022-01-21 16:00:00,4148.5427099074805
2022-01-21 17:00:00,4344.695211337568
2022-01-21 18:00:00,4058.3907352289725
2022-01-21 19:00:00,4351.9011162331235
2022-01-21 20:00:00,4135.226338484838
2022-01-21 21:00:00,3917.6700357359964
2022-01-21 22:00:00,3396.930661872496
2022-01-21 23:00:00,3236.412670232217
2022-01-22 00:00:00,2068.6464476779483
2022-01-22 01:00:00,2188.704571839895
2022-01-22 02:00:00,2349.32166408871
2022-01-22 03:00:00,2481.685820347292
2022-01-22 04:00:00,2797.3433717101348
2022-01-22 05:00:00,3147.196598370318
2022-01-22 06:00:00,3315.607623655423
2022-01-22 07:00:00,3736.555903088846
2022-01-22 08:00:00,3570.309983048972
2022-01-22 09:00:00,3365.1063196246428
2022-01-22 10:00:00,3382.4465576049206
2022-01-22 11:00:00,2809.512607541356
2022-01-22 12:00:00,3202.2885438317307
2022-01-22 13:00:00,3111.8232791361806
2022-01-22 14:00:00,2978.342838069758
2022-01-22 15:00:00,3390.5201076241333
2022-01-22 16:00:00,3191.168778990765
2022-01-22 17:00:00,3630.456198656745
2022-01-22 18:00:00,3715.5437358030667
2022-01-22 19:00:00,3404.2914464252085
2022-01-22 20:00:00,3338.4115599253732
2022-01-22 21:00:00,3163.02164620726
2022-01-22 22:00:00,2705.3863423244643
2022-01-22 23:00:00,2709.911393111734
2022-01-23 00:00:00,1922.1967028530073
2022-01-23 01:00:00,2126.7841686714282
2022-01-23 02:00:00,2141.3240810345987
2022-01-23 03:00:00,2252.451490061719
2022-01-23 04:00:00,2217.4712421775416
2022-01-23 05:00:00,2641.611057580343
2022-01-23 06:00:00,3043.583067573442
2022-01-23 07:00:00,3146.3542702616846
2022-01-23 08:00:00,3388.0578682395553
2022-01-23 09:00:00,3482.6080918562748
2022-01-23 10:00:00,3038.031527135766
2022-01-23 11:00:00,2929.5095113100965
2022-01-23 12:00:00,2718.9109250625315
2022-01-23 13:00:00,2834.55358880388
2022-01-23 14:00:00,2952.495756763294
2022-01-23 15:00:00,2979.0029954364404
2022-01-23 16:00:00,2980.318964311624
2022-01-23 17:00:00,3088.177720186661
2022-01-23 18:00:00,3072.687972778505
2022-01-23 19:00:00,3033.037822322202
2022-01-23 20:00:00,3182.2996516729017
2022-01-23 21:00:00,2633.5020300188926
2022-01-23 22:00:00,2803.481940224684
2022-01-23 23:00:00,2521.3977978813564
2022-01-24 00:00:00,2308.6453852933178
2022-01-24 01:00:00,2692.3970254012456
2022-01-24 02:00:00,2685.1390586039274
2022-01-24 03:00:00,2756.616623254741
2022-01-24 04:00:00,2996.934591774433
2022-01-24 05:00:00,3191.3216561952026
2022-01-24 06:00:00,3947.8399884257315
2022-01-24 07:00:00,4061.2917338353395
2022-01-24 08:00:00,3993.9269788182637
2022-01-24 09:00:00,3949.205584665046
2022-01-24 10:00:00,4133.646955546402
2022-01-24 11:00:00,3924.732007996121
2022-01-24 12:00:00,3424.7841793234747
2022-01-24 13:00:00,3169.8471632833507
2022-01-24 14:00:00,3814.5299947858275
2022-01-24 15:00:00,3818.6238959631983
2022-01-24 16:00:00,4117.566009091693
2022-01-24 17:00:00,4427.344301068465
2022-01-24 18:00:00,4450.38580876818
2022-01-24 19:00:00,4009.3365575894377
2022-01-24 20:00:00,4131.618696075145
2022-01-24 21:00:00,3623.4876761552505
2022-01-24 22:00:00,3092.4919810749025
2022-01-24 23:00:00,3135.449794510825
2022-01-25 00:00:00,2681.6230554716903
2022-01-25 01:00:00,2816.294375300358
2022-01-25 02:00:00,2686.0595392667237
2022-01-25 03:00:00,2949.387928672196
2022-01-25 04:00:00,2975.5023827253967
2022-01-25 05:00:00,3456.8336346939905
2022-01-25 06:00:00,3675.4363747512825
2022-01-25 07:00:00,4006.1589601330147
2022-01-25 08:00:00,3791.357578818114
2022-01-25 09:00:00,4334.881409519734
2022-01-25 10:00:00,3791.6010412215724
2022-01-25 11:00:00,3819.7143258943247
2022-01-25 12:00:00,3913.095885868286
2022-01-25 13:00:00,3533.9227755847833
2022-01-25 14:00:00,3792.1340134762168
2022-01-25 15:00:00,3418.0206692041647
2022-01-25 16:00:00,3935.075243290114
2022-01-25 17:00:00,3980.185148022333
2022-01-25 18:00:00,4480.404956240975
2022-01-25 19:00:00,4234.51671495848
2022-01-25 20:00:00,4067.3758309068226
2022-01-25 21:00:00,3724.817585446226
2022-01-25 22:00:00,3632.8505114990035
2022-01-25 23:00:00,3363.2013734122875
2022-01-26 00:00:00,2515.8271380069286
2022-01-26 01:00:00,2433.1530146259665
2022-01-26 02:00:00,2651.2409020940836
2022-01-26 03:00:00,2796.099260022623
2022-01-26 04:00:00,3062.6821594013472
2022-01-26 05:00:00,3493.1842741206337
2022-01-26 06:00:00,4155.427420308779
2022-01-26 07:00:00,3869.483716303613
2022-01-26 08:00:00,4021.616410073477
2022-01-26 09:00:00,4444.470535954673
2022-01-26 10:00:00,3845.5381197883794
2022-01-26 11:00:00,3314.479248501427
2022-01-26 12:00:00,3816.6784427454527
2022-01-26 13:00:00,3540.173528033799
2022-01-26 14:00:00,3417.695398649751
2022-01-26 15:00:00,3956.871947978973
2022-01-26 16:00:00,4064.680866261617
2022-01-26 17:00:00,4137.910403695156
2022-01-26 18:00:00,4093.1739431594815
2022-01-26 19:00:00,4112.0300849801615
2022-01-26 20:00:00,4079.790846682659
2022-01-26 21:00:00,3546.2678277809378
2022-01-26 22:00:00,3719.248931756071
2022-01-26 23:00:00,3272.39978728397
2022-01-27 00:00:00,2456.4714248383775
2022-01-27 01:00:00,2735.183735176479
2022-01-27 02:00:00,2562.931778582033
2022-01-27 03:00:00,2944.0891867869423
2022-01-27 04:00:00,3201.139312674717
2022-01-27 05:00:00,3546.418983469155
2022-01-27 06:00:00,4139.731657491129
2022-01-27 07:00:00,4313.236610842688
2022-01-27 08:00:00,3954.6477354371427
2022-01-27 09:00:00,4027.3054773589924
2022-01-27 10:00:00,3867.5880848496195
2022-01-27 11:00:00,3555.3109456514494
2022-01-27 12:00:00,3672.7568142448904
2022-01-27 13:00:00,3790.7791872825514
2022-01-27 14:00:00,3566.9818510200034
2022-01-27 15:00:00,3820.7695403607595
2022-01-27 16:00:00,4246.027189502055
2022-01-27 17:00:00,4059.67986035941
2022-01-27 18:00:00,4265.335381458971
2022-01-27 19:00:00,4267.938651192822
2022-01-27 20:00:00,3886.6192622639232
2022-01-27 21:00:00,3964.535716112596
2022-01-27 22:00:00,3663.4244065212742
2022-01-27 23:00:00,3343.0278748393216
2022-01-28 00:00:00,2454.0085163035596
2022-01-28 01:00:00,2449.2279660935715
2022-01-28 02:00:00,2846.8660772755884
2022-01-28 03:00:00,3102.9008366037715
2022-01-28 04:00:00,3275.2093836221784
2022-01-28 05:00:00,3341.714774500931
2022-01-28 06:00:00,3802.865995858577
2022-01-28 07:00:00,3907.691523193292
2022-01-28 08:00:00,4109.409155862403
2022-01-28 09:00:00,4156.792899910594
2022-01-28 10:00:00,4115.385329856221
2022-01-28 11:00:00,3744.4328027796364
2022-01-28 12:00:00,3819.128983654171
2022-01-28 13:00:00,3833.6483433801377
2022-01-28 14:00:00,3805.402164071643
2022-01-28 15:00:00,3595.729517659642
2022-01-28 16:00:00,3552.659857026792
2022-01-28 17:00:00,4058.420180831858
2022-01-28 18:00:00,3831.9136216450856
2022-01-28 19:00:00,4067.7981213188236
2022-01-28 20:00:00,4401.869790269296
2022-01-28 21:00:00,3687.174344587639
2022-01-28 22:00:00,3188.569053249023
2022-01-28 23:00:00,2974.8815994951906
2022-01-29 00:00:00,1964.0886392651987
2022-01-29 01:00:00,2038.3215218853547
2022-01-29 02:00:00,2429.5012335436936
2022-01-29 03:00:00,2572.745805518294
2022-01-29 04:00:00,2757.6302258468677
2022-01-29 05:00:00,3072.3204034872947
2022-01-29 06:00:00,3082.823511993881
2022-01-29 07:00:00,3600.260269255428
2022-01-29 08:00:00,3782.94536215514
2022-01-29 09:00:00,4050.4711137582303
2022-01-29 10:00:00,3531.2170697342613
2022-01-29 11:00:00,3503.833539424115
2022-01-29 12:00:00,3456.1777667298406
2022-01-29 13:00:00,3283.7138139996814
2022-01-29 14:00:00,3353.5307537414565
2022-01-29 15:00:00,3282.7655125595834
2022-01-29 16:00:00,3254.4791295252094
2022-01-29 17:00:00,3297.037993042895
2022-01-29 18:00:00,3836.409168534508
2022-01-29 19:00:00,3613.986903820233
2022-01-29 20:00:00,3284.727440180065
2022-01-29 21:00:00,3452.0946869288505
2022-01-29 22:00:00,2908.606289554228
2022-01-29 23:00:00,2622.390542737397
2022-01-30 00:00:00,1746.3371663497514
2022-01-30 01:00:00,1670.0641457830968
2022-01-30 02:00:00,2027.183616500821
2022-01-30 03:00:00,2174.4459675325734
2022-01-30 04:00:00,2312.3500636115277
2022-01-30 05:00:00,2747.3322331463755
2022-01-30 06:00:00,2783.2489278154962
2022-01-30 07:00:00,3339.1414444359707
2022-01-30 08:00:00,3355.484866144954
2022-01-30 09:00:00,3084.5231388755874
2022-01-30 10:00:00,3099.5862135715106
2022-01-30 11:00:00,2866.8276778436125
2022-01-30 12:00:00,2802.832407733872
2022-01-30 13:00:00,2895.0191518795655
2022-01-30 14:00:00,2786.0121761520127
2022-01-30 15:00:00,2834.854613322001
2022-01-30 16:00:00,3075.2420641716703
2022-01-30 17:00:00,2955.0178200092314
2022-01-30 18:00:00,2955.253088666637
2022-01-30 19:00:00,2833.5154277956076
2022-01-30 20:00:00,3085.1617932913
2022-01-30 21:00:00,2891.5946952860418
2022-01-30 22:00:00,2730.9807673335663
2022-01-30 23:00:00,2354.421702189726
2022-01-31 00:00:00,2272.9573289891464
2022-01-31 01:00:00,2633.262080328022
2022-01-31 02:00:00,2662.9125685228114
2022-01-31 03:00:00,2984.064358547421
2022-01-31 04:00:00,3175.54930781092
2022-01-31 05:00:00,3896.200427833836
2022-01-31 06:00:00,3756.8949535583924
2022-01-31 07:00:00,3834.848499768129
2022-01-31 08:00:00,4402.678296083932
2022-01-31 09:00:00,4078.2355839121997
2022-01-31 10:00:00,4044.988566976552
2022-01-31 11:00:00,3963.820083429187
2022-01-31 12:00:00,3505.257812667022
2022-01-31 13:00:00,3553.111406830773
2022-01-31 14:00:00,3842.9088706040816
2022-01-31 15:00:00,3710.100900411509
2022-01-31 16:00:00,3977.370397760461
2022-01-31 17:00:00,3944.5367461711444
2022-01-31 18:00:00,4281.088873778944
2022-01-31 19:00:00,3876.052198103894
2022-01-31 20:00:00,3739.587569399927
2022-01-31 21:00:00,3444.0847651043428
2022-01-31 22:00:00,3414.9776103114564
2022-01-31 23:00:00,3205.2408295815603
2022-02-01 00:00:00,2451.2048761449423
2022-02-01 01:00:00,2543.3705818148555
2022-02-01 02:00:00,2817.4367219373926
2022-02-01 03:00:00,2934.156401512462
2022-02-01 04:00:00,3114.45781928163
2022-02-01 05:00:00,3592.0929834686367
2022-02-01 06:00:00,4207.904237568262
2022-02-01 07:00:00,4175.832825737588
2022-02-01 08:00:00,4225.267868023958
2022-02-01 09:00:00,3980.1866758116144
2022-02-01 10:00:00,4303.034631861647
2022-02-01 11:00:00,3790.5682065059223
2022-02-01 12:00:00,3799.5783462608492
2022-02-01 13:00:00,3679.3968495962204
2022-02-01 14:00:00,3788.522455222304
2022-02-01 15:00:00,3752.537896838166
2022-02-01 16:00:00,3978.4213423704696
2022-02-01 17:00:00,3634.389368439036
2022-02-01 18:00:00,4233.123881384459
2022-02-01 19:00:00,4414.46118783782
2022-02-01 20:00:00,3818.051685648155
2022-02-01 21:00:00,3529.7097957723786
2022-02-01 22:00:00,3486.857198896944
2022-02-01 23:00:00,3272.6626681198136
2022-02-02 00:00:00,2378.179529454067
2022-02-02 01:00:00,2549.553855472134
2022-02-02 02:00:00,2573.035987871806
2022-02-02 03:00:00,2934.640187239842
2022-02-02 04:00:00,3345.3521545304657
2022-02-02 05:00:00,3473.0124644585876
2022-02-02 06:00:00,3741.063679718902
2022-02-02 07:00:00,4277.944568880202
2022-02-02 08:00:00,4430.2046202701395
2022-02-02 09:00:00,4359.344816081518
2022-02-02 10:00:00,3958.0375117558187
2022-02-02 11:00:00,4015.984565559032
2022-02-02 12:00:00,3993.6880066024487
2022-02-02 13:00:00,3515.9656825292564
2022-02-02 14:00:00,3802.406119636434
2022-02-02 15:00:00,3610.020519224434
2022-02-02 16:00:00,3887.3339301174533
2022-02-02 17:00:00,4045.7336519569562
2022-02-02 18:00:00,4458.716797998243
2022-02-02 19:00:00,3996.1590357106106
2022-02-02 20:00:00,3820.500428476032
2022-02-02 21:00:00,4016.9607082455746
2022-02-02 22:00:00,3632.7101288625045
2022-02-02 23:00:00,3178.1101411297022
2022-02-03 00:00:00,2507.811931193341
2022-02-03 01:00:00,2627.9741223087713
2022-02-03 02:00:00,2592.757727992919
2022-02-03 03:00:00,2697.40121724611
2022-02-03 04:00:00,3084.313019005401
2022-02-03 05:00:00,3421.5592924960574
2022-02-03 06:00:00,3911.581427844749
2022-02-03 07:00:00,4254.853276868073
2022-02-03 08:00:00,4104.514980969716
2022-02-03 09:00:00,4418.836361100242
2022-02-03 10:00:00,4123.283075627878
2022-02-03 11:00:00,3615.2579952731176
2022-02-03 12:00:00,3772.6923792462317
2022-02-03 13:00:00,3348.8131409450857
2022-02-03 14:00:00,3732.8534139899166
2022-02-03 15:00:00,3911.279524159212
2022-02-03 16:00:00,3984.6966013377423
2022-02-03 17:00:00,4212.207638424871
2022-02-03 18:00:00,4193.414537388277
2022-02-03 19:00:00,3939.831868483718
2022-02-03 20:00:00,3881.643869184813
2022-02-03 21:00:00,3575.056590451075
2022-02-03 22:00:00,2977.950172148208
2022-02-03 23:00:00,3207.495547139529
2022-02-04 00:00:00,2345.2564779910786
2022-02-04 01:00:00,2512.7521951415383
2022-02-04 02:00:00,2873.682436624203
2022-02-04 03:00:00,2676.2551663787617
2022-02-04 04:00:00,3065.8848263933223
2022-02-04 05:00:00,3236.1593283040406
2022-02-04 06:00:00,4054.0432507120327
2022-02-04 07:00:00,3774.670961167471
2022-02-04 08:00:00,4122.7719611637285
2022-02-04 09:00:00,4369.867889720037
2022-02-04 10:00:00,3938.2409454753597
2022-02-04 11:00:00,3691.4707654173294
2022-02-04 12:00:00,3581.901394764223
2022-02-04 13:00:00,3788.3815452002455
2022-02-04 14:00:00,3722.0629327714937
2022-02-04 15:00:00,3663.4635796239436
2022-02-04 16:00:00,3661.342234203447
2022-02-04 17:00:00,3995.900117983135
2022-02-04 18:00:00,4071.1073752330944
2022-02-04 19:00:00,4076.613425162507
2022-02-04 20:00:00,3494.673275683214
2022-02-04 21:00:00,3582.4857859363383
2022-02-04 22:00:00,3578.646016039039
2022-02-04 23:00:00,3040.7173392736313
2022-02-05 00:00:00,2142.2267374583394
2022-02-05 01:00:00,2050.625370337002
2022-02-05 02:00:00,2049.99924106231
2022-02-05 03:00:00,2359.2866538467806
2022-02-05 04:00:00,2456.2602383709964
2022-02-05 05:00:00,2864.57370232296
2022-02-05 06:00:00,3275.6525614386965
2022-02-05 07:00:00,3229.522191914467
2022-02-05 08:00:00,3873.523104316541
2022-02-05 09:00:00,3616.582341273992
2022-02-05 10:00:00,3291.316238918839
2022-02-05 11:00:00,3636.5665893680302
2022-02-05 12:00:00,3072.2044163125106
2022-02-05 13:00:00,3054.4795400583243
2022-02-05 14:00:00,3336.202976054435
2022-02-05 15:00:00,3236.096317744882
2022-02-05 16:00:00,3484.32807055875
2022-02-05 17:00:00,3518.4101668312087
2022-02-05 18:00:00,3677.5665992197137
2022-02-05 19:00:00,3552.1694088329364
2022-02-05 20:00:00,3454.889570121473
2022-02-05 21:00:00,3172.5627612614753
2022-02-05 22:00:00,2923.5715471927983
2022-02-05 23:00:00,3140.3297903703287
2022-02-06 00:00:00,1840.9064589188317
2022-02-06 01:00:00,1925.1647437032884
2022-02-06 02:00:00,2111.648288931095
2022-02-06 03:00:00,2221.7304275193424
2022-02-06 04:00:00,2521.321902680048
2022-02-06 05:00:00,2686.989233954734
2022-02-06 06:00:00,2852.936483787565
2022-02-06 07:00:00,2866.357559275394
2022-02-06 08:00:00,3165.5297239374477
2022-02-06 09:00:00,3103.6232433486653
2022-02-06 10:00:00,2918.3325803337098
2022-02-06 11:00:00,2642.1924212926174
2022-02-06 12:00:00,2742.0573356579794
2022-02-06 13:00:00,2633.1822379780783
2022-02-06 14:00:00,2855.1611954055293
2022-02-06 15:00:00,2767.5216307867563
2022-02-06 16:00:00,2862.4073730121445
2022-02-06 17:00:00,2748.5589642726895
2022-02-06 18:00:00,3104.791964051102
2022-02-06 19:00:00,3228.2721653519193
2022-02-06 20:00:00,2838.695188193988
2022-02-06 21:00:00,2472.550487481068
2022-02-06 22:00:00,2551.5193453174825
2022-02-06 23:00:00,2490.6914761545304
2022-02-07 00:00:00,2480.766701902873
2022-02-07 01:00:00,2511.089166057781
2022-02-07 02:00:00,2606.4305405274845
2022-02-07 03:00:00,2976.723538469181
2022-02-07 04:00:00,3074.736062238601
2022-02-07 05:00:00,3245.6163986133965
2022-02-07 06:00:00,3306.60681244174
2022-02-07 07:00:00,4064.304385878623
2022-02-07 08:00:00,4103.214806460889
2022-02-07 09:00:00,4083.4235040554936
2022-02-07 10:00:00,3829.009338298719
2022-02-07 11:00:00,3804.401085514905
2022-02-07 12:00:00,3872.9434777270785
2022-02-07 13:00:00,3675.3859265512447
2022-02-07 14:00:00,3875.4271370070683
2022-02-07 15:00:00,3965.051528867089
2022-02-07 16:00:00,4197.072858483792
2022-02-07 17:00:00,4158.72997139166
2022-02-07 18:00:00,4265.521221657013
2022-02-07 19:00:00,4306.001173545228
2022-02-07 20:00:00,4022.17729845472
2022-02-07 21:00:00,3701.7593508908
2022-02-07 22:00:00,3517.4802726427015
2022-02-07 23:00:00,3145.768317627092
2022-02-08 00:00:00,2466.888181657041
2022-02-08 01:00:00,2511.5528761003234
2022-02-08 02:00:00,2712.534607354642
2022-02-08 03:00:00,2773.7312427636575
2022-02-08 04:00:00,3111.477565995619
2022-02-08 05:00:00,3691.7002654114167
2022-02-08 06:00:00,3706.7162972377578
2022-02-08 07:00:00,3935.572590474971
2022-02-08 08:00:00,4115.306951865015
2022-02-08 09:00:00,4182.346590711663
2022-02-08 10:00:00,3985.2020053571387
2022-02-08 11:00:00,3853.650710492099
2022-02-08 12:00:00,3814.3375113361517
2022-02-08 13:00:00,3843.136746935661
2022-02-08 14:00:00,3597.594215694075
2022-02-08 15:00:00,4038.861221674429
2022-02-08 16:00:00,3696.248382227224
2022-02-08 17:00:00,4088.671595830745
2022-02-08 18:00:00,4245.975131136299
2022-02-08 19:00:00,4174.519017760782
2022-02-08 20:00:00,3566.1356836341183
2022-02-08 21:00:00,3834.0123907398856
2022-02-08 22:00:00,3413.1290236922764
2022-02-08 23:00:00,3275.8705181175505
2022-02-09 00:00:00,2473.411390262976
2022-02-09 01:00:00,2466.421957573224
2022-02-09 02:00:00,2657.9554881857275
2022-02-09 03:00:00,2950.5885237935
2022-02-09 04:00:00,3150.956060018194
2022-02-09 05:00:00,3444.9792861049496
2022-02-09 06:00:00,3543.3231487358253
2022-02-09 07:00:00,3958.7755946410175
2022-02-09 08:00:00,4181.958291818907
2022-02-09 09:00:00,4356.439349059864
2022-02-09 10:00:00,4262.9122302772685
2022-02-09 11:00:00,3495.5401931098195
2022-02-09 12:00:00,3440.0684615787973
2022-02-09 13:00:00,3487.2631829817433
2022-02-09 14:00:00,3613.902736659138
2022-02-09 15:00:00,3967.8129762137073
2022-02-09 16:00:00,3756.018265090958
2022-02-09 17:00:00,4254.708307835446
2022-02-09 18:00:00,4065.484265718109
2022-02-09 19:00:00,4125.486543030649
2022-02-09 20:00:00,4128.501988707171
2022-02-09 21:00:00,3471.6490389496844
2022-02-09 22:00:00,3549.068340189828
2022-02-09 23:00:00,2997.4406712390405
2022-02-10 00:00:00,2290.4406747412736
2022-02-10 01:00:00,2614.5395663104546
2022-02-10 02:00:00,2755.189404765499
2022-02-10 03:00:00,2992.5008865113705
2022-02-10 04:00:00,3196.032832937627
2022-02-10 05:00:00,3323.439551400926
2022-02-10 06:00:00,4338.328065246101
2022-02-10 07:00:00,4039.7142609865878
2022-02-10 08:00:00,4495.41618800257
2022-02-10 09:00:00,4189.381434471363
2022-02-10 10:00:00,3853.1542099874
2022-02-10 11:00:00,3725.686113945593
2022-02-10 12:00:00,3780.383794581771
2022-02-10 13:00:00,3558.9368403839467
2022-02-10 14:00:00,3436.7522823376016
2022-02-10 15:00:00,3755.7358826133263
2022-02-10 16:00:00,4257.7793483442665
2022-02-10 17:00:00,3908.741935036003
2022-02-10 18:00:00,3958.5211640680986
2022-02-10 19:00:00,3810.5580647719503
2022-02-10 20:00:00,4015.164386495335
2022-02-10 21:00:00,3741.4554791933247
2022-02-10 22:00:00,3543.5347252335678
2022-02-10 23:00:00,3281.8646134692426
2022-02-11 00:00:00,2404.2365205020783
2022-02-11 01:00:00,2557.9991308684534
2022-02-11 02:00:00,2654.6100563677355
2022-02-11 03:00:00,2669.4987369727437
2022-02-11 04:00:00,3156.539995677725
2022-02-11 05:00:00,3563.210649023721
2022-02-11 06:00:00,3668.7422671592535
2022-02-11 07:00:00,3742.4300107049407
2022-02-11 08:00:00,4001.287663018087
2022-02-11 09:00:00,4206.546318773329
2022-02-11 10:00:00,4237.290670737619
2022-02-11 11:00:00,4123.972824321666
2022-02-11 12:00:00,3775.0132589046007
2022-02-11 13:00:00,3915.1979664919277
2022-02-11 14:00:00,3484.0853824073665
2022-02-11 15:00:00,3687.25297211388
2022-02-11 16:00:00,3835.914445227321
2022-02-11 17:00:00,3754.021571108057
2022-02-11 18:00:00,3852.952051500333
2022-02-11 19:00:00,4130.9831120526505
2022-02-11 20:00:00,3677.6242077729053
2022-02-11 21:00:00,4049.9332518216165
2022-02-11 22:00:00,3659.201390848648
2022-02-11 23:00:00,2979.528219526327
2022-02-12 00:00:00,2240.4673246947073
2022-02-12 01:00:00,2242.4163551580796
2022-02-12 02:00:00,2085.9982904365997
2022-02-12 03:00:00,2379.3296673806813
2022-02-12 04:00:00,2729.612161591463
2022-02-12 05:00:00,3151.597855365936
2022-02-12 06:00:00,3472.6364640316037
2022-02-12 07:00:00,3490.0192934564625
2022-02-12 08:00:00,3593.129441805575
2022-02-12 09:00:00,3563.072343840438
2022-02-12 10:00:00,3279.412024309619
2022-02-12 11:00:00,3467.381960724041
2022-02-12 12:00:00,3052.398558454935
2022-02-12 13:00:00,3057.8646040704602
2022-02-12 14:00:00,3227.359861461607
2022-02-12 15:00:00,3147.7251121563995
2022-02-12 16:00:00,3311.377294752344
2022-02-12 17:00:00,3637.8131688162493
2022-02-12 18:00:00,3650.295245266725
2022-02-12 19:00:00,3953.649747050462
2022-02-12 20:00:00,3122.2869692619392
2022-02-12 21:00:00,2750.271276274427
2022-02-12 22:00:00,2784.692036237133
2022-02-12 23:00:00,2877.3088662289015
2022-02-13 00:00:00,1894.2912031281837
2022-02-13 01:00:00,1946.2378615476891
2022-02-13 02:00:00,1876.7890641297568
2022-02-13 03:00:00,2036.6891031661091
2022-02-13 04:00:00,2217.1842331954035
2022-02-13 05:00:00,2675.1145030080984
2022-02-13 06:00:00,2926.7410428017192
2022-02-13 07:00:00,3122.7774364636325
2022-02-13 08:00:00,3154.4815153810773
2022-02-13 09:00:00,3257.6834022887856
2022-02-13 10:00:00,2996.433012389504
2022-02-13 11:00:00,2899.5033396953863
2022-02-13 12:00:00,2686.191052050904
2022-02-13 13:00:00,2480.3600906086153
2022-02-13 14:00:00,2802.9927774854154
2022-02-13 15:00:00,2839.935341547249
2022-02-13 16:00:00,3159.404903258085
2022-02-13 17:00:00,3002.6225595310866
2022-02-13 18:00:00,3101.2834319798058
2022-02-13 19:00:00,3159.9030668800897
2022-02-13 20:00:00,2980.8667151030677
2022-02-13 21:00:00,2709.9958471570317
2022-02-13 22:00:00,2651.9599840445626
2022-02-13 23:00:00,2436.0008099407646
2022-02-14 00:00:00,2446.5037095094985
2022-02-14 01:00:00,2373.955226150067
2022-02-14 02:00:00,2734.2681792994094
2022-02-14 03:00:00,3032.204166891475
2022-02-14 04:00:00,3275.3433333492403
2022-02-14 05:00:00,3283.005523066388
2022-02-14 06:00:00,3833.7561733746143
2022-02-14 07:00:00,3961.5659182093714
2022-02-14 08:00:00,4100.620104185733
2022-02-14 09:00:00,3783.148657089863
2022-02-14 10:00:00,4085.601912224724
2022-02-14 11:00:00,3610.6095141181513
2022-02-14 12:00:00,3386.9208796075445
2022-02-14 13:00:00,3664.6504420872643
2022-02-14 14:00:00,3626.269151413736
2022-02-14 15:00:00,4072.69077743008
2022-02-14 16:00:00,3941.1327461467026
2022-02-14 17:00:00,3756.7621584920885
2022-02-14 18:00:00,4172.766113127868
2022-02-14 19:00:00,4033.6483751933824
2022-02-14 20:00:00,3778.2477979311343
2022-02-14 21:00:00,3448.896796503338
2022-02-14 22:00:00,3299.113412987888
2022-02-14 23:00:00,2997.530618327685
2022-02-15 00:00:00,2465.5120451140706
2022-02-15 01:00:00,2603.458881817354
2022-02-15 02:00:00,2613.668314032329
2022-02-15 03:00:00,3032.532237690756
2022-02-15 04:00:00,3218.6237087951567
2022-02-15 05:00:00,3528.580282106754
2022-02-15 06:00:00,3565.1604265702063
2022-02-15 07:00:00,4212.183094665498
2022-02-15 08:00:00,4023.5949686782915
2022-02-15 09:00:00,4256.363229039641
2022-02-15 10:00:00,4178.918479984368
2022-02-15 11:00:00,3738.1864548702524
2022-02-15 12:00:00,3449.5458660601616
2022-02-15 13:00:00,3251.8456975096838
2022-02-15 14:00:00,3708.579093015582
2022-02-15 15:00:00,3806.1450021982764
2022-02-15 16:00:00,3887.3751061878534
2022-02-15 17:00:00,4141.751186736713
2022-02-15 18:00:00,4178.210794054217
2022-02-15 19:00:00,3849.7627193469393
2022-02-15 20:00:00,3843.311274782183
2022-02-15 21:00:00,3217.4141434213934
2022-02-15 22:00:00,3199.0946767041482
2022-02-15 23:00:00,3270.3117654287676
2022-02-16 00:00:00,2498.848138051492
2022-02-16 01:00:00,2530.491041534227
2022-02-16 02:00:00,2648.490803969849
2022-02-16 03:00:00,2602.8858481530606
2022-02-16 04:00:00,3124.469138834801
2022-02-16 05:00:00,3510.2519057135596
2022-02-16 06:00:00,3409.7307633337587
2022-02-16 07:00:00,3972.968584993128
2022-02-16 08:00:00,4267.393735382322
2022-02-16 09:00:00,3958.9311978063397
2022-02-16 10:00:00,3888.805960103865
2022-02-16 11:00:00,3996.6277095466985
2022-02-16 12:00:00,3461.8544528128014
2022-02-16 13:00:00,3784.2764658634405
2022-02-16 14:00:00,3441.7004148377564
2022-02-16 15:00:00,3933.9425289351225
2022-02-16 16:00:00,3844.979962190381
2022-02-16 17:00:00,3851.7106469067016
2022-02-16 18:00:00,3751.4971900901332
2022-02-16 19:00:00,3753.8336721580067
2022-02-16 20:00:00,3640.3714743997944
2022-02-16 21:00:00,3428.5154241713867
2022-02-16 22:00:00,3252.1512670633188
2022-02-16 23:00:00,3035.2913320395655
2022-02-17 00:00:00,2520.6699578280236
2022-02-17 01:00:00,2365.901785868743
2022-02-17 02:00:00,2779.760618416625
2022-02-17 03:00:00,2680.0977058966855
2022-02-17 04:00:00,3169.0634601806946
2022-02-17 05:00:00,3167.3647280089076
2022-02-17 06:00:00,3614.990619057675
2022-02-17 07:00:00,4020.9108735311743
2022-02-17 08:00:00,4391.460604460575
2022-02-17 09:00:00,4118.700251537516
2022-02-17 10:00:00,3753.877587066232
2022-02-17 11:00:00,3874.9809094898446
2022-02-17 12:00:00,3471.69290859262
2022-02-17 13:00:00,3807.173386742238
2022-02-17 14:00:00,3757.7182121109227
2022-02-17 15:00:00,3589.5710618325356
2022-02-17 16:00:00,3814.337865507474
2022-02-17 17:00:00,4176.87276383462
2022-02-17 18:00:00,3854.5700096093638
2022-02-17 19:00:00,4046.1170596381103
2022-02-17 20:00:00,3829.7948357541563
2022-02-17 21:00:00,3924.394947999303
2022-02-17 22:00:00,3610.182336169982
2022-02-17 23:00:00,3420.8391532721794
2022-02-18 00:00:00,2319.946512780276
2022-02-18 01:00:00,2789.9210984387387
2022-02-18 02:00:00,2471.293381313699
2022-02-18 03:00:00,2791.7656603249166
2022-02-18 04:00:00,2976.197836661248
2022-02-18 05:00:00,3463.224111959326
2022-02-18 06:00:00,3810.744478675174
2022-02-18 07:00:00,4060.7000609217057
2022-02-18 08:00:00,4177.093193441044
2022-02-18 09:00:00,4236.497057111924
2022-02-18 10:00:00,3782.081295787257
2022-02-18 11:00:00,3761.495427466857
2022-02-18 12:00:00,3600.62944069772
2022-02-18 13:00:00,3510.0648254933976
2022-02-18 14:00:00,3662.418259167849
2022-02-18 15:00:00,3873.501485054704
2022-02-18 16:00:00,3913.1009232876945
2022-02-18 17:00:00,3899.753523823033
2022-02-18 18:00:00,4030.331042240297
2022-02-18 19:00:00,3908.6310936594527
2022-02-18 20:00:00,3564.444415085633
2022-02-18 21:00:00,3569.8575474338954
2022-02-18 22:00:00,3106.0819143485774
2022-02-18 23:00:00,3097.2601251173787
2022-02-19 00:00:00,2060.2369421557455
2022-02-19 01:00:00,2062.6908189109877
2022-02-19 02:00:00,2209.6497929677394
2022-02-19 03:00:00,2532.2779000237415
2022-02-19 04:00:00,2533.6758929956377
2022-02-19 05:00:00,2866.204883656849
2022-02-19 06:00:00,3246.1583005782986
2022-02-19 07:00:00,3701.8482259147463
2022-02-19 08:00:00,3606.2252058828376
2022-02-19 09:00:00,3466.751600954819
2022-02-19 10:00:00,3382.9188476842237
2022-02-19 11:00:00,3096.3044892892526
2022-02-19 12:00:00,3563.6583825260905
2022-02-19 13:00:00,3047.7024157748874
2022-02-19 14:00:00,3372.6579448667926
2022-02-19 15:00:00,3153.268617076971
2022-02-19 16:00:00,2938.952892577624
2022-02-19 17:00:00,3617.549577790476
2022-02-19 18:00:00,3589.3755720668946
2022-02-19 19:00:00,3333.1794446752924
2022-02-19 20:00:00,3233.6349156014403
2022-02-19 21:00:00,3224.6019886960808
2022-02-19 22:00:00,2500.8174098052045
2022-02-19 23:00:00,2363.068019593743
2022-02-20 00:00:00,1846.0516497347733
2022-02-20 01:00:00,2132.780550287939
2022-02-20 02:00:00,1875.3676513898165
2022-02-20 03:00:00,2254.7696651065867
2022-02-20 04:00:00,2252.840206456519
2022-02-20 05:00:00,2705.495515020043
2022-02-20 06:00:00,2981.060797321246
2022-02-20 07:00:00,2817.6209479309723
2022-02-20 08:00:00,2774.466628487073
2022-02-20 09:00:00,3427.6468431062376
2022-02-20 10:00:00,3149.9073142545512
2022-02-20 11:00:00,2875.4547025523
2022-02-20 12:00:00,2786.3674428139125
2022-02-20 13:00:00,2620.7539495438423
2022-02-20 14:00:00,2597.3760399679495
2022-02-20 15:00:00,3043.9848605925695
2022-02-20 16:00:00,3089.0714981687715
2022-02-20 17:00:00,3149.1091355138665
2022-02-20 18:00:00,3151.802591256895
2022-02-20 19:00:00,2879.553151620548
2022-02-20 20:00:00,2925.591845865172
2022-02-20 21:00:00,2764.6824498953156
2022-02-20 22:00:00,2538.749767512193
2022-02-20 23:00:00,2540.849247278445
2022-02-21 00:00:00,2473.010232723574
2022-02-21 01:00:00,2410.2606486619275
2022-02-21 02:00:00,2485.8487408984397
2022-02-21 03:00:00,2647.583332052217
2022-02-21 04:00:00,3192.618010317391
2022-02-21 05:00:00,3368.311191740018
2022-02-21 06:00:00,3706.566541701691
2022-02-21 07:00:00,4348.908556529318
2022-02-21 08:00:00,3992.94815897901
2022-02-21 09:00:00,4136.380899123777
2022-02-21 10:00:00,3898.469908187424
2022-02-21 11:00:00,3737.146538471968
2022-02-21 12:00:00,3412.872716388223
2022-02-21 13:00:00,3462.2412556628897
2022-02-21 14:00:00,3470.148409260944
2022-02-21 15:00:00,3676.608189405389
2022-02-21 16:00:00,4008.227048061178
2022-02-21 17:00:00,3776.903467760094
2022-02-21 18:00:00,3922.9035854435147
2022-02-21 19:00:00,4025.5056940921713
2022-02-21 20:00:00,3769.9523021882674
2022-02-21 21:00:00,3260.1651404356367
2022-02-21 22:00:00,3694.3274317434493
2022-02-21 23:00:00,3461.3198317772026
2022-02-22 00:00:00,2530.063094290936
2022-02-22 01:00:00,2415.2952715082747
2022-02-22 02:00:00,2529.1635584470923
2022-02-22 03:00:00,2631.707415995873
2022-02-22 04:00:00,3112.2525051813195
2022-02-22 05:00:00,3413.1606915048274
2022-02-22 06:00:00,3866.343778064491
2022-02-22 07:00:00,3991.346588117367
2022-02-22 08:00:00,4206.864327721144
2022-02-22 09:00:00,4092.9839581986257
2022-02-22 10:00:00,4054.8340822236655
2022-02-22 11:00:00,3462.7867240576766
2022-02-22 12:00:00,3807.9138770392733
2022-02-22 13:00:00,3481.3992306306254
2022-02-22 14:00:00,3776.0723399022186
2022-02-22 15:00:00,4015.2164625283003
2022-02-22 16:00:00,3678.529133281504
2022-02-22 17:00:00,3778.953009614182
2022-02-22 18:00:00,4170.99174505842
2022-02-22 19:00:00,3966.394942636321
2022-02-22 20:00:00,3646.093250792519
2022-02-22 21:00:00,3697.7612113310556
2022-02-22 22:00:00,3472.818680394763
2022-02-22 23:00:00,2882.4925365984986
2022-02-23 00:00:00,2515.896705624679
2022-02-23 01:00:00,2625.402582437008
2022-02-23 02:00:00,2710.3495737682406
2022-02-23 03:00:00,2759.3461196061103
2022-02-23 04:00:00,2880.4973005381275
2022-02-23 05:00:00,3569.5846260341436
2022-02-23 06:00:00,3886.945383061838
2022-02-23 07:00:00,4213.395771163659
2022-02-23 08:00:00,4132.555815973822
2022-02-23 09:00:00,3908.702585522058
2022-02-23 10:00:00,3961.3382947971713
2022-02-23 11:00:00,3628.6303073686718
2022-02-23 12:00:00,3525.6165965646824
2022-02-23 13:00:00,3626.9954335818334
2022-02-23 14:00:00,3495.433899594052
2022-02-23 15:00:00,3846.691364413668
2022-02-23 16:00:00,3661.766339955733
2022-02-23 17:00:00,3811.714589528466
2022-02-23 18:00:00,4077.3947858583138
2022-02-23 19:00:00,3897.8731124000974
2022-02-23 20:00:00,3979.4779299668567
2022-02-23 21:00:00,3679.0449266934897
2022-02-23 22:00:00,3284.9546284409303
2022-02-23 23:00:00,3075.240880116085
2022-02-24 00:00:00,2493.160188093654
2022-02-24 01:00:00,2390.50577257861
2022-02-24 02:00:00,2563.6267183898954
2022-02-24 03:00:00,2768.424543160951
2022-02-24 04:00:00,3299.459310056079
2022-02-24 05:00:00,3111.0243228841114
2022-02-24 06:00:00,3720.5086233209354
2022-02-24 07:00:00,4062.8401673755234
2022-02-24 08:00:00,3926.156279925846
2022-02-24 09:00:00,3971.3392893536166
2022-02-24 10:00:00,4166.367486453378
2022-02-24 11:00:00,3617.3019020284464
2022-02-24 12:00:00,3528.7662702407315
2022-02-24 13:00:00,3542.6239274384584
2022-02-24 14:00:00,3383.7035585998433
2022-02-24 15:00:00,3847.3563214283713
2022-02-24 16:00:00,4292.679835029385
2022-02-24 17:00:00,4151.458221931471
2022-02-24 18:00:00,3926.614962782302
2022-02-24 19:00:00,4144.285833543827
2022-02-24 20:00:00,4082.009298135768
2022-02-24 21:00:00,3928.07220751869
2022-02-24 22:00:00,3230.878115003222
2022-02-24 23:00:00,2972.575488523622
2022-02-25 00:00:00,2395.083262834597
2022-02-25 01:00:00,2497.8041021792565
2022-02-25 02:00:00,2532.8081866364514
2022-02-25 03:00:00,2781.6022275919117
2022-02-25 04:00:00,3065.170513714872
2022-02-25 05:00:00,3479.045095057764
2022-02-25 06:00:00,3940.487887445499
2022-02-25 07:00:00,4176.951907984045
2022-02-25 08:00:00,3750.886182994678
2022-02-25 09:00:00,4394.325201058787
2022-02-25 10:00:00,3904.731836240349
2022-02-25 11:00:00,3296.823902072376
2022-02-25 12:00:00,3233.8457044268707
2022-02-25 13:00:00,3717.9480323746384
2022-02-25 14:00:00,3379.6685507922152
2022-02-25 15:00:00,3377.7435906821916
2022-02-25 16:00:00,3758.8507440543144
2022-02-25 17:00:00,4040.328626146942
2022-02-25 18:00:00,4080.1686442983123
2022-02-25 19:00:00,3791.704229439784
2022-02-25 20:00:00,3785.1060940365664
2022-02-25 21:00:00,3645.184322697612
2022-02-25 22:00:00,3553.2371840423507
2022-02-25 23:00:00,2938.914000753662
2022-02-26 00:00:00,2105.3047971153906
2022-02-26 01:00:00,2122.5641844813285
2022-02-26 02:00:00,2374.23466290225
2022-02-26 03:00:00,2385.2203156975684
2022-02-26 04:00:00,2244.2863440181573
2022-02-26 05:00:00,2774.7335049052435
2022-02-26 06:00:00,2954.6375821295524
2022-02-26 07:00:00,3504.4415633180975
2022-02-26 08:00:00,3255.260519380055
2022-02-26 09:00:00,3621.810749647541
2022-02-26 10:00:00,3268.5569509476386
2022-02-26 11:00:00,3281.6910281575974
2022-02-26 12:00:00,3141.921252899682
2022-02-26 13:00:00,3172.3527183789565
2022-02-26 14:00:00,2796.437973193267
2022-02-26 15:00:00,3144.169633774335
2022-02-26 16:00:00,3170.393478503283
2022-02-26 17:00:00,3666.9825914961175
2022-02-26 18:00:00,3452.8676977484465
2022-02-26 19:00:00,3207.4328224487335
2022-02-26 20:00:00,3301.7502231500234
2022-02-26 21:00:00,3245.3440543715797
2022-02-26 22:00:00,2806.357045672989
2022-02-26 23:00:00,2707.0591767292967
2022-02-27 00:00:00,1731.5049471722182
2022-02-27 01:00:00,1864.1981551959705
2022-02-27 02:00:00,2045.1593633551645
2022-02-27 03:00:00,2097.0556668936656
2022-02-27 04:00:00,2308.2006067768425
2022-02-27 05:00:00,2694.3656788027033
2022-02-27 06:00:00,2639.0338005434983
2022-02-27 07:00:00,2990.1367012654628
2022-02-27 08:00:00,3109.8199249564204
2022-02-27 09:00:00,3220.4214805268875
2022-02-27 10:00:00,2976.194221536756
2022-02-27 11:00:00,2592.655188878723
2022-02-27 12:00:00,2851.916608226294
2022-02-27 13:00:00,2699.586784102101
2022-02-27 14:00:00,2672.893834307566
2022-02-27 15:00:00,3154.9437647991035
2022-02-27 16:00:00,3009.6587443367735
2022-02-27 17:00:00,3000.0492454322566
2022-02-27 18:00:00,3162.9161535619046
2022-02-27 19:00:00,2965.6559887718213
2022-02-27 20:00:00,2729.889469030679
2022-02-27 21:00:00,2591.9857234505976
2022-02-27 22:00:00,2611.63866343701
2022-02-27 23:00:00,2212.5670703761593
2022-02-28 00:00:00,2516.389277784662
2022-02-28 01:00:00,2252.7297233157174
2022-02-28 02:00:00,2633.7775219280825
2022-02-28 03:00:00,2775.2707071517993
2022-02-28 04:00:00,3000.1793474821334
2022-02-28 05:00:00,3152.4201992833723
2022-02-28 06:00:00,3924.468642236086
2022-02-28 07:00:00,3897.1630548164953
2022-02-28 08:00:00,4041.0794971437513
2022-02-28 09:00:00,3855.490215962742
2022-02-28 10:00:00,3871.6820012598205
2022-02-28 11:00:00,3794.0232732843047
2022-02-28 12:00:00,3689.02008802412
2022-02-28 13:00:00,3457.5069441418846
2022-02-28 14:00:00,3845.484353917098
2022-02-28 15:00:00,3727.948729291865
2022-02-28 16:00:00,3828.5767966806866
2022-02-28 17:00:00,3740.9327123238377
2022-02-28 18:00:00,4213.78100163859
2022-02-28 19:00:00,3937.0792796625647
2022-02-28 20:00:00,3530.302907711388
2022-02-28 21:00:00,3764.3055196001587
2022-02-28 22:00:00,2789.903721631814
2022-02-28 23:00:00,3186.673809936431
2022-03-01 00:00:00,2415.7544367736937
2022-03-01 01:00:00,2416.042971966459
2022-03-01 02:00:00,2503.9371767826183
2022-03-01 03:00:00,2906.9916345356987
2022-03-01 04:00:00,3117.6032890843694
2022-03-01 05:00:00,3451.5760723548738
2022-03-01 06:00:00,3502.633973212368
2022-03-01 07:00:00,3426.251851718644
2022-03-01 08:00:00,3767.9286628482455
2022-03-01 09:00:00,3899.627221686975
2022-03-01 10:00:00,3664.344326428439
2022-03-01 11:00:00,3761.9736236377807
2022-03-01 12:00:00,3615.96689561274
2022-03-01 13:00:00,3423.410340210979
2022-03-01 14:00:00,3635.916819408836
2022-03-01 15:00:00,3729.094430779135
2022-03-01 16:00:00,3932.5680894971465
2022-03-01 17:00:00,3791.278587988143
2022-03-01 18:00:00,3829.584277832721
2022-03-01 19:00:00,3811.8680780088703
2022-03-01 20:00:00,3739.6818909866806
2022-03-01 21:00:00,3488.442897334198
2022-03-01 22:00:00,3455.1478162888757
2022-03-01 23:00:00,3142.447961450816
2022-03-02 00:00:00,2103.962360528229
2022-03-02 01:00:00,2433.434176786915
2022-03-02 02:00:00,2547.0261844431448
2022-03-02 03:00:00,2613.174378129123
2022-03-02 04:00:00,3023.6457889391454
2022-03-02 05:00:00,3249.8258375415603
2022-03-02 06:00:00,3703.261457986463
2022-03-02 07:00:00,3805.6355712961495
2022-03-02 08:00:00,3564.256589511808
2022-03-02 09:00:00,3771.7975169710894
2022-03-02 10:00:00,3526.6638597174156
2022-03-02 11:00:00,3560.258614501154
2022-03-02 12:00:00,3205.22172738909
2022-03-02 13:00:00,3575.9793630269
2022-03-02 14:00:00,3427.031560168279
2022-03-02 15:00:00,3607.404347422229
2022-03-02 16:00:00,3759.3221119498544
2022-03-02 17:00:00,4048.021553570225
2022-03-02 18:00:00,3869.243973560839
2022-03-02 19:00:00,3800.068334078987
2022-03-02 20:00:00,3445.303708257115
2022-03-02 21:00:00,3759.1726453723804
2022-03-02 22:00:00,3468.6576796063246
2022-03-02 23:00:00,3009.8168406766877
2022-03-03 00:00:00,2241.763086587959
2022-03-03 01:00:00,2534.656560861332
2022-03-03 02:00:00,2536.95624121527
2022-03-03 03:00:00,2679.3593934508517
2022-03-03 04:00:00,3129.421087157616
2022-03-03 05:00:00,3639.6278664849133
2022-03-03 06:00:00,3616.3782115879153
2022-03-03 07:00:00,4139.873253278825
2022-03-03 08:00:00,3989.1167764814186
2022-03-03 09:00:00,3445.3882735539955
2022-03-03 10:00:00,3926.403778545194
2022-03-03 11:00:00,3813.466372380507
2022-03-03 12:00:00,3472.4064861154857
2022-03-03 13:00:00,3723.8310884696707
2022-03-03 14:00:00,3666.8347461436456
2022-03-03 15:00:00,3614.458235224362
2022-03-03 16:00:00,3859.393921806694
2022-03-03 17:00:00,3773.5321199993887
2022-03-03 18:00:00,3822.37499164384
2022-03-03 19:00:00,3815.5579119800814
2022-03-03 20:00:00,3833.9789155479457
2022-03-03 21:00:00,3498.2027842702983
2022-03-03 22:00:00,3632.882678537103
2022-03-03 23:00:00,3266.200166352789
2022-03-04 00:00:00,2380.6317313591894
2022-03-04 01:00:00,2415.5955411070254
2022-03-04 02:00:00,2555.6950866449156
2022-03-04 03:00:00,2658.1158244574044
2022-03-04 04:00:00,2978.6872321191936
2022-03-04 05:00:00,3250.184983448068
2022-03-04 06:00:00,3481.960894931318
2022-03-04 07:00:00,3688.569713951154
2022-03-04 08:00:00,4108.663257666877
2022-03-04 09:00:00,4016.4705991165292
2022-03-04 10:00:00,4089.5674498533754
2022-03-04 11:00:00,3805.0838098500176
2022-03-04 12:00:00,3711.1952182699188
2022-03-04 13:00:00,3554.7190517522686
2022-03-04 14:00:00,3231.4693258955663
2022-03-04 15:00:00,3821.640066195819
2022-03-04 16:00:00,3593.550381231178
2022-03-04 17:00:00,3788.6284644276475
2022-03-04 18:00:00,3625.059282107857
2022-03-04 19:00:00,3991.7073914032176
2022-03-04 20:00:00,3808.937398717556
2022-03-04 21:00:00,3602.409728226923
2022-03-04 22:00:00,3328.165327983591
2022-03-04 23:00:00,3064.6447193048853
2022-03-05 00:00:00,2101.519098754171
2022-03-05 01:00:00,2093.900721839982
2022-03-05 02:00:00,2222.481900357126
2022-03-05 03:00:00,2123.6130035657225
2022-03-05 04:00:00,2624.3745290492634
2022-03-05 05:00:00,2703.221692430825
2022-03-05 06:00:00,3057.294205899937
2022-03-05 07:00:00,3380.935790621609
2022-03-05 08:00:00,3543.8812418016173
2022-03-05 09:00:00,3226.7457834376523
2022-03-05 10:00:00,3333.6335207360053
2022-03-05 11:00:00,3164.8054775989094
2022-03-05 12:00:00,2862.768251338979
2022-03-05 13:00:00,3120.243482684841
2022-03-05 14:00:00,2843.009353869431
2022-03-05 15:00:00,3040.8004716699984
2022-03-05 16:00:00,3107.5859100052753
2022-03-05 17:00:00,3539.826549226394
2022-03-05 18:00:00,3409.3684798714908
2022-03-05 19:00:00,3301.2281986731123
2022-03-05 20:00:00,3130.4152584977855
2022-03-05 21:00:00,3055.940278577733
2022-03-05 22:00:00,2957.009114045818
2022-03-05 23:00:00,2495.860350320706
2022-03-06 00:00:00,1898.2404785561546
2022-03-06 01:00:00,1839.8519258428505
2022-03-06 02:00:00,1880.946963081921
2022-03-06 03:00:00,1978.4570121664476
2022-03-06 04:00:00,2006.6240262973424
2022-03-06 05:00:00,2473.127360783637
2022-03-06 06:00:00,2750.1370030062035
2022-03-06 07:00:00,2984.802316963883
2022-03-06 08:00:00,3130.1391898138395
2022-03-06 09:00:00,2909.6667530051627
2022-03-06 10:00:00,2632.130718926763
2022-03-06 11:00:00,2776.4156989660605
2022-03-06 12:00:00,2711.9365145545466
2022-03-06 13:00:00,2738.721998589898
2022-03-06 14:00:00,2608.680056622915
2022-03-06 15:00:00,2476.2109356164087
2022-03-06 16:00:00,2669.048175132328
2022-03-06 17:00:00,2754.685478053093
2022-03-06 18:00:00,3128.8477510243615
2022-03-06 19:00:00,2746.7072413850105
2022-03-06 20:00:00,2729.010181764269
2022-03-06 21:00:00,2771.3586169083455
2022-03-06 22:00:00,2218.53788591045
2022-03-06 23:00:00,2345.293244315624
2022-03-07 00:00:00,2264.8026581964264
2022-03-07 01:00:00,2557.6608530696126
2022-03-07 02:00:00,2754.785179006984
2022-03-07 03:00:00,2648.511001306953
2022-03-07 04:00:00,2838.846190390141
2022-03-07 05:00:00,3293.5975988473338
2022-03-07 06:00:00,3713.4291468935794
2022-03-07 07:00:00,4393.688158122955
2022-03-07 08:00:00,3977.712292481893
2022-03-07 09:00:00,3478.6557602488565
2022-03-07 10:00:00,3757.0867192955734
2022-03-07 11:00:00,3551.902721593821
2022-03-07 12:00:00,3468.496347377636
2022-03-07 13:00:00,3476.86662519593
2022-03-07 14:00:00,3400.3983732644
2022-03-07 15:00:00,4053.68785462119
2022-03-07 16:00:00,3702.865539264839
2022-03-07 17:00:00,3991.577331346416
2022-03-07 18:00:00,3905.5537264603963
2022-03-07 19:00:00,3807.476942459414
2022-03-07 20:00:00,4008.086265422806
2022-03-07 21:00:00,3474.683166765047
2022-03-07 22:00:00,3454.702600538359
2022-03-07 23:00:00,2755.4742585200447
2022-03-08 00:00:00,2572.28082070378
2022-03-08 01:00:00,2703.763522349547
2022-03-08 02:00:00,2510.831271005725
2022-03-08 03:00:00,2456.7007948924565
2022-03-08 04:00:00,2809.198388436549
2022-03-08 05:00:00,3165.8982179212126
2022-03-08 06:00:00,3620.9175216791527
2022-03-08 07:00:00,3891.9756093334945
2022-03-08 08:00:00,3933.4072084469676
2022-03-08 09:00:00,4274.4212467178495
2022-03-08 10:00:00,3459.7312070704343
2022-03-08 11:00:00,3440.6802912014555
2022-03-08 12:00:00,3400.929903335665
2022-03-08 13:00:00,3398.94312756013
2022-03-08 14:00:00,3484.2087497090965
2022-03-08 15:00:00,3569.455983995073
2022-03-08 16:00:00,3746.764838166852
2022-03-08 17:00:00,3751.139167225389
2022-03-08 18:00:00,3737.1080760416344
2022-03-08 19:00:00,4246.4027512045795
2022-03-08 20:00:00,3544.1547819436355
2022-03-08 21:00:00,3415.337450075177
2022-03-08 22:00:00,3544.9312216698977
2022-03-08 23:00:00,3022.794121407551
2022-03-09 00:00:00,2345.7878143199227
2022-03-09 01:00:00,2380.902868614801
2022-03-09 02:00:00,2691.761650534288
2022-03-09 03:00:00,2622.360700622205
2022-03-09 04:00:00,2761.2667260144244
2022-03-09 05:00:00,3374.8303361611415
2022-03-09 06:00:00,3542.475894871016
2022-03-09 07:00:00,3917.0238964134346
2022-03-09 08:00:00,4198.60740299194
2022-03-09 09:00:00,3907.3648629927743
2022-03-09 10:00:00,3538.081859568134
2022-03-09 11:00:00,3508.833141197544
2022-03-09 12:00:00,3454.2470545518
2022-03-09 13:00:00,3381.095025811899
2022-03-09 14:00:00,3640.7901640516407
2022-03-09 15:00:00,3325.0806725011703
2022-03-09 16:00:00,3554.516207074237
2022-03-09 17:00:00,3693.6314996557953
2022-03-09 18:00:00,3627.1682393576057
2022-03-09 19:00:00,3966.54839442612
2022-03-09 20:00:00,3771.709149827952
2022-03-09 21:00:00,3797.548023889948
2022-03-09 22:00:00,3174.842324482931
2022-03-09 23:00:00,2924.6287663554667
2022-03-10 00:00:00,2249.3421517656857
2022-03-10 01:00:00,2564.295666062433
2022-03-10 02:00:00,2672.17166259072
2022-03-10 03:00:00,2640.4335172759475
2022-03-10 04:00:00,3110.7899303163244
2022-03-10 05:00:00,3124.9866178415714
2022-03-10 06:00:00,3658.1124687839556
2022-03-10 07:00:00,3891.1879210090583
2022-03-10 08:00:00,4344.013556384531
2022-03-10 09:00:00,3850.5422900657227
2022-03-10 10:00:00,3900.4789412172313
2022-03-10 11:00:00,3591.1716021778666
2022-03-10 12:00:00,3355.214121956899
2022-03-10 13:00:00,3326.6632046545265
2022-03-10 14:00:00,3391.529000115949
2022-03-10 15:00:00,3734.182380880395
2022-03-10 16:00:00,3379.280653927645
2022-03-10 17:00:00,3897.6796924071696
2022-03-10 18:00:00,3561.880629178988
2022-03-10 19:00:00,3774.215625439125
2022-03-10 20:00:00,3580.725326057219
2022-03-10 21:00:00,3312.771980845872
2022-03-10 22:00:00,3160.813723319828
2022-03-10 23:00:00,2828.8388271483273
2022-03-11 00:00:00,2317.1097675361652
2022-03-11 01:00:00,2485.306978237132
2022-03-11 02:00:00,2366.5904644952507
2022-03-11 03:00:00,2669.702548702185
2022-03-11 04:00:00,2857.135379921839
2022-03-11 05:00:00,2949.3329404500305
2022-03-11 06:00:00,3302.0962611021346
2022-03-11 07:00:00,3758.0093856729795
2022-03-11 08:00:00,3704.8603754529436
2022-03-11 09:00:00,3618.1756863056635
2022-03-11 10:00:00,3594.5131150940865
2022-03-11 11:00:00,3600.3684024723357
2022-03-11 12:00:00,3414.602800993012
2022-03-11 13:00:00,3493.10144742657
2022-03-11 14:00:00,3123.047658270468
2022-03-11 15:00:00,3661.237349507523
2022-03-11 16:00:00,3707.756606952292
2022-03-11 17:00:00,3960.619754811958
2022-03-11 18:00:00,3688.753395173881
2022-03-11 19:00:00,3708.9208873700877
2022-03-11 20:00:00,3744.3073027344894
2022-03-11 21:00:00,3529.8824415196714
2022-03-11 22:00:00,3546.429087113264
2022-03-11 23:00:00,3005.456502722708
2022-03-12 00:00:00,1861.1052618220424
2022-03-12 01:00:00,2027.9851982022801
2022-03-12 02:00:00,2103.731731425047
2022-03-12 03:00:00,2329.761733922626
2022-03-12 04:00:00,2686.6167284509916
2022-03-12 05:00:00,2643.811946417539
2022-03-12 06:00:00,3050.2865767480703
2022-03-12 07:00:00,3293.958574281277
2022-03-12 08:00:00,3490.4089634226425
2022-03-12 09:00:00,3067.195871473123
2022-03-12 10:00:00,3072.954588276942
2022-03-12 11:00:00,2924.2774901128782
2022-03-12 12:00:00,3013.343258157433
2022-03-12 13:00:00,3098.9359357478465
2022-03-12 14:00:00,2917.8238022092996
2022-03-12 15:00:00,3070.923029385458
2022-03-12 16:00:00,3273.4709155103064
2022-03-12 17:00:00,3380.274721722078
2022-03-12 18:00:00,3145.900558685598
2022-03-12 19:00:00,3119.6404814479474
2022-03-12 20:00:00,3054.1335141894306
2022-03-12 21:00:00,3124.769852950971
2022-03-12 22:00:00,3009.247997454241
2022-03-12 23:00:00,2771.628527570182
2022-03-13 00:00:00,1826.5361951485986
2022-03-13 01:00:00,1774.3657090415759
2022-03-13 02:00:00,2013.872094462348
2022-03-13 03:00:00,2011.8200245046392
2022-03-13 04:00:00,2156.318558094498
2022-03-13 05:00:00,2210.786136975727
2022-03-13 06:00:00,2590.955158813764
2022-03-13 07:00:00,2910.5491310280527
2022-03-13 08:00:00,3063.6613565811535
2022-03-13 09:00:00,2809.6005253846015
2022-03-13 10:00:00,2892.4480026719675
2022-03-13 11:00:00,2564.6443315712872
2022-03-13 12:00:00,2498.5450939764087
2022-03-13 13:00:00,2769.9369633140054
2022-03-13 14:00:00,2442.249898790066
2022-03-13 15:00:00,2913.866058985713
2022-03-13 16:00:00,2694.3706834492855
2022-03-13 17:00:00,2986.3865091844177
2022-03-13 18:00:00,2894.5349580776815
2022-03-13 19:00:00,3210.006079638705
2022-03-13 20:00:00,2959.529397998702
2022-03-13 21:00:00,2664.6525574231373
2022-03-13 22:00:00,2503.7190274271916
2022-03-13 23:00:00,2267.1390454909942
2022-03-14 00:00:00,2330.366975061567
2022-03-14 01:00:00,2400.6098018667844
2022-03-14 02:00:00,2573.6430346312204
2022-03-14 03:00:00,2605.8982566586465
2022-03-14 04:00:00,3021.463087706752
2022-03-14 05:00:00,3189.5565565681113
2022-03-14 06:00:00,3601.6427251581454
2022-03-14 07:00:00,3866.209207295127
2022-03-14 08:00:00,3938.1414305795965
2022-03-14 09:00:00,3886.3558807956024
2022-03-14 10:00:00,3603.4163547054723
2022-03-14 11:00:00,3734.5508787668095
2022-03-14 12:00:00,2996.5492326886297
2022-03-14 13:00:00,3149.331649093479
2022-03-14 14:00:00,3102.0602818955463
2022-03-14 15:00:00,3754.98987296811
2022-03-14 16:00:00,3743.9115885724723
2022-03-14 17:00:00,3841.8623315430586
2022-03-14 18:00:00,3913.0598283856552
2022-03-14 19:00:00,3779.826704458359
2022-03-14 20:00:00,3906.7242321375948
2022-03-14 21:00:00,3456.4745370867577
2022-03-14 22:00:00,3359.1280875923912
2022-03-14 23:00:00,2811.666826856826
2022-03-15 00:00:00,2380.955111412404
2022-03-15 01:00:00,2210.2530839329565
2022-03-15 02:00:00,2466.988589715535
2022-03-15 03:00:00,2588.5384233619693
2022-03-15 04:00:00,3008.1772577449583
2022-03-15 05:00:00,3366.4569045957282
2022-03-15 06:00:00,3592.288608808962
2022-03-15 07:00:00,3518.4370816928267
2022-03-15 08:00:00,3819.6881855494016
2022-03-15 09:00:00,3582.0456983124695
2022-03-15 10:00:00,3657.74687124631
2022-03-15 11:00:00,3561.1173966779506
2022-03-15 12:00:00,3584.890459481118
2022-03-15 13:00:00,3230.2784190437515
2022-03-15 14:00:00,3458.643561551348
2022-03-15 15:00:00,3734.773734169899
2022-03-15 16:00:00,3798.0754828731897
2022-03-15 17:00:00,3591.329461086537
2022-03-15 18:00:00,4174.153684912604
2022-03-15 19:00:00,3674.266462304305
2022-03-15 20:00:00,3591.639319765694
2022-03-15 21:00:00,3872.930128493945
2022-03-15 22:00:00,3154.300880529583
2022-03-15 23:00:00,2991.193401869732
2022-03-16 00:00:00,2366.3738209476187
2022-03-16 01:00:00,2439.15537003174
2022-03-16 02:00:00,2434.3010707674966
2022-03-16 03:00:00,2475.1074323172866
2022-03-16 04:00:00,3102.1375676588027
2022-03-16 05:00:00,3178.377533940225
2022-03-16 06:00:00,3681.389714002831
2022-03-16 07:00:00,3860.1898637854065
2022-03-16 08:00:00,4140.965243382702
2022-03-16 09:00:00,3832.8299039222634
2022-03-16 10:00:00,3674.5186984294364
2022-03-16 11:00:00,3647.1723849457876
2022-03-16 12:00:00,3558.4493838044323
2022-03-16 13:00:00,3378.3049844448633
2022-03-16 14:00:00,3417.614774571705
2022-03-16 15:00:00,3608.7333658370526
2022-03-16 16:00:00,3590.928414561868
2022-03-16 17:00:00,3923.0943882128345
2022-03-16 18:00:00,3851.6943149885933
2022-03-16 19:00:00,3713.1850730096276
2022-03-16 20:00:00,3621.593666791684
2022-03-16 21:00:00,3793.713375482307
2022-03-16 22:00:00,3149.8836737887473
2022-03-16 23:00:00,3057.5950274383904
2022-03-17 00:00:00,2410.4901729007047
2022-03-17 01:00:00,2285.5084676334704
2022-03-17 02:00:00,2239.6534285257617
2022-03-17 03:00:00,2485.9231654360665
2022-03-17 04:00:00,3201.5668607313182
2022-03-17 05:00:00,3226.654967573985
2022-03-17 06:00:00,3530.0820299288894
2022-03-17 07:00:00,3641.6038901872203
2022-03-17 08:00:00,4074.2333135061986
2022-03-17 09:00:00,3821.094327468441
2022-03-17 10:00:00,3838.3277790692723
2022-03-17 11:00:00,3295.177942836228
2022-03-17 12:00:00,3400.9052876212145
2022-03-17 13:00:00,3269.15441786468
2022-03-17 14:00:00,3502.534651236962
2022-03-17 15:00:00,3223.2017003342244
2022-03-17 16:00:00,3744.6590375521923
2022-03-17 17:00:00,3832.9656068102795
2022-03-17 18:00:00,3693.711341721301
2022-03-17 19:00:00,3684.7121328458256
2022-03-17 20:00:00,3597.301685577084
2022-03-17 21:00:00,3569.535295864095
2022-03-17 22:00:00,3435.920122620979
2022-03-17 23:00:00,2972.870899723921
2022-03-18 00:00:00,2229.2004980401625
2022-03-18 01:00:00,2618.6362415381864
2022-03-18 02:00:00,2624.0785681924717
2022-03-18 03:00:00,2552.1466860828177
2022-03-18 04:00:00,2833.1331977511713
2022-03-18 05:00:00,3136.564690322007
2022-03-18 06:00:00,3418.771231905602
2022-03-18 07:00:00,3305.490983752238
2022-03-18 08:00:00,3635.7610775254693
2022-03-18 09:00:00,3625.718638943443
2022-03-18 10:00:00,3816.170682348664
2022-03-18 11:00:00,3224.39169343316
2022-03-18 12:00:00,3129.6608630083133
2022-03-18 13:00:00,3350.98035870321
2022-03-18 14:00:00,3097.340928823244
2022-03-18 15:00:00,3503.5546628251077
2022-03-18 16:00:00,3442.79535696555
2022-03-18 17:00:00,3780.9704718885037
2022-03-18 18:00:00,4153.177203149609
2022-03-18 19:00:00,3822.6265349204436
2022-03-18 20:00:00,3971.2456523855035
2022-03-18 21:00:00,3423.016072040944
2022-03-18 22:00:00,3242.4164554315985
2022-03-18 23:00:00,2649.08140665865
2022-03-19 00:00:00,2037.9239632152241
2022-03-19 01:00:00,2113.9664668354235
2022-03-19 02:00:00,2292.464502870931
2022-03-19 03:00:00,2441.669157504623
2022-03-19 04:00:00,2603.5330206760727
2022-03-19 05:00:00,2704.966827687694
2022-03-19 06:00:00,2950.421261070096
2022-03-19 07:00:00,3395.740787605371
2022-03-19 08:00:00,3273.901623257969
2022-03-19 09:00:00,3303.995275513281
2022-03-19 10:00:00,3198.6795112797686
2022-03-19 11:00:00,3173.5235432611585
2022-03-19 12:00:00,2811.967809424119
2022-03-19 13:00:00,3038.7255289984932
2022-03-19 14:00:00,2972.056705017987
2022-03-19 15:00:00,3108.306106805459
2022-03-19 16:00:00,3251.3188573452626
2022-03-19 17:00:00,3250.8123154128943
2022-03-19 18:00:00,3050.3977874991274
2022-03-19 19:00:00,3306.456392074606
2022-03-19 20:00:00,3234.8152837444527
2022-03-19 21:00:00,2956.795142138774
2022-03-19 22:00:00,2857.4028594686815
2022-03-19 23:00:00,2573.4802645368327
2022-03-20 00:00:00,1652.3061847824945
2022-03-20 01:00:00,1809.7324748494825
2022-03-20 02:00:00,1913.6565866445535
2022-03-20 03:00:00,2124.884880819689
2022-03-20 04:00:00,2325.6757255029297
2022-03-20 05:00:00,2396.310389239643
2022-03-20 06:00:00,2725.4163241760734
2022-03-20 07:00:00,2768.135964535171
2022-03-20 08:00:00,2982.0981987941923
2022-03-20 09:00:00,3097.971196717864
2022-03-20 10:00:00,2515.8345062632957
2022-03-20 11:00:00,2730.3687270183987
2022-03-20 12:00:00,2237.4665808165746
2022-03-20 13:00:00,2436.908716939753
2022-03-20 14:00:00,2638.439169149551
2022-03-20 15:00:00,2443.011074799175
2022-03-20 16:00:00,2971.248750452919
2022-03-20 17:00:00,2998.9374263356685
2022-03-20 18:00:00,2702.7734982528273
2022-03-20 19:00:00,3103.94063440556
2022-03-20 20:00:00,2537.9153458002847
2022-03-20 21:00:00,2473.8453000066716
2022-03-20 22:00:00,2354.6513177115007
2022-03-20 23:00:00,2292.3049960845324
2022-03-21 00:00:00,2256.7893997549786
2022-03-21 01:00:00,2384.763161732568
2022-03-21 02:00:00,2485.280939411822
2022-03-21 03:00:00,2564.907452304952
2022-03-21 04:00:00,2656.2860546020815
2022-03-21 05:00:00,3059.242157392397
2022-03-21 06:00:00,3398.1530057556633
2022-03-21 07:00:00,3819.9848967972966
2022-03-21 08:00:00,3657.2193303591257
2022-03-21 09:00:00,3887.0951016267436
2022-03-21 10:00:00,3537.894885282416
2022-03-21 11:00:00,3534.533510831354
2022-03-21 12:00:00,3406.5974037883457
2022-03-21 13:00:00,3256.0254483919066
2022-03-21 14:00:00,3391.1961179816703
2022-03-21 15:00:00,3432.144958820639
2022-03-21 16:00:00,3260.3389139689216
2022-03-21 17:00:00,3914.972562833968
2022-03-21 18:00:00,3973.013907277137
2022-03-21 19:00:00,3845.748847189535
2022-03-21 20:00:00,3374.3229366199694
2022-03-21 21:00:00,3416.083738498643
2022-03-21 22:00:00,3185.3410671759657
2022-03-21 23:00:00,2716.8369612698393
2022-03-22 00:00:00,2135.184629777172
2022-03-22 01:00:00,2146.8388326173795
2022-03-22 02:00:00,2427.6386287414402
2022-03-22 03:00:00,2451.8548769023137
2022-03-22 04:00:00,2651.7466370102666
2022-03-22 05:00:00,3168.629991620314
2022-03-22 06:00:00,3284.149189590971
2022-03-22 07:00:00,3926.7684258948902
2022-03-22 08:00:00,3750.9708010634854
2022-03-22 09:00:00,4024.332538299508
2022-03-22 10:00:00,3545.64846659657
2022-03-22 11:00:00,3330.1207259459866
2022-03-22 12:00:00,3219.860251713498
2022-03-22 13:00:00,3560.466052209559
2022-03-22 14:00:00,3437.1946859677537
2022-03-22 15:00:00,3422.6201773142034
2022-03-22 16:00:00,3754.777025015524
2022-03-22 17:00:00,4055.636927416599
2022-03-22 18:00:00,3830.254752317942
2022-03-22 19:00:00,3659.790010819369
2022-03-22 20:00:00,3512.18531089353
2022-03-22 21:00:00,3455.2378808383723
2022-03-22 22:00:00,3157.5713489213817
2022-03-22 23:00:00,3089.394337060734
2022-03-23 00:00:00,2369.699649942079
2022-03-23 01:00:00,2496.0789711099173
2022-03-23 02:00:00,2476.9667933907094
2022-03-23 03:00:00,2632.1695917417264
2022-03-23 04:00:00,2775.0710680135676
2022-03-23 05:00:00,3206.9336653816945
2022-03-23 06:00:00,3630.834770372572
2022-03-23 07:00:00,3774.93085824139
2022-03-23 08:00:00,3460.254993582452
2022-03-23 09:00:00,4273.395943724063
2022-03-23 10:00:00,3454.164221635097
2022-03-23 11:00:00,3899.664121846791
2022-03-23 12:00:00,3163.2169648696936
2022-03-23 13:00:00,3068.0833039765994
2022-03-23 14:00:00,3393.005633528952
2022-03-23 15:00:00,3605.383589333509
2022-03-23 16:00:00,3741.9171672047414
2022-03-23 17:00:00,3709.686342572443
2022-03-23 18:00:00,3491.8960211411554
2022-03-23 19:00:00,3881.0219249650477
2022-03-23 20:00:00,3509.3269640371686
2022-03-23 21:00:00,3440.629665738413
2022-03-23 22:00:00,3249.6872857090702
2022-03-23 23:00:00,2901.8214498364214
2022-03-24 00:00:00,2211.9924052954316
2022-03-24 01:00:00,2439.3164930891576
2022-03-24 02:00:00,2274.5830507829605
2022-03-24 03:00:00,2767.8123369780715
2022-03-24 04:00:00,2970.650262377153
2022-03-24 05:00:00,3158.3003134396045
2022-03-24 06:00:00,3262.575869312715
2022-03-24 07:00:00,3700.0976096057334
2022-03-24 08:00:00,3920.0594423592647
2022-03-24 09:00:00,3578.6590561776316
2022-03-24 10:00:00,3806.7284531776027
2022-03-24 11:00:00,3568.9021858416518
2022-03-24 12:00:00,3477.220766796002
2022-03-24 13:00:00,3429.0190228199194
2022-03-24 14:00:00,3535.5167763105374
2022-03-24 15:00:00,3675.7771002710524
2022-03-24 16:00:00,3578.2533039009677
2022-03-24 17:00:00,3290.3900140730775
2022-03-24 18:00:00,3844.603958675844
2022-03-24 19:00:00,3399.0651159420995
2022-03-24 20:00:00,3457.0451904357433
2022-03-24 21:00:00,3709.12165015127
2022-03-24 22:00:00,3091.2233067286884
2022-03-24 23:00:00,3008.9866812387622
2022-03-25 00:00:00,2470.6870771930526
2022-03-25 01:00:00,2642.000952935882
2022-03-25 02:00:00,2407.024039724563
2022-03-25 03:00:00,2657.8464922818134
2022-03-25 04:00:00,2683.580229283563
2022-03-25 05:00:00,3231.546666370163
2022-03-25 06:00:00,3310.322383792179
2022-03-25 07:00:00,3701.508338569751
2022-03-25 08:00:00,3750.5488468786903
2022-03-25 09:00:00,3464.867510816753
2022-03-25 10:00:00,3736.3495153898934
2022-03-25 11:00:00,3664.68369115675
2022-03-25 12:00:00,3414.192357569133
2022-03-25 13:00:00,3193.192659297722
2022-03-25 14:00:00,3492.675585812154
2022-03-25 15:00:00,3398.554365598455
2022-03-25 16:00:00,3622.9554966079554
2022-03-25 17:00:00,3662.5914525071116
2022-03-25 18:00:00,3758.5283566834823
2022-03-25 19:00:00,3742.5899856494257
2022-03-25 20:00:00,3659.2298524935304
2022-03-25 21:00:00,3232.6851246260608
2022-03-25 22:00:00,3142.905733592899
2022-03-25 23:00:00,2689.7072277915263
2022-03-26 00:00:00,1794.768372496924
2022-03-26 01:00:00,1766.8433282298583
2022-03-26 02:00:00,2176.0026695030424
2022-03-26 03:00:00,2187.687343047215
2022-03-26 04:00:00,2380.2379897530136
2022-03-26 05:00:00,2893.8907812900557
2022-03-26 06:00:00,3010.161442859096
2022-03-26 07:00:00,3212.7308109729956
2022-03-26 08:00:00,3236.024951952974
2022-03-26 09:00:00,2971.538227325714
2022-03-26 10:00:00,3324.803348530694
2022-03-26 11:00:00,2863.8274804698917
2022-03-26 12:00:00,2924.3756453208844
2022-03-26 13:00:00,2674.240419942332
2022-03-26 14:00:00,2658.145083140336
2022-03-26 15:00:00,2817.5836932124994
2022-03-26 16:00:00,3280.81621167425
2022-03-26 17:00:00,3145.004467459463
2022-03-26 18:00:00,3143.477853210997
2022-03-26 19:00:00,3128.78583133009
2022-03-26 20:00:00,3312.7819545697034
2022-03-26 21:00:00,2654.4604287043003
2022-03-26 22:00:00,2720.74493120198
2022-03-26 23:00:00,2359.0777713040093
2022-03-27 00:00:00,1692.7324482220745
2022-03-27 01:00:00,1766.7041133588846
2022-03-27 02:00:00,1759.3445943559423
2022-03-27 03:00:00,1853.7173882469199
2022-03-27 04:00:00,2131.3563316823665
2022-03-27 05:00:00,2447.4578070273064
2022-03-27 06:00:00,2726.1981584538944
2022-03-27 07:00:00,3000.623832556926
2022-03-27 08:00:00,3147.2293138056602
2022-03-27 09:00:00,2746.722289230488
2022-03-27 10:00:00,2511.1552681483918
2022-03-27 11:00:00,2686.0630533653393
2022-03-27 12:00:00,2441.2155387915227
2022-03-27 13:00:00,2583.011367414764
2022-03-27 14:00:00,2542.811912009728
2022-03-27 15:00:00,2722.2129350878404
2022-03-27 16:00:00,2694.2832232178953
2022-03-27 17:00:00,2790.02366580435
2022-03-27 18:00:00,2572.630398122247
2022-03-27 19:00:00,2839.1768391397677
2022-03-27 20:00:00,2484.80720773649
2022-03-27 21:00:00,2577.3306414753165
2022-03-27 22:00:00,2529.0561726404135
2022-03-27 23:00:00,2240.9785410102386
2022-03-28 00:00:00,2330.743627016808
2022-03-28 01:00:00,2271.5659305242616
2022-03-28 02:00:00,2603.3038846674654
2022-03-28 03:00:00,2609.942381620648
2022-03-28 04:00:00,2667.0213377478008
2022-03-28 05:00:00,3144.708684740282
2022-03-28 06:00:00,3462.6671373650406
2022-03-28 07:00:00,3532.441769828396
2022-03-28 08:00:00,3711.394467277435
2022-03-28 09:00:00,3737.1223558930105
2022-03-28 10:00:00,3201.9960650181265
2022-03-28 11:00:00,3613.263638421174
2022-03-28 12:00:00,3470.7957801050716
2022-03-28 13:00:00,3346.1934031637306
2022-03-28 14:00:00,3466.376231210226
2022-03-28 15:00:00,3219.5308725722307
2022-03-28 16:00:00,3282.4684956048127
2022-03-28 17:00:00,3886.3976454018675
2022-03-28 18:00:00,3916.000917345732
2022-03-28 19:00:00,3861.1069324076266
2022-03-28 20:00:00,3714.255436673689
2022-03-28 21:00:00,3134.3414083906414
2022-03-28 22:00:00,3190.298279460373
2022-03-28 23:00:00,2837.4853725793787
2022-03-29 00:00:00,1874.9868909960592
2022-03-29 01:00:00,2195.403913946486
2022-03-29 02:00:00,2331.296169696586
2022-03-29 03:00:00,2554.9155987650684
2022-03-29 04:00:00,3029.383757942773
2022-03-29 05:00:00,2940.965222739263
2022-03-29 06:00:00,3541.0862540237094
2022-03-29 07:00:00,3581.696627676986
2022-03-29 08:00:00,3677.5503438505066
2022-03-29 09:00:00,3671.8255975564684
2022-03-29 10:00:00,3868.7849252304923
2022-03-29 11:00:00,3421.8808374753735
2022-03-29 12:00:00,3555.1278149254704
2022-03-29 13:00:00,2996.858531349733
2022-03-29 14:00:00,3352.295055624883
2022-03-29 15:00:00,3624.63947815201
2022-03-29 16:00:00,3758.295961809298
2022-03-29 17:00:00,3436.7530092282122
2022-03-29 18:00:00,3436.090735225669
2022-03-29 19:00:00,3758.368111390656
2022-03-29 20:00:00,3716.0213177968258
2022-03-29 21:00:00,3158.881035327272
2022-03-29 22:00:00,3056.337067781236
2022-03-29 23:00:00,2784.3884563845936
2022-03-30 00:00:00,2264.749316044328
2022-03-30 01:00:00,2459.440189941571
2022-03-30 02:00:00,2586.9151112234217
2022-03-30 03:00:00,2608.539926257597
2022-03-30 04:00:00,2861.0069548659917
2022-03-30 05:00:00,2827.938692063898
2022-03-30 06:00:00,3251.7837602567224
2022-03-30 07:00:00,3578.0422580400264
2022-03-30 08:00:00,3624.930353568326
2022-03-30 09:00:00,3899.4643349542866
2022-03-30 10:00:00,3764.4165182794686
2022-03-30 11:00:00,3144.629882340906
2022-03-30 12:00:00,3241.5890898606303
2022-03-30 13:00:00,3235.469155899364
2022-03-30 14:00:00,3049.298426148291
2022-03-30 15:00:00,3612.792864329143
2022-03-30 16:00:00,3412.6922465251164
2022-03-30 17:00:00,3732.0098353903813
2022-03-30 18:00:00,3784.4072407785457
2022-03-30 19:00:00,3495.7094536889213
2022-03-30 20:00:00,3286.413168242602
2022-03-30 21:00:00,3029.370599757288
2022-03-30 22:00:00,2946.573836266462
2022-03-30 23:00:00,2810.3331880324213
2022-03-31 00:00:00,2305.524110072161
2022-03-31 01:00:00,2124.6631181162456
2022-03-31 02:00:00,2429.1635870084656
2022-03-31 03:00:00,2574.4504235222053
2022-03-31 04:00:00,2728.6963540148895
2022-03-31 05:00:00,3225.275892326189
2022-03-31 06:00:00,3539.9145371806776
2022-03-31 07:00:00,3515.8404044878216
2022-03-31 08:00:00,3902.987163437031
2022-03-31 09:00:00,3538.863553207363
2022-03-31 10:00:00,3427.7222411124453
2022-03-31 11:00:00,3409.1744456331694
2022-03-31 12:00:00,3071.4862572310426
2022-03-31 13:00:00,3317.7905866328874
2022-03-31 14:00:00,3320.2269949544307
2022-03-31 15:00:00,3375.221286125655
2022-03-31 16:00:00,3553.079554232823
2022-03-31 17:00:00,3574.218209098797
2022-03-31 18:00:00,3814.794020403155
2022-03-31 19:00:00,3460.1767525374153
2022-03-31 20:00:00,3252.3308774619063
2022-03-31 21:00:00,3582.674836126601
2022-03-31 22:00:00,2815.8511287252923
2022-03-31 23:00:00,3083.418998983744
2022-04-01 00:00:00,1997.0544631338978
2022-04-01 01:00:00,2234.5375881324917
2022-04-01 02:00:00,2289.066309004749
2022-04-01 03:00:00,2388.655315428585
2022-04-01 04:00:00,2830.060437243954
2022-04-01 05:00:00,2934.4178560671485
2022-04-01 06:00:00,3608.128159340444
2022-04-01 07:00:00,3684.620348314665
2022-04-01 08:00:00,3418.7335781011197
2022-04-01 09:00:00,4150.103718086325
2022-04-01 10:00:00,3634.056908149996
2022-04-01 11:00:00,3547.3483957404997
2022-04-01 12:00:00,3292.7852060718697
2022-04-01 13:00:00,3263.8929393834783
2022-04-01 14:00:00,3434.975926102819
2022-04-01 15:00:00,3530.9006472416254
2022-04-01 16:00:00,3857.2988541083814
2022-04-01 17:00:00,3807.4452714663576
2022-04-01 18:00:00,3441.985961787943
2022-04-01 19:00:00,3646.7383304303494
2022-04-01 20:00:00,3518.6192857975307
2022-04-01 21:00:00,3192.9582763182093
2022-04-01 22:00:00,2918.6860934329093
2022-04-01 23:00:00,2676.791324804361
2022-04-02 00:00:00,1873.015062492641
2022-04-02 01:00:00,1759.051953455386
2022-04-02 02:00:00,2111.5863604119654
2022-04-02 03:00:00,2212.340368333511
2022-04-02 04:00:00,2420.85604750213
2022-04-02 05:00:00,2542.0877452975083
2022-04-02 06:00:00,2799.849769398193
2022-04-02 07:00:00,3314.0379829301028
2022-04-02 08:00:00,3213.670190128178
2022-04-02 09:00:00,3212.643689106245
2022-04-02 10:00:00,3007.296209501567
2022-04-02 11:00:00,2860.6908412619237
2022-04-02 12:00:00,2694.4989125713037
2022-04-02 13:00:00,3047.81588523535
2022-04-02 14:00:00,2851.224852473888
2022-04-02 15:00:00,2932.4413718246597
2022-04-02 16:00:00,3031.104849694653
2022-04-02 17:00:00,3181.655158346303
2022-04-02 18:00:00,2988.0128472066517
2022-04-02 19:00:00,2947.5613562808244
2022-04-02 20:00:00,2896.4038707873074
2022-04-02 21:00:00,2978.372390274963
2022-04-02 22:00:00,2368.7925577903793
2022-04-02 23:00:00,2283.119152072978
2022-04-03 00:00:00,1661.4684928446297
2022-04-03 01:00:00,1729.4025241659824
2022-04-03 02:00:00,1953.1690477216878
2022-04-03 03:00:00,1978.0895812353117
2022-04-03 04:00:00,2072.540003228524
2022-04-03 05:00:00,2388.2184406646224
2022-04-03 06:00:00,2699.368683129285
2022-04-03 07:00:00,2849.9736518168174
2022-04-03 08:00:00,2738.835393178024
2022-04-03 09:00:00,2691.678949186824
2022-04-03 10:00:00,2742.5039311881173
2022-04-03 11:00:00,2406.8421913968573
2022-04-03 12:00:00,2525.3033174553348
2022-04-03 13:00:00,2364.9406834830393
2022-04-03 14:00:00,2470.0817006274065
2022-04-03 15:00:00,2486.576844197558
2022-04-03 16:00:00,2732.600524726963
2022-04-03 17:00:00,3079.166506851145
2022-04-03 18:00:00,2840.5730781652896
2022-04-03 19:00:00,2745.62056536701
2022-04-03 20:00:00,2661.5855175432075
2022-04-03 21:00:00,2449.0500984680516
2022-04-03 22:00:00,2293.8159905862985
2022-04-03 23:00:00,2087.71284195935
2022-04-04 00:00:00,2161.8363812710227
2022-04-04 01:00:00,2047.7030043389186
2022-04-04 02:00:00,2307.37694491018
2022-04-04 03:00:00,2459.0531997540747
2022-04-04 04:00:00,2892.6224226427576
2022-04-04 05:00:00,3216.153472257263
2022-04-04 06:00:00,3240.3603100324044
2022-04-04 07:00:00,3288.8891697383883
2022-04-04 08:00:00,3777.0279486888426
2022-04-04 09:00:00,3657.4214007440123
2022-04-04 10:00:00,3375.9275558179897
2022-04-04 11:00:00,3145.329807499264
2022-04-04 12:00:00,3327.8684686824677
2022-04-04 13:00:00,3320.7712210962204
2022-04-04 14:00:00,3051.96014760953
2022-04-04 15:00:00,3288.0274295874615
2022-04-04 16:00:00,3573.091991172306
2022-04-04 17:00:00,3456.7924329403954
2022-04-04 18:00:00,3676.8485795008287
2022-04-04 19:00:00,3517.384909415072
2022-04-04 20:00:00,3379.1665978046667
2022-04-04 21:00:00,3091.179536247812
2022-04-04 22:00:00,3147.2934452774994
2022-04-04 23:00:00,2917.6489423407356
2022-04-05 00:00:00,2196.128012822284
2022-04-05 01:00:00,2328.358323890029
2022-04-05 02:00:00,2433.999310185452
2022-04-05 03:00:00,2309.521648444024
2022-04-05 04:00:00,2869.626502952625
2022-04-05 05:00:00,2718.8986634677817
2022-04-05 06:00:00,3561.3550325535434
2022-04-05 07:00:00,3279.101184141386
2022-04-05 08:00:00,3569.2947845569724
2022-04-05 09:00:00,3553.0294164414013
2022-04-05 10:00:00,3546.786047597921
2022-04-05 11:00:00,3388.8149484924634
2022-04-05 12:00:00,3129.6079907643875
2022-04-05 13:00:00,3001.5161653802866
2022-04-05 14:00:00,3184.0934891676325
2022-04-05 15:00:00,3408.699054272134
2022-04-05 16:00:00,2986.5137938626794
2022-04-05 17:00:00,3735.623703444759
2022-04-05 18:00:00,3449.4361257968826
2022-04-05 19:00:00,3478.6910570962814
2022-04-05 20:00:00,3272.1857057177263
2022-04-05 21:00:00,3397.2546716146653
2022-04-05 22:00:00,3262.3882542870065
2022-04-05 23:00:00,2704.253265908259
2022-04-06 00:00:00,2138.4841860516267
2022-04-06 01:00:00,2257.5015323216558
2022-04-06 02:00:00,2507.020032766015
2022-04-06 03:00:00,2381.8437732998054
2022-04-06 04:00:00,2794.909424765821
2022-04-06 05:00:00,2938.7593175892835
2022-04-06 06:00:00,3497.5726809656044
2022-04-06 07:00:00,3547.999283741602
2022-04-06 08:00:00,3193.043901021842
2022-04-06 09:00:00,3703.04658110895
2022-04-06 10:00:00,3666.208636313302
2022-04-06 11:00:00,3746.442947706842
2022-04-06 12:00:00,2962.4704791353643
2022-04-06 13:00:00,2976.9521292278737
2022-04-06 14:00:00,3021.049815220825
2022-04-06 15:00:00,3572.0957762120715
2022-04-06 16:00:00,3287.841402529392
2022-04-06 17:00:00,3681.3218804614316
2022-04-06 18:00:00,3377.7190297298257
2022-04-06 19:00:00,3775.7915408210124
2022-04-06 20:00:00,3308.337425885655
2022-04-06 21:00:00,2901.2733159533236
2022-04-06 22:00:00,2972.5011114602003
2022-04-06 23:00:00,3009.420050880018
2022-04-07 00:00:00,2280.641642125442
2022-04-07 01:00:00,2026.7443039903294
2022-04-07 02:00:00,2226.564842896216
2022-04-07 03:00:00,2687.9553682668766
2022-04-07 04:00:00,2666.7535897871767
2022-04-07 05:00:00,3123.8020025503038
2022-04-07 06:00:00,3300.664043640009
2022-04-07 07:00:00,3349.4052477781997
2022-04-07 08:00:00,3854.8301387975725
2022-04-07 09:00:00,3700.6825208047385
2022-04-07 10:00:00,3822.525805039424
2022-04-07 11:00:00,3308.975555343509
2022-04-07 12:00:00,2838.1392271831787
2022-04-07 13:00:00,3224.1744972119127
2022-04-07 14:00:00,3148.0536601358694
2022-04-07 15:00:00,3475.2195209350857
2022-04-07 16:00:00,3354.8724688170496
2022-04-07 17:00:00,3626.5085657353793
2022-04-07 18:00:00,3610.5152749143303
2022-04-07 19:00:00,3389.3267278972153
2022-04-07 20:00:00,3340.7929744994335
2022-04-07 21:00:00,3397.830398100589
2022-04-07 22:00:00,3130.124596879609
2022-04-07 23:00:00,2743.814189161408
2022-04-08 00:00:00,2112.7062923057833
2022-04-08 01:00:00,2357.317033298958
2022-04-08 02:00:00,2262.5106586027796
2022-04-08 03:00:00,2526.4942746752604
2022-04-08 04:00:00,2663.0329487949552
2022-04-08 05:00:00,2870.5591489412413
2022-04-08 06:00:00,2844.4324700323214
2022-04-08 07:00:00,3416.2904078217057
2022-04-08 08:00:00,3413.0534659292657
2022-04-08 09:00:00,3506.2000728987014
2022-04-08 10:00:00,3166.002375121046
2022-04-08 11:00:00,3097.947421089615
2022-04-08 12:00:00,3340.367048364275
2022-04-08 13:00:00,3292.9830262697874
2022-04-08 14:00:00,3121.496717471461
2022-04-08 15:00:00,3182.9337912689607
2022-04-08 16:00:00,3393.7937062924757
2022-04-08 17:00:00,3734.7234321311194
2022-04-08 18:00:00,3324.9745695591055
2022-04-08 19:00:00,3042.6238875342747
2022-04-08 20:00:00,3309.136154564354
2022-04-08 21:00:00,3389.943261285351
2022-04-08 22:00:00,2760.8823594513196
2022-04-08 23:00:00,2883.9416317994005
2022-04-09 00:00:00,1904.1488071854787
2022-04-09 01:00:00,1808.5928004489128
2022-04-09 02:00:00,2000.1437299359152
2022-04-09 03:00:00,2165.8329420167443
2022-04-09 04:00:00,2315.8015333198077
2022-04-09 05:00:00,2657.5723651403036
2022-04-09 06:00:00,2834.5910321713336
2022-04-09 07:00:00,3045.75890854926
2022-04-09 08:00:00,3325.906789722926
2022-04-09 09:00:00,3184.5789496352177
2022-04-09 10:00:00,2926.5039681217086
2022-04-09 11:00:00,2713.5637158968634
2022-04-09 12:00:00,2513.452355073098
2022-04-09 13:00:00,2780.133341196796
2022-04-09 14:00:00,2754.374805635641
2022-04-09 15:00:00,2852.436975647916
2022-04-09 16:00:00,2974.4837767201207
2022-04-09 17:00:00,3087.035145652295
2022-04-09 18:00:00,3035.803070192211
2022-04-09 19:00:00,2791.0363982899653
2022-04-09 20:00:00,2807.3378908341856
2022-04-09 21:00:00,2703.9123901983116
2022-04-09 22:00:00,2641.7071634814174
2022-04-09 23:00:00,2285.3535267053403
2022-04-10 00:00:00,1647.6443897417025
2022-04-10 01:00:00,1751.550499659731
2022-04-10 02:00:00,1682.2909198556852
2022-04-10 03:00:00,1884.9365932602245
2022-04-10 04:00:00,2286.3520284821743
2022-04-10 05:00:00,2036.9475290821883
2022-04-10 06:00:00,2465.445065649253
2022-04-10 07:00:00,2736.1089100776067
2022-04-10 08:00:00,2644.370549774323
2022-04-10 09:00:00,2607.5057541464903
2022-04-10 10:00:00,2358.2383546963347
2022-04-10 11:00:00,2750.314133804678
2022-04-10 12:00:00,2472.941382947073
2022-04-10 13:00:00,2376.463341392515
2022-04-10 14:00:00,2293.1918666448396
2022-04-10 15:00:00,2424.6669048717117
2022-04-10 16:00:00,2534.7806187604347
2022-04-10 17:00:00,2423.102206003615
2022-04-10 18:00:00,2853.1461291436485
2022-04-10 19:00:00,2652.2701565567477
2022-04-10 20:00:00,2628.0603829245815
2022-04-10 21:00:00,2279.980306171925
2022-04-10 22:00:00,2125.042993535679
2022-04-10 23:00:00,2175.431479113922
2022-04-11 00:00:00,2157.653321403862
2022-04-11 01:00:00,2300.7856448650728
2022-04-11 02:00:00,2338.414169293925
2022-04-11 03:00:00,2510.4094171788233
2022-04-11 04:00:00,2760.6584776278332
2022-04-11 05:00:00,2765.343338856511
2022-04-11 06:00:00,3148.425398598638
2022-04-11 07:00:00,3544.692819380714
2022-04-11 08:00:00,3369.3202766702725
2022-04-11 09:00:00,3631.5445579682946
2022-04-11 10:00:00,3315.8696152584457
2022-04-11 11:00:00,3203.467102869884
2022-04-11 12:00:00,2938.9269204037005
2022-04-11 13:00:00,3041.0799182431383
2022-04-11 14:00:00,2789.714855752529
2022-04-11 15:00:00,3249.5455033973917
2022-04-11 16:00:00,3392.5207365406677
2022-04-11 17:00:00,3178.501219994784
2022-04-11 18:00:00,3769.5561786352805
2022-04-11 19:00:00,3543.65345570356
2022-04-11 20:00:00,3318.39932154847
2022-04-11 21:00:00,3262.0262541284483
2022-04-11 22:00:00,3087.533161833172
2022-04-11 23:00:00,2779.1821000849986
2022-04-12 00:00:00,1968.081078121989
2022-04-12 01:00:00,2304.237199326347
2022-04-12 02:00:00,2277.6064787098426
2022-04-12 03:00:00,2443.4357301375226
2022-04-12 04:00:00,2864.156762948239
2022-04-12 05:00:00,3130.6224567009876
2022-04-12 06:00:00,3453.581179925961
2022-04-12 07:00:00,3264.712901303642
2022-04-12 08:00:00,3566.4374023178116
2022-04-12 09:00:00,3177.0725874917694
2022-04-12 10:00:00,3249.017190669385
2022-04-12 11:00:00,3178.250941353877
2022-04-12 12:00:00,2982.431697061665
2022-04-12 13:00:00,2875.704179836312
2022-04-12 14:00:00,3007.346750983769
2022-04-12 15:00:00,3310.02797051105
2022-04-12 16:00:00,3409.0217820708167
2022-04-12 17:00:00,3529.1658215350326
2022-04-12 18:00:00,3349.7538999584262
2022-04-12 19:00:00,3350.4107039319088
2022-04-12 20:00:00,3303.6571339193647
2022-04-12 21:00:00,3147.399261439547
2022-04-12 22:00:00,2881.8229179607133
2022-04-12 23:00:00,2869.247018987886
2022-04-13 00:00:00,2112.1021478176485
2022-04-13 01:00:00,1972.7065215539458
2022-04-13 02:00:00,2077.8343466459846
2022-04-13 03:00:00,2300.2098532186296
2022-04-13 04:00:00,2726.756112795973
2022-04-13 05:00:00,2844.484610563855
2022-04-13 06:00:00,3464.5622373336055
2022-04-13 07:00:00,3614.5380677834996
2022-04-13 08:00:00,3744.1643486643115
2022-04-13 09:00:00,3205.7010845648942
2022-04-13 10:00:00,3377.0548363463568
2022-04-13 11:00:00,3225.3784958566316
2022-04-13 12:00:00,3296.250639881498
2022-04-13 13:00:00,2834.539948637675
2022-04-13 14:00:00,3147.8197669965634
2022-04-13 15:00:00,2979.09403106342
2022-04-13 16:00:00,3370.82390986865
2022-04-13 17:00:00,3433.203066087748
2022-04-13 18:00:00,3905.078288751064
2022-04-13 19:00:00,3582.7237283595
2022-04-13 20:00:00,3331.7354291854394
2022-04-13 21:00:00,2968.435960961145
2022-04-13 22:00:00,2893.0139141488653
2022-04-13 23:00:00,2792.7981483119597
2022-04-14 00:00:00,2230.367085602569
2022-04-14 01:00:00,2303.607426339799
2022-04-14 02:00:00,2278.156576843073
2022-04-14 03:00:00,2321.504600605106
2022-04-14 04:00:00,2727.280409811066
2022-04-14 05:00:00,2910.7086088823644
2022-04-14 06:00:00,3145.730167001979
2022-04-14 07:00:00,3437.645698926293
2022-04-14 08:00:00,3509.686870045573
2022-04-14 09:00:00,3480.404706769824
2022-04-14 10:00:00,3251.874425812396
2022-04-14 11:00:00,3144.3068848504204
2022-04-14 12:00:00,2894.050256774764
2022-04-14 13:00:00,3165.2670161324036
2022-04-14 14:00:00,3368.9898600765855
2022-04-14 15:00:00,3205.3089405233973
2022-04-14 16:00:00,3562.758984622689
2022-04-14 17:00:00,3771.9427232022954
2022-04-14 18:00:00,3706.284169316049
2022-04-14 19:00:00,3490.6991174873424
2022-04-14 20:00:00,3507.117821622207
2022-04-14 21:00:00,2885.7264327920693
2022-04-14 22:00:00,2901.176711299872
2022-04-14 23:00:00,2525.276619196729
2022-04-15 00:00:00,2028.5071239195768
2022-04-15 01:00:00,2261.42892414981
2022-04-15 02:00:00,2287.763958475263
2022-04-15 03:00:00,2513.407189174817
2022-04-15 04:00:00,2756.652481109556
2022-04-15 05:00:00,2843.5198203376376
2022-04-15 06:00:00,3237.888549309379
2022-04-15 07:00:00,3352.362149434669
2022-04-15 08:00:00,3577.3176234611033
2022-04-15 09:00:00,3571.5650233501096
2022-04-15 10:00:00,3376.6739007670494
2022-04-15 11:00:00,3014.8041704823368
2022-04-15 12:00:00,2806.3668051324075
2022-04-15 13:00:00,3041.0243586564943
2022-04-15 14:00:00,2826.716935960609
2022-04-15 15:00:00,3059.6312813450395
2022-04-15 16:00:00,3157.247597608832
2022-04-15 17:00:00,2899.9874566817384
2022-04-15 18:00:00,3613.208293548559
2022-04-15 19:00:00,3564.6466975851126
2022-04-15 20:00:00,3425.2565801467194
2022-04-15 21:00:00,3456.1889872630986
2022-04-15 22:00:00,3039.0154941872165
2022-04-15 23:00:00,2648.6160849291064
2022-04-16 00:00:00,1807.387995621019
2022-04-16 01:00:00,1791.4249106011548
2022-04-16 02:00:00,1933.7455776396575
2022-04-16 03:00:00,1955.2920006266233
2022-04-16 04:00:00,2545.8273049759323
2022-04-16 05:00:00,2450.2777954158137
2022-04-16 06:00:00,2922.2462761095053
2022-04-16 07:00:00,3031.7075417110877
2022-04-16 08:00:00,2945.232954568354
2022-04-16 09:00:00,2997.893992839469
2022-04-16 10:00:00,2781.493749434508
2022-04-16 11:00:00,2965.7680726723115
2022-04-16 12:00:00,2720.399444391137
2022-04-16 13:00:00,2633.1862695593786
2022-04-16 14:00:00,2676.908251213795
2022-04-16 15:00:00,2776.3387929722044
2022-04-16 16:00:00,2951.791865952304
2022-04-16 17:00:00,3067.0264106252175
2022-04-16 18:00:00,2916.4324365011025
2022-04-16 19:00:00,2778.799425839192
2022-04-16 20:00:00,2870.816830584352
2022-04-16 21:00:00,2621.456412010518
2022-04-16 22:00:00,2534.679819348404
2022-04-16 23:00:00,2482.389129867282
2022-04-17 00:00:00,1575.52038807716
2022-04-17 01:00:00,1535.59611252326
2022-04-17 02:00:00,1826.0098704089125
2022-04-17 03:00:00,1814.8333508720818
2022-04-17 04:00:00,1985.2919498413323
2022-04-17 05:00:00,2245.069619186738
2022-04-17 06:00:00,2280.2081665035203
2022-04-17 07:00:00,2615.1775567782215
2022-04-17 08:00:00,2726.6744442258946
2022-04-17 09:00:00,2747.4158790947145
2022-04-17 10:00:00,2508.3650178157845
2022-04-17 11:00:00,2515.380113037853
2022-04-17 12:00:00,2097.305845662067
2022-04-17 13:00:00,2168.050205958288
2022-04-17 14:00:00,2329.8601937340304
2022-04-17 15:00:00,2498.19029015573
2022-04-17 16:00:00,2477.598103691932
2022-04-17 17:00:00,2789.5134700237036
2022-04-17 18:00:00,2613.9859548031736
2022-04-17 19:00:00,2608.390584032321
2022-04-17 20:00:00,2484.477978177584
2022-04-17 21:00:00,2522.678192540647
2022-04-17 22:00:00,2317.998528809383
2022-04-17 23:00:00,1955.7800203007328
2022-04-18 00:00:00,2168.5498393537555
2022-04-18 01:00:00,2322.7157927497938
2022-04-18 02:00:00,2149.589247870641
2022-04-18 03:00:00,2369.665566684539
2022-04-18 04:00:00,2698.0484423424846
2022-04-18 05:00:00,3045.004411746022
2022-04-18 06:00:00,3136.316202742378
2022-04-18 07:00:00,3475.402170501661
2022-04-18 08:00:00,3291.4097528709235
2022-04-18 09:00:00,3477.1619456948524
2022-04-18 10:00:00,3269.784423314432
2022-04-18 11:00:00,3319.927890668171
2022-04-18 12:00:00,3171.1263811700674
2022-04-18 13:00:00,2945.1404568373464
2022-04-18 14:00:00,3278.456662975878
2022-04-18 15:00:00,3356.791709457208
2022-04-18 16:00:00,3334.945277982771
2022-04-18 17:00:00,3591.478760820504
2022-04-18 18:00:00,3256.9133633227516
2022-04-18 19:00:00,3404.068406455116
2022-04-18 20:00:00,3061.4916229878454
2022-04-18 21:00:00,2962.1904919386006
2022-04-18 22:00:00,2866.1961550226406
2022-04-18 23:00:00,2514.486884000734
2022-04-19 00:00:00,2020.3197970935503
2022-04-19 01:00:00,2095.5642798701515
2022-04-19 02:00:00,2191.935471029533
2022-04-19 03:00:00,2481.688341757646
2022-04-19 04:00:00,2886.178837606307
2022-04-19 05:00:00,2771.286742374959
2022-04-19 06:00:00,3131.5180326058316
2022-04-19 07:00:00,3510.4070879881483
2022-04-19 08:00:00,3388.4992045908452
2022-04-19 09:00:00,3457.804224747561
2022-04-19 10:00:00,3385.670947152572
2022-04-19 11:00:00,3189.6778389764327
2022-04-19 12:00:00,2783.7859345542847
2022-04-19 13:00:00,3001.217921632699
2022-04-19 14:00:00,3054.449392839811
2022-04-19 15:00:00,3355.907606966111
2022-04-19 16:00:00,3609.42116063964
2022-04-19 17:00:00,3335.16080317321
2022-04-19 18:00:00,3616.1648948807892
2022-04-19 19:00:00,3363.389447697743
2022-04-19 20:00:00,3080.3980884460343
2022-04-19 21:00:00,3160.622011998808
2022-04-19 22:00:00,3138.3964402447737
2022-04-19 23:00:00,3166.058223309882
2022-04-20 00:00:00,2172.6637376865383
2022-04-20 01:00:00,2088.379925352874
2022-04-20 02:00:00,2120.7640630367227
2022-04-20 03:00:00,2295.1595016900033
2022-04-20 04:00:00,2550.4027872272222
2022-04-20 05:00:00,2878.350852882097
2022-04-20 06:00:00,3181.956951857141
2022-04-20 07:00:00,3544.751432004378
2022-04-20 08:00:00,3599.3949767513886
2022-04-20 09:00:00,3555.395352784572
2022-04-20 10:00:00,3523.86674017793
2022-04-20 11:00:00,3234.2768260044613
2022-04-20 12:00:00,3143.5176665269832
2022-04-20 13:00:00,3077.4580090781296
2022-04-20 14:00:00,2719.7143140530375
2022-04-20 15:00:00,2980.9850974903434
2022-04-20 16:00:00,3156.5383503055177
2022-04-20 17:00:00,3426.2317400392462
2022-04-20 18:00:00,3236.3247999346922
2022-04-20 19:00:00,3053.937904625704
2022-04-20 20:00:00,3402.8326918727994
2022-04-20 21:00:00,3054.127996357904
2022-04-20 22:00:00,2826.1613350974358
2022-04-20 23:00:00,2871.4121671001326
2022-04-21 00:00:00,2092.0901290670176
2022-04-21 01:00:00,2204.976670095468
2022-04-21 02:00:00,2060.9611169521563
2022-04-21 03:00:00,2268.4875640015034
2022-04-21 04:00:00,2560.20575582074
2022-04-21 05:00:00,2954.31452662819
2022-04-21 06:00:00,3154.1982240302955
2022-04-21 07:00:00,3009.9553473802357
2022-04-21 08:00:00,3647.4579825946294
2022-04-21 09:00:00,3457.7213117136666
2022-04-21 10:00:00,3443.0620774476292
2022-04-21 11:00:00,3291.5361729538095
2022-04-21 12:00:00,2973.7577334184944
2022-04-21 13:00:00,3011.781250409955
2022-04-21 14:00:00,3031.9576535617757
2022-04-21 15:00:00,3418.3942976811236
2022-04-21 16:00:00,3363.83490819601
2022-04-21 17:00:00,3668.406577127453
2022-04-21 18:00:00,3459.1610070244583
2022-04-21 19:00:00,3657.6015704333054
2022-04-21 20:00:00,3401.8102758421705
2022-04-21 21:00:00,2761.140803573446
2022-04-21 22:00:00,3032.033996110819
2022-04-21 23:00:00,2866.7668690342575
2022-04-22 00:00:00,2048.3206105780678
2022-04-22 01:00:00,2037.729559805114
2022-04-22 02:00:00,2192.414025633052
2022-04-22 03:00:00,2354.8773046987467
2022-04-22 04:00:00,2285.137860313641
2022-04-22 05:00:00,2806.22052925439
2022-04-22 06:00:00,3111.717742745304
2022-04-22 07:00:00,3257.7713720778384
2022-04-22 08:00:00,3521.2616765019325
2022-04-22 09:00:00,3296.6348525378144
2022-04-22 10:00:00,3408.154975162838
2022-04-22 11:00:00,3076.1385966237094
2022-04-22 12:00:00,2887.852791101418
2022-04-22 13:00:00,3028.519343541956
2022-04-22 14:00:00,3126.5454587446734
2022-04-22 15:00:00,3305.0181303347167
2022-04-22 16:00:00,3128.3796966864547
2022-04-22 17:00:00,3624.574611646799
2022-04-22 18:00:00,3312.583364615563
2022-04-22 19:00:00,3221.110086903987
2022-04-22 20:00:00,3129.614269252785
2022-04-22 21:00:00,2943.236790576289
2022-04-22 22:00:00,2654.381050700808
2022-04-22 23:00:00,2656.1007418313256
2022-04-23 00:00:00,1693.5804255222142
2022-04-23 01:00:00,1762.1592478982045
2022-04-23 02:00:00,1912.2591155234486
2022-04-23 03:00:00,2032.4044913672124
2022-04-23 04:00:00,2143.348824517823
2022-04-23 05:00:00,2639.122530062156
2022-04-23 06:00:00,2680.1896451184666
2022-04-23 07:00:00,2885.0229151903495
2022-04-23 08:00:00,3032.646103429478
2022-04-23 09:00:00,2849.225236415096
2022-04-23 10:00:00,3008.7080016229966
2022-04-23 11:00:00,2736.371974088809
2022-04-23 12:00:00,2557.1006710497036
2022-04-23 13:00:00,2401.8477879575007
2022-04-23 14:00:00,2718.9834268766117
2022-04-23 15:00:00,2727.5355441214147
2022-04-23 16:00:00,2678.5437012644893
2022-04-23 17:00:00,2851.3471744777617
2022-04-23 18:00:00,2747.469922622641
2022-04-23 19:00:00,3152.2613112672784
2022-04-23 20:00:00,2920.175734352118
2022-04-23 21:00:00,2627.613595718738
2022-04-23 22:00:00,2553.9825867575364
2022-04-23 23:00:00,2176.2914410543176
2022-04-24 00:00:00,1369.208988172501
2022-04-24 01:00:00,1533.3409074211065
2022-04-24 02:00:00,1611.1805453868326
2022-04-24 03:00:00,1824.8837738902284
2022-04-24 04:00:00,1929.2563236857802
2022-04-24 05:00:00,2134.1180237827807
2022-04-24 06:00:00,2330.138760266936
2022-04-24 07:00:00,2406.44614596036
2022-04-24 08:00:00,2818.647370845277
2022-04-24 09:00:00,2582.4023682458314
2022-04-24 10:00:00,2522.3835600978746
2022-04-24 11:00:00,2297.6342197909503
2022-04-24 12:00:00,2152.2743883203498
2022-04-24 13:00:00,2179.19657321228
2022-04-24 14:00:00,2315.626166549838
2022-04-24 15:00:00,2341.2298760599692
2022-04-24 16:00:00,2349.5081173817375
2022-04-24 17:00:00,2544.505283683736
2022-04-24 18:00:00,2540.3358094033238
2022-04-24 19:00:00,2477.11260540081
2022-04-24 20:00:00,2337.3417589341193
2022-04-24 21:00:00,2239.685208873998
2022-04-24 22:00:00,2064.743193068756
2022-04-24 23:00:00,1921.1345923895278
2022-04-25 00:00:00,1980.0382903832897
2022-04-25 01:00:00,2250.5290412886725
2022-04-25 02:00:00,2116.8631011117936
2022-04-25 03:00:00,2118.073961105359
2022-04-25 04:00:00,2340.515259400876
2022-04-25 05:00:00,2810.7336603272915
2022-04-25 06:00:00,3211.8794647902123
2022-04-25 07:00:00,3305.4613500024666
2022-04-25 08:00:00,3532.660138400767
2022-04-25 09:00:00,3059.6063764478627
2022-04-25 10:00:00,3565.9437466286427
2022-04-25 11:00:00,3116.727381448127
2022-04-25 12:00:00,2926.8904543576405
2022-04-25 13:00:00,2906.543147860037
2022-04-25 14:00:00,3066.1973773017226
2022-04-25 15:00:00,3116.264381814314
2022-04-25 16:00:00,3351.3471012075483
2022-04-25 17:00:00,3153.096841557752
2022-04-25 18:00:00,3456.0776740913316
2022-04-25 19:00:00,3130.405352140063
2022-04-25 20:00:00,3152.330611097827
2022-04-25 21:00:00,2876.0258468665293
2022-04-25 22:00:00,2777.0211851110116
2022-04-25 23:00:00,2723.833266134545
2022-04-26 00:00:00,2088.2595808907517
2022-04-26 01:00:00,1967.2693250017564
2022-04-26 02:00:00,2143.6657353741366
2022-04-26 03:00:00,2258.0682388700184
2022-04-26 04:00:00,2647.5552264474445
2022-04-26 05:00:00,2975.485973704488
2022-04-26 06:00:00,3110.6164037501762
2022-04-26 07:00:00,3244.3415094087172
2022-04-26 08:00:00,3468.9771795149486
2022-04-26 09:00:00,3661.8417932945877
2022-04-26 10:00:00,3076.751895361524
2022-04-26 11:00:00,3078.6257906883266
2022-04-26 12:00:00,3086.999235142881
2022-04-26 13:00:00,2949.363204102946
2022-04-26 14:00:00,2902.2001523950225
2022-04-26 15:00:00,3192.059321766982
2022-04-26 16:00:00,3574.1693455071804
2022-04-26 17:00:00,3307.674576860067
2022-04-26 18:00:00,3453.041104989059
2022-04-26 19:00:00,3197.254634424374
2022-04-26 20:00:00,2930.003350707676
2022-04-26 21:00:00,3152.543795587815
2022-04-26 22:00:00,2808.1555365062086
2022-04-26 23:00:00,2717.7666338167314
2022-04-27 00:00:00,2276.5897985098245
2022-04-27 01:00:00,2084.325406393183
2022-04-27 02:00:00,2010.6316306062508
2022-04-27 03:00:00,2257.004359218662
2022-04-27 04:00:00,2501.0160719065143
2022-04-27 05:00:00,2913.3574166373874
2022-04-27 06:00:00,2964.6872452884922
2022-04-27 07:00:00,3204.4840690497986
2022-04-27 08:00:00,3271.039486276983
2022-04-27 09:00:00,3342.9206444371302
2022-04-27 10:00:00,3465.554687727149
2022-04-27 11:00:00,2969.9679977662217
2022-04-27 12:00:00,3261.6660728717666
2022-04-27 13:00:00,3039.4397091791657
2022-04-27 14:00:00,2842.901567820011
2022-04-27 15:00:00,3132.4146366124974
2022-04-27 16:00:00,3088.8482867171106
2022-04-27 17:00:00,3352.376654441002
2022-04-27 18:00:00,3251.328184628398
2022-04-27 19:00:00,3212.5427441522656
2022-04-27 20:00:00,3137.4122972743917
2022-04-27 21:00:00,2807.0807947232834
2022-04-27 22:00:00,2780.6071690047465
2022-04-27 23:00:00,2543.5045669439555
2022-04-28 00:00:00,1983.207035510489
2022-04-28 01:00:00,2112.370230895418
2022-04-28 02:00:00,2115.872647618919
2022-04-28 03:00:00,2300.0839300241105
2022-04-28 04:00:00,2400.892346961804
2022-04-28 05:00:00,2931.241121858955
2022-04-28 06:00:00,2990.390114541174
2022-04-28 07:00:00,2937.2706327999563
2022-04-28 08:00:00,3327.3188093995786
2022-04-28 09:00:00,3368.2533225582833
2022-04-28 10:00:00,3016.984666176549
2022-04-28 11:00:00,3116.1135342050075
2022-04-28 12:00:00,2916.2962031610023
2022-04-28 13:00:00,2975.4084208582913
2022-04-28 14:00:00,2761.3957892864782
2022-04-28 15:00:00,2967.862261148277
2022-04-28 16:00:00,3055.8549543325475
2022-04-28 17:00:00,2963.4476437201192
2022-04-28 18:00:00,3277.4553530511216
2022-04-28 19:00:00,3286.08823615758
2022-04-28 20:00:00,3372.2308303618543
2022-04-28 21:00:00,3274.741305037982
2022-04-28 22:00:00,2956.812891835085
2022-04-28 23:00:00,2721.9606431311513
2022-04-29 00:00:00,2043.3099429812219
2022-04-29 01:00:00,2126.825734759047
2022-04-29 02:00:00,2119.4619421510724
2022-04-29 03:00:00,2343.831918563012
2022-04-29 04:00:00,2490.734884099509
2022-04-29 05:00:00,2752.48939563147
2022-04-29 06:00:00,2941.0950005350855
2022-04-29 07:00:00,3296.796317503816
2022-04-29 08:00:00,3132.7662510061796
2022-04-29 09:00:00,3687.9316666832774
2022-04-29 10:00:00,3219.542784834728
2022-04-29 11:00:00,2857.7102739806774
2022-04-29 12:00:00,3018.3263936772323
2022-04-29 13:00:00,2850.441639532205
2022-04-29 14:00:00,2794.48361761104
2022-04-29 15:00:00,3374.9923993765683
2022-04-29 16:00:00,3191.312085371537
2022-04-29 17:00:00,3502.525990239728
2022-04-29 18:00:00,3557.2284715105784
2022-04-29 19:00:00,3468.190404615608
2022-04-29 20:00:00,2961.456314423889
2022-04-29 21:00:00,2991.730038453388
2022-04-29 22:00:00,2951.7241346766336
2022-04-29 23:00:00,2934.4137346151265
2022-04-30 00:00:00,1773.1145428236305
2022-04-30 01:00:00,1722.4176877362027
2022-04-30 02:00:00,1861.6017985242418
2022-04-30 03:00:00,2093.1216037100903
2022-04-30 04:00:00,2187.0062708764485
2022-04-30 05:00:00,2250.9074872618685
2022-04-30 06:00:00,2578.431342870803
2022-04-30 07:00:00,3117.920657606356
2022-04-30 08:00:00,2946.3885685702867
2022-04-30 09:00:00,2829.093105423032
2022-04-30 10:00:00,2755.980098820102
2022-04-30 11:00:00,2550.3399622274173
2022-04-30 12:00:00,2492.782748322283
2022-04-30 13:00:00,2570.9020407653816
2022-04-30 14:00:00,2464.4707007682186
2022-04-30 15:00:00,2570.8010880898105
2022-04-30 16:00:00,2608.8267968836335
2022-04-30 17:00:00,2901.4280185796288
2022-04-30 18:00:00,3082.6987585020993
2022-04-30 19:00:00,2570.4281409403707
2022-04-30 20:00:00,2471.4965088565937
2022-04-30 21:00:00,2423.966264040137
2022-04-30 22:00:00,2349.555543300577
2022-04-30 23:00:00,2192.3661503903772
2022-05-01 00:00:00,1476.3472244478887
2022-05-01 01:00:00,1448.0152947904753
2022-05-01 02:00:00,1540.6116941120363
2022-05-01 03:00:00,1730.8448886296794
2022-05-01 04:00:00,1754.6543707722062
2022-05-01 05:00:00,2196.6141989585212
2022-05-01 06:00:00,2398.8087336055255
2022-05-01 07:00:00,2592.301418095481
2022-05-01 08:00:00,2453.5068483730133
2022-05-01 09:00:00,2297.3813396306623
2022-05-01 10:00:00,2476.2715840074434
2022-05-01 11:00:00,2398.3429024703137
2022-05-01 12:00:00,2272.7027794538963
2022-05-01 13:00:00,2336.487755983047
2022-05-01 14:00:00,2112.7397615653063
2022-05-01 15:00:00,2162.4328098362657
2022-05-01 16:00:00,2581.4791378284112
2022-05-01 17:00:00,2468.021281872571
2022-05-01 18:00:00,2438.5819111140863
2022-05-01 19:00:00,2581.2134416674025
2022-05-01 20:00:00,2196.592971128079
2022-05-01 21:00:00,2125.9401205666445
2022-05-01 22:00:00,2197.113001595177
2022-05-01 23:00:00,1935.4553367590834
2022-05-02 00:00:00,2093.1740811282352
2022-05-02 01:00:00,1943.9060499181357
2022-05-02 02:00:00,2079.291648257129
2022-05-02 03:00:00,2351.497148618531
2022-05-02 04:00:00,2175.6001026606505
2022-05-02 05:00:00,2761.2550213740597
2022-05-02 06:00:00,3131.256809599084
2022-05-02 07:00:00,3274.5035762432403
2022-05-02 08:00:00,3399.664370923064
2022-05-02 09:00:00,3415.923761652778
2022-05-02 10:00:00,3005.9753080103
2022-05-02 11:00:00,3127.495244137348
2022-05-02 12:00:00,2842.9972846720093
2022-05-02 13:00:00,2839.978723832107
2022-05-02 14:00:00,2712.709089880229
2022-05-02 15:00:00,2736.185694916984
2022-05-02 16:00:00,3147.970444849114
2022-05-02 17:00:00,3130.390135658357
2022-05-02 18:00:00,2964.0193251621467
2022-05-02 19:00:00,3007.1009064660807
2022-05-02 20:00:00,2984.9380071088976
2022-05-02 21:00:00,2880.113796067517
2022-05-02 22:00:00,2883.465203303934
2022-05-02 23:00:00,2587.0609134054785
2022-05-03 00:00:00,1975.0341014368303
2022-05-03 01:00:00,1915.849213271727
2022-05-03 02:00:00,2181.2432962733183
2022-05-03 03:00:00,2465.8055353514433
2022-05-03 04:00:00,2443.4786412602953
2022-05-03 05:00:00,2387.003334560617
2022-05-03 06:00:00,3176.9630616960158
2022-05-03 07:00:00,3056.751211173927
2022-05-03 08:00:00,3437.769297073491
2022-05-03 09:00:00,3224.8548352994203
2022-05-03 10:00:00,3049.401223400227
2022-05-03 11:00:00,2969.626120031507
2022-05-03 12:00:00,2842.5236078677804
2022-05-03 13:00:00,2986.7784655327364
2022-05-03 14:00:00,2981.175177668586
2022-05-03 15:00:00,3070.115293622681
2022-05-03 16:00:00,3258.7118451645347
2022-05-03 17:00:00,3449.0753752130163
2022-05-03 18:00:00,3496.6958228074805
2022-05-03 19:00:00,2933.704581723258
2022-05-03 20:00:00,3122.3728660165834
2022-05-03 21:00:00,2589.8610682387753
2022-05-03 22:00:00,2384.2766377736234
2022-05-03 23:00:00,2497.6385134831994
2022-05-04 00:00:00,1926.5115674813933
2022-05-04 01:00:00,1697.5552263180107
2022-05-04 02:00:00,2287.0644751408054
2022-05-04 03:00:00,2366.513278718056
2022-05-04 04:00:00,2437.113595580063
2022-05-04 05:00:00,2587.4078098096875
2022-05-04 06:00:00,3063.5708693796187
2022-05-04 07:00:00,3015.6975438231157
2022-05-04 08:00:00,3223.473515199192
2022-05-04 09:00:00,3210.5334865742734
2022-05-04 10:00:00,3291.7766080238853
2022-05-04 11:00:00,2971.3265954680696
2022-05-04 12:00:00,2880.7397047571135
2022-05-04 13:00:00,3021.686965162758
2022-05-04 14:00:00,2937.3409437240566
2022-05-04 15:00:00,3121.046145647509
2022-05-04 16:00:00,3298.230635654244
2022-05-04 17:00:00,3500.1505741058845
2022-05-04 18:00:00,3075.123609857001
2022-05-04 19:00:00,3125.8790610865367
2022-05-04 20:00:00,3183.3803532410157
2022-05-04 21:00:00,2984.267394874817
2022-05-04 22:00:00,2698.2442808294873
2022-05-04 23:00:00,2684.843548779356
2022-05-05 00:00:00,1932.3789683781506
2022-05-05 01:00:00,1973.0086290596093
2022-05-05 02:00:00,1945.7259229102804
2022-05-05 03:00:00,2453.9241621936335
2022-05-05 04:00:00,2485.4497645671604
2022-05-05 05:00:00,2819.2536664151494
2022-05-05 06:00:00,2848.077636769645
2022-05-05 07:00:00,3249.7093010205904
2022-05-05 08:00:00,3243.9567309137537
2022-05-05 09:00:00,3463.7587402423596
2022-05-05 10:00:00,3088.2239900116597
2022-05-05 11:00:00,3110.499731188596
2022-05-05 12:00:00,2775.6390433026936
2022-05-05 13:00:00,2867.361860811635
2022-05-05 14:00:00,2924.2222880054455
2022-05-05 15:00:00,3176.9762638996376
2022-05-05 16:00:00,3132.490581965906
2022-05-05 17:00:00,2876.061633200479
2022-05-05 18:00:00,3382.370664667072
2022-05-05 19:00:00,3081.696373221922
2022-05-05 20:00:00,3064.9045445304114
2022-05-05 21:00:00,2699.90358469542
2022-05-05 22:00:00,3022.3561609046574
2022-05-05 23:00:00,2588.5127439621006
2022-05-06 00:00:00,1822.8856359189788
2022-05-06 01:00:00,1981.7028403566576
2022-05-06 02:00:00,1851.4787256196098
2022-05-06 03:00:00,2105.4728249235486
2022-05-06 04:00:00,2506.044427857474
2022-05-06 05:00:00,2793.5603768870137
2022-05-06 06:00:00,3109.3491268461457
2022-05-06 07:00:00,3120.785610784367
2022-05-06 08:00:00,3489.7787054549462
2022-05-06 09:00:00,3136.6754397504155
2022-05-06 10:00:00,3282.311870095094
2022-05-06 11:00:00,2723.706153480501
2022-05-06 12:00:00,3163.149735612847
2022-05-06 13:00:00,2848.418565558344
2022-05-06 14:00:00,2936.2573988866193
2022-05-06 15:00:00,2729.6548179025767
2022-05-06 16:00:00,3271.7497056280085
2022-05-06 17:00:00,3192.474443985648
2022-05-06 18:00:00,3307.469188029101
2022-05-06 19:00:00,3068.7901275631293
2022-05-06 20:00:00,3211.545369090949
2022-05-06 21:00:00,2753.7470677380607
2022-05-06 22:00:00,2808.858712857817
2022-05-06 23:00:00,2510.1993576731043
2022-05-07 00:00:00,1779.1023948710554
2022-05-07 01:00:00,1647.354277654869
2022-05-07 02:00:00,1922.1644327542108
2022-05-07 03:00:00,1830.1992856001123
2022-05-07 04:00:00,2151.468443668009
2022-05-07 05:00:00,2252.6742348807775
2022-05-07 06:00:00,2703.2538490677357
2022-05-07 07:00:00,2840.6741941259465
2022-05-07 08:00:00,2662.025956910459
2022-05-07 09:00:00,2761.581192256992
2022-05-07 10:00:00,2663.542462359056
2022-05-07 11:00:00,2651.9041576922455
2022-05-07 12:00:00,2437.05078759846
2022-05-07 13:00:00,2525.9167854070274
2022-05-07 14:00:00,2451.949243282721
2022-05-07 15:00:00,2504.5155565890723
2022-05-07 16:00:00,2488.6242484437566
2022-05-07 17:00:00,2643.671902728495
2022-05-07 18:00:00,2777.000541490469
2022-05-07 19:00:00,2732.661730485161
2022-05-07 20:00:00,2586.078817038808
2022-05-07 21:00:00,2209.225860450013
2022-05-07 22:00:00,2324.873521632143
2022-05-07 23:00:00,2015.237621968608
2022-05-08 00:00:00,1455.241456803424
2022-05-08 01:00:00,1581.3843821337077
2022-05-08 02:00:00,1550.779908466668
2022-05-08 03:00:00,1634.84530885886
2022-05-08 04:00:00,1919.550730736132
2022-05-08 05:00:00,2013.950706393031
2022-05-08 06:00:00,2144.9408916112898
2022-05-08 07:00:00,2549.8360478166665
2022-05-08 08:00:00,2476.2780829565727
2022-05-08 09:00:00,2232.290490033134
2022-05-08 10:00:00,2421.595019327788
2022-05-08 11:00:00,2225.4173801072134
2022-05-08 12:00:00,2134.465183915276
2022-05-08 13:00:00,2220.5595215806243
2022-05-08 14:00:00,1971.985460138316
2022-05-08 15:00:00,2573.014171295726
2022-05-08 16:00:00,2325.004262177309
2022-05-08 17:00:00,2570.9608733166415
2022-05-08 18:00:00,2366.0552465203323
2022-05-08 19:00:00,2332.226205039274
2022-05-08 20:00:00,2321.516771444245
2022-05-08 21:00:00,2396.4961098706913
2022-05-08 22:00:00,2230.4586716099893
2022-05-08 23:00:00,1932.887657525415
2022-05-09 00:00:00,1908.1191323780222
2022-05-09 01:00:00,2039.1630092360258
2022-05-09 02:00:00,2008.785613924077
2022-05-09 03:00:00,2410.216351073749
2022-05-09 04:00:00,2257.99299553086
2022-05-09 05:00:00,2948.7966415972223
2022-05-09 06:00:00,2620.8767224763887
2022-05-09 07:00:00,2826.0599953422065
2022-05-09 08:00:00,3396.8988149223305
2022-05-09 09:00:00,3191.3468238148835
2022-05-09 10:00:00,3307.0603440064924
2022-05-09 11:00:00,2998.202538292812
2022-05-09 12:00:00,2699.4861262249588
2022-05-09 13:00:00,2734.534966930074
2022-05-09 14:00:00,2644.435750202719
2022-05-09 15:00:00,2978.4362068887085
2022-05-09 16:00:00,3098.077351754365
2022-05-09 17:00:00,3347.046695464943
2022-05-09 18:00:00,3097.264152041611
2022-05-09 19:00:00,3127.3435392319566
2022-05-09 20:00:00,2974.954153439787
2022-05-09 21:00:00,3132.254925232584
2022-05-09 22:00:00,2832.3460461775217
2022-05-09 23:00:00,2604.084351729942
2022-05-10 00:00:00,1859.85746703615
2022-05-10 01:00:00,1980.8455759464182
2022-05-10 02:00:00,2278.5592080478827
2022-05-10 03:00:00,2184.2961465074973
2022-05-10 04:00:00,2621.9324601953504
2022-05-10 05:00:00,2603.6249783346325
2022-05-10 06:00:00,3076.6464274094724
2022-05-10 07:00:00,3205.2816184388307
2022-05-10 08:00:00,3288.1515065869876
2022-05-10 09:00:00,3301.315568808829
2022-05-10 10:00:00,3170.035350351983
2022-05-10 11:00:00,2861.0712815847282
2022-05-10 12:00:00,2936.4185667455818
2022-05-10 13:00:00,2829.8644803968705
2022-05-10 14:00:00,3033.5436436435966
2022-05-10 15:00:00,2833.203981204713
2022-05-10 16:00:00,3219.226600650026
2022-05-10 17:00:00,3213.448350853202
2022-05-10 18:00:00,3176.603244049723
2022-05-10 19:00:00,3272.4770140034425
2022-05-10 20:00:00,3108.5410108651313
2022-05-10 21:00:00,2788.528753815073
2022-05-10 22:00:00,2750.5100339410583
2022-05-10 23:00:00,2541.1195445262574
2022-05-11 00:00:00,1870.0348675468015
2022-05-11 01:00:00,2003.6314156769843
2022-05-11 02:00:00,2069.883763508606
2022-05-11 03:00:00,2228.494037721729
2022-05-11 04:00:00,2496.805492062264
2022-05-11 05:00:00,2648.548703848319
2022-05-11 06:00:00,2932.8822497482674
2022-05-11 07:00:00,3001.568901374997
2022-05-11 08:00:00,3546.3336721014884
2022-05-11 09:00:00,2809.6205640371795
2022-05-11 10:00:00,2901.0398393265727
2022-05-11 11:00:00,2958.022024742316
2022-05-11 12:00:00,2851.0517502601556
2022-05-11 13:00:00,2983.549117110047
2022-05-11 14:00:00,2856.6414517893577
2022-05-11 15:00:00,3040.4422279122805
2022-05-11 16:00:00,3100.6298468651
2022-05-11 17:00:00,3382.3850422365294
2022-05-11 18:00:00,3222.821973537172
2022-05-11 19:00:00,3199.7900919680296
2022-05-11 20:00:00,3054.4902275582854
2022-05-11 21:00:00,2798.4240218571126
2022-05-11 22:00:00,2493.9944089062305
2022-05-11 23:00:00,2485.096356058392
2022-05-12 00:00:00,2001.769496159225
2022-05-12 01:00:00,1927.4860742667634
2022-05-12 02:00:00,1970.7687889341516
2022-05-12 03:00:00,2166.848364022713
2022-05-12 04:00:00,2363.8511961477543
2022-05-12 05:00:00,2833.2892597864857
2022-05-12 06:00:00,2714.3107639818436
2022-05-12 07:00:00,3322.667219039844
2022-05-12 08:00:00,3259.554887060433
2022-05-12 09:00:00,2923.0952898084315
2022-05-12 10:00:00,3295.6788028265746
2022-05-12 11:00:00,2827.9135830173896
2022-05-12 12:00:00,2702.028656718694
2022-05-12 13:00:00,2609.17803258973
2022-05-12 14:00:00,2892.9257548765136
2022-05-12 15:00:00,2749.41356885006
2022-05-12 16:00:00,2864.022400346568
2022-05-12 17:00:00,3115.784313708369
2022-05-12 18:00:00,3316.5607795227343
2022-05-12 19:00:00,2971.3625544118
2022-05-12 20:00:00,3012.9909363330917
2022-05-12 21:00:00,3035.2730332613264
2022-05-12 22:00:00,2466.287806358689
2022-05-12 23:00:00,2246.0430225524433
2022-05-13 00:00:00,1967.0390181082353
2022-05-13 01:00:00,1802.5205133569839
2022-05-13 02:00:00,2030.1495363918634
2022-05-13 03:00:00,2354.2331849062143
2022-05-13 04:00:00,2458.531829028368
2022-05-13 05:00:00,2774.10925158134
2022-05-13 06:00:00,2966.1578570753127
2022-05-13 07:00:00,3251.9033961311943
2022-05-13 08:00:00,3247.909060867813
2022-05-13 09:00:00,3423.374659859346
2022-05-13 10:00:00,3112.235937946152
2022-05-13 11:00:00,2807.5004006442664
2022-05-13 12:00:00,2925.8363543906635
2022-05-13 13:00:00,2925.2482104111955
2022-05-13 14:00:00,2875.3179171810257
2022-05-13 15:00:00,2830.927215622292
2022-05-13 16:00:00,2999.310867176398
2022-05-13 17:00:00,3226.6956457755537
2022-05-13 18:00:00,3139.7940340923938
2022-05-13 19:00:00,3317.841365931044
2022-05-13 20:00:00,3022.0656266083365
2022-05-13 21:00:00,2860.3479496403625
2022-05-13 22:00:00,2852.215390603348
2022-05-13 23:00:00,2369.5611053087937
2022-05-14 00:00:00,1581.8845570108958
2022-05-14 01:00:00,1564.586610725553
2022-05-14 02:00:00,1850.2847609510097
2022-05-14 03:00:00,1800.5311559915554
2022-05-14 04:00:00,2205.617217772418
2022-05-14 05:00:00,2188.6223687008446
2022-05-14 06:00:00,2436.3929038683013
2022-05-14 07:00:00,2710.3325772371677
2022-05-14 08:00:00,3066.147538158988
2022-05-14 09:00:00,2779.7632189121864
2022-05-14 10:00:00,2520.181366060065
2022-05-14 11:00:00,2592.7465786823795
2022-05-14 12:00:00,2371.2669355085245
2022-05-14 13:00:00,2327.104694461935
2022-05-14 14:00:00,2591.5937985031765
2022-05-14 15:00:00,2464.933787170019
2022-05-14 16:00:00,2541.7687881787306
2022-05-14 17:00:00,2526.529518623186
2022-05-14 18:00:00,2883.5641953505105
2022-05-14 19:00:00,2731.148131740956
2022-05-14 20:00:00,2066.7433978313
2022-05-14 21:00:00,2144.0018542350613
2022-05-14 22:00:00,2139.829243800782
2022-05-14 23:00:00,2045.816740565932
2022-05-15 00:00:00,1419.6606879112528
2022-05-15 01:00:00,1543.7802579738068
2022-05-15 02:00:00,1553.0724640695496
2022-05-15 03:00:00,1589.468579003363
2022-05-15 04:00:00,1881.0744334670858
2022-05-15 05:00:00,2247.874619337759
2022-05-15 06:00:00,2135.5311556497845
2022-05-15 07:00:00,2134.6991658626566
2022-05-15 08:00:00,2352.954135503545
2022-05-15 09:00:00,2535.8942081253454
2022-05-15 10:00:00,2513.0932312684636
2022-05-15 11:00:00,2375.4518439322273
2022-05-15 12:00:00,2137.635941259925
2022-05-15 13:00:00,1924.5112575354733
2022-05-15 14:00:00,2074.3069958604233
2022-05-15 15:00:00,2169.221488075045
2022-05-15 16:00:00,2406.5803032513913
2022-05-15 17:00:00,2509.650545855236
2022-05-15 18:00:00,2348.5336112745545
2022-05-15 19:00:00,2427.291173606301
2022-05-15 20:00:00,2421.316940713473
2022-05-15 21:00:00,2186.651348332881
2022-05-15 22:00:00,2075.5611673854683
2022-05-15 23:00:00,1905.912944790393
2022-05-16 00:00:00,1870.43908032798
2022-05-16 01:00:00,1916.6813005703152
2022-05-16 02:00:00,2053.0558679162878
2022-05-16 03:00:00,2128.2631827989076
2022-05-16 04:00:00,2251.9802078898665
2022-05-16 05:00:00,2591.9515043896567
2022-05-16 06:00:00,2848.884392162571
2022-05-16 07:00:00,3169.639003707718
2022-05-16 08:00:00,3083.357635127447
2022-05-16 09:00:00,3382.289581613797
2022-05-16 10:00:00,3047.21372776196
2022-05-16 11:00:00,2973.407215786945
2022-05-16 12:00:00,2610.2973637333603
2022-05-16 13:00:00,2839.172324702985
2022-05-16 14:00:00,2774.0971537476325
2022-05-16 15:00:00,2965.0626701489023
2022-05-16 16:00:00,3220.7703783051006
2022-05-16 17:00:00,3452.6566490974565
2022-05-16 18:00:00,3085.631931477019
2022-05-16 19:00:00,3078.491515896895
2022-05-16 20:00:00,3178.350421103609
2022-05-16 21:00:00,2905.621239402845
2022-05-16 22:00:00,2457.1435715645616
2022-05-16 23:00:00,2239.7509859603574
2022-05-17 00:00:00,1832.4852727985476
2022-05-17 01:00:00,1875.2256842037411
2022-05-17 02:00:00,2038.0027680301662
2022-05-17 03:00:00,2135.780576141088
2022-05-17 04:00:00,2391.4275397223946
2022-05-17 05:00:00,2802.696082138983
2022-05-17 06:00:00,2681.872795375169
2022-05-17 07:00:00,3160.9640035002244
2022-05-17 08:00:00,3211.0749991887783
2022-05-17 09:00:00,3265.4875910669134
2022-05-17 10:00:00,3184.8424181539194
2022-05-17 11:00:00,2920.042301121014
2022-05-17 12:00:00,2887.0403886186386
2022-05-17 13:00:00,2631.8577701259846
2022-05-17 14:00:00,2719.66577803502
2022-05-17 15:00:00,3132.4101729790973
2022-05-17 16:00:00,3146.868938185795
2022-05-17 17:00:00,2919.5301711774646
2022-05-17 18:00:00,3334.1571944650386
2022-05-17 19:00:00,2956.0819316643006
2022-05-17 20:00:00,2666.0156899204935
2022-05-17 21:00:00,2775.523390325087
2022-05-17 22:00:00,2686.9347230946632
2022-05-17 23:00:00,2436.17349751263
2022-05-18 00:00:00,1958.2382051803052
2022-05-18 01:00:00,1882.179424648179
2022-05-18 02:00:00,2061.153671148141
2022-05-18 03:00:00,2198.2114380639655
2022-05-18 04:00:00,2280.7996208066343
2022-05-18 05:00:00,2676.9044057797473
2022-05-18 06:00:00,3007.682735153843
2022-05-18 07:00:00,3138.7181312079915
2022-05-18 08:00:00,3091.1206278586883
2022-05-18 09:00:00,2990.958460396172
2022-05-18 10:00:00,2840.084243577093
2022-05-18 11:00:00,2680.906720862309
2022-05-18 12:00:00,2943.0510277747485
2022-05-18 13:00:00,2721.059495586786
2022-05-18 14:00:00,2783.422321560985
2022-05-18 15:00:00,2883.490676813691
2022-05-18 16:00:00,2944.581681933394
2022-05-18 17:00:00,2984.086527149634
2022-05-18 18:00:00,3227.465973885683
2022-05-18 19:00:00,3217.278337959835
2022-05-18 20:00:00,3011.9704918148836
2022-05-18 21:00:00,2749.0786834948613
2022-05-18 22:00:00,2528.7688254009136
2022-05-18 23:00:00,2364.5387583835795
2022-05-19 00:00:00,1841.6794952115479
2022-05-19 01:00:00,2054.789898168186
2022-05-19 02:00:00,2018.7230787231103
2022-05-19 03:00:00,2185.9138999038037
2022-05-19 04:00:00,2289.7524041453557
2022-05-19 05:00:00,2327.084323632841
2022-05-19 06:00:00,2851.16702498105
2022-05-19 07:00:00,2861.233233883485
2022-05-19 08:00:00,3241.0027791171156
2022-05-19 09:00:00,3197.664210423734
2022-05-19 10:00:00,2754.702850782383
2022-05-19 11:00:00,2785.938689264152
2022-05-19 12:00:00,2937.0163405066346
2022-05-19 13:00:00,2796.730970491203
2022-05-19 14:00:00,2769.8263076592257
2022-05-19 15:00:00,2998.446733340502
2022-05-19 16:00:00,3076.414051554199
2022-05-19 17:00:00,3229.1595441399327
2022-05-19 18:00:00,3007.582927677066
2022-05-19 19:00:00,3398.0066841890894
2022-05-19 20:00:00,3296.652470742513
2022-05-19 21:00:00,2742.7471704487803
2022-05-19 22:00:00,2540.726080022
2022-05-19 23:00:00,2254.3893406590037
2022-05-20 00:00:00,1853.760491366306
2022-05-20 01:00:00,1824.2924570078897
2022-05-20 02:00:00,2026.1610629674635
2022-05-20 03:00:00,2103.7363318727266
2022-05-20 04:00:00,2431.0187948559296
2022-05-20 05:00:00,2355.7712949041065
2022-05-20 06:00:00,2827.4037753072425
2022-05-20 07:00:00,3187.3971794698627
2022-05-20 08:00:00,3091.75511038783
2022-05-20 09:00:00,3020.531523258716
2022-05-20 10:00:00,2956.9200766529234
2022-05-20 11:00:00,3020.496236729048
2022-05-20 12:00:00,2371.622777692179
2022-05-20 13:00:00,2653.987993371286
2022-05-20 14:00:00,2797.4117385829163
2022-05-20 15:00:00,2926.555128131135
2022-05-20 16:00:00,2793.932917418544
2022-05-20 17:00:00,3146.1881054460505
2022-05-20 18:00:00,2864.764728098212
2022-05-20 19:00:00,3190.432646494411
2022-05-20 20:00:00,2694.4334273518493
2022-05-20 21:00:00,2740.8239768867834
2022-05-20 22:00:00,2527.6313840851103
2022-05-20 23:00:00,2458.3760829515027
2022-05-21 00:00:00,1585.860090091807
2022-05-21 01:00:00,1685.0322732676339
2022-05-21 02:00:00,1557.8619481238827
2022-05-21 03:00:00,1844.4264859008485
2022-05-21 04:00:00,1901.6982840870212
2022-05-21 05:00:00,2195.856351824064
2022-05-21 06:00:00,2225.507888054988
2022-05-21 07:00:00,2667.583390892155
2022-05-21 08:00:00,2713.048335587307
2022-05-21 09:00:00,2682.1364786191207
2022-05-21 10:00:00,2720.9013566668605
2022-05-21 11:00:00,2158.953524188482
2022-05-21 12:00:00,2444.6406523717505
2022-05-21 13:00:00,2440.4076249716973
2022-05-21 14:00:00,2321.4959054470287
2022-05-21 15:00:00,2395.4817889409796
2022-05-21 16:00:00,2648.3840345123067
2022-05-21 17:00:00,2467.6258542887085
2022-05-21 18:00:00,2670.2548894525403
2022-05-21 19:00:00,2354.5171261411265
2022-05-21 20:00:00,2445.1882330999397
2022-05-21 21:00:00,2503.5812988108232
2022-05-21 22:00:00,2079.878650119264
2022-05-21 23:00:00,2066.2342054685664
2022-05-22 00:00:00,1466.500008253475
2022-05-22 01:00:00,1563.3094269103276
2022-05-22 02:00:00,1553.0799271473675
2022-05-22 03:00:00,1578.1204242621347
2022-05-22 04:00:00,1574.6094724587458
2022-05-22 05:00:00,1962.8381814229554
2022-05-22 06:00:00,2253.63122155825
2022-05-22 07:00:00,2277.0381503197927
2022-05-22 08:00:00,2476.347048868528
2022-05-22 09:00:00,2418.0928272083074
2022-05-22 10:00:00,2366.3771603441264
2022-05-22 11:00:00,2199.3817818695975
2022-05-22 12:00:00,2162.104649317245
2022-05-22 13:00:00,1934.028229557737
2022-05-22 14:00:00,2102.269711057625
2022-05-22 15:00:00,2014.4805240191654
2022-05-22 16:00:00,2233.547265309925
2022-05-22 17:00:00,2149.0660412871134
2022-05-22 18:00:00,2465.931201386667
2022-05-22 19:00:00,2341.5400256821094
2022-05-22 20:00:00,2265.2992415211215
2022-05-22 21:00:00,2278.397320631873
2022-05-22 22:00:00,2024.9954599005941
2022-05-22 23:00:00,1916.795348295975
2022-05-23 00:00:00,1794.3243262693913
2022-05-23 01:00:00,1883.580480505712
2022-05-23 02:00:00,2026.418640033436
2022-05-23 03:00:00,2333.3176499316937
2022-05-23 04:00:00,2320.0229659018
2022-05-23 05:00:00,2607.1853890192015
2022-05-23 06:00:00,2753.501175122922
2022-05-23 07:00:00,3094.5366112717184
2022-05-23 08:00:00,2996.5967216982363
2022-05-23 09:00:00,3286.79035600002
2022-05-23 10:00:00,2702.0480656348627
2022-05-23 11:00:00,2844.1134071387746
2022-05-23 12:00:00,2836.1208365101093
2022-05-23 13:00:00,2819.659556297927
2022-05-23 14:00:00,2849.310939781515
2022-05-23 15:00:00,2667.4679582696185
2022-05-23 16:00:00,2830.7184046075654
2022-05-23 17:00:00,3112.3024700260894
2022-05-23 18:00:00,3251.9478225469497
2022-05-23 19:00:00,2959.235493878316
2022-05-23 20:00:00,3066.9787283893747
2022-05-23 21:00:00,2770.9611830761123
2022-05-23 22:00:00,2625.025074992863
2022-05-23 23:00:00,2442.3558211135332
2022-05-24 00:00:00,1821.9789887075156
2022-05-24 01:00:00,1777.2312607634094
2022-05-24 02:00:00,1942.2240052642214
2022-05-24 03:00:00,2310.570186822419
2022-05-24 04:00:00,2383.1143818562587
2022-05-24 05:00:00,2485.960062377051
2022-05-24 06:00:00,2877.716087968208
2022-05-24 07:00:00,3130.8306296475234
2022-05-24 08:00:00,3064.9814172680676
2022-05-24 09:00:00,3089.5194757522345
2022-05-24 10:00:00,2849.4223630324027
2022-05-24 11:00:00,2930.799692472464
2022-05-24 12:00:00,2734.3202444707945
2022-05-24 13:00:00,2854.2695115911324
2022-05-24 14:00:00,2945.4908666484926
2022-05-24 15:00:00,2654.008168030672
2022-05-24 16:00:00,2989.8566012142305
2022-05-24 17:00:00,2906.6817271138502
2022-05-24 18:00:00,3254.7477265226635
2022-05-24 19:00:00,2975.597250532867
2022-05-24 20:00:00,2900.9248062152337
2022-05-24 21:00:00,2824.4797577622344
2022-05-24 22:00:00,2613.116238681072
2022-05-24 23:00:00,2060.751521468539
2022-05-25 00:00:00,1874.2276474684375
2022-05-25 01:00:00,1873.5786642451442
2022-05-25 02:00:00,2040.9737757757766
2022-05-25 03:00:00,2103.2908716363713
2022-05-25 04:00:00,2103.597144042204
2022-05-25 05:00:00,2319.1313606838257
2022-05-25 06:00:00,2775.939747498341
2022-05-25 07:00:00,3160.578976594386
2022-05-25 08:00:00,3157.1111837507397
2022-05-25 09:00:00,3279.62007157203
2022-05-25 10:00:00,2797.790630858597
2022-05-25 11:00:00,2909.101341692948
2022-05-25 12:00:00,2744.651406675386
2022-05-25 13:00:00,2847.369081304778
2022-05-25 14:00:00,2329.5225817260193
2022-05-25 15:00:00,2794.179277876047
2022-05-25 16:00:00,3109.9111262509914
2022-05-25 17:00:00,3169.554547953208
2022-05-25 18:00:00,2924.1710157420034
2022-05-25 19:00:00,2798.325809047016
2022-05-25 20:00:00,2875.767134896881
2022-05-25 21:00:00,2642.467372827304
2022-05-25 22:00:00,2577.2021454539404
2022-05-25 23:00:00,2190.0811183945707
2022-05-26 00:00:00,1955.0767627360733
2022-05-26 01:00:00,1875.1829158812527
2022-05-26 02:00:00,2015.92161636495
2022-05-26 03:00:00,2162.987904025747
2022-05-26 04:00:00,2373.0434891259797
2022-05-26 05:00:00,2275.9546507766477
2022-05-26 06:00:00,2731.9893026822083
2022-05-26 07:00:00,2911.943361352251
2022-05-26 08:00:00,2819.323558570358
2022-05-26 09:00:00,3073.75736772096
2022-05-26 10:00:00,3134.6838858381266
2022-05-26 11:00:00,2851.0630642736396
2022-05-26 12:00:00,2639.1232314750405
2022-05-26 13:00:00,2617.3146244688173
2022-05-26 14:00:00,2757.7634301511057
2022-05-26 15:00:00,2846.8999306354585
2022-05-26 16:00:00,2751.6704389522365
2022-05-26 17:00:00,3180.018505246985
2022-05-26 18:00:00,3020.251141423598
2022-05-26 19:00:00,3070.8660552018455
2022-05-26 20:00:00,2966.852434703713
2022-05-26 21:00:00,2813.1096820055063
2022-05-26 22:00:00,2482.1092011644114
2022-05-26 23:00:00,2405.3546703205097
2022-05-27 00:00:00,1887.824868033668
2022-05-27 01:00:00,1826.5197348079982
2022-05-27 02:00:00,1928.9008086393471
2022-05-27 03:00:00,1827.8617572048881
2022-05-27 04:00:00,2454.7191851376538
2022-05-27 05:00:00,2592.4314602035593
2022-05-27 06:00:00,2741.5967389462276
2022-05-27 07:00:00,3034.359441059993
2022-05-27 08:00:00,3064.9393814467053
2022-05-27 09:00:00,3270.7833812726367
2022-05-27 10:00:00,3279.4594967488806
2022-05-27 11:00:00,2729.190879309102
2022-05-27 12:00:00,2604.80080560504
2022-05-27 13:00:00,2602.8776814495623
2022-05-27 14:00:00,2863.6105426912527
2022-05-27 15:00:00,2713.24660293838
2022-05-27 16:00:00,2926.450203367409
2022-05-27 17:00:00,3004.529388478956
2022-05-27 18:00:00,2847.308704994965
2022-05-27 19:00:00,3116.3155971237234
2022-05-27 20:00:00,2847.780254723061
2022-05-27 21:00:00,2703.4359855972793
2022-05-27 22:00:00,2405.1972106841527
2022-05-27 23:00:00,2266.9482356666854
2022-05-28 00:00:00,1685.883384392308
2022-05-28 01:00:00,1622.8525330533014
2022-05-28 02:00:00,1622.1240111050029
2022-05-28 03:00:00,1858.4768926588304
2022-05-28 04:00:00,2017.028463066425
2022-05-28 05:00:00,2114.089499269223
2022-05-28 06:00:00,2541.9304465892205
2022-05-28 07:00:00,2693.7640426618577
2022-05-28 08:00:00,2346.7537065712445
2022-05-28 09:00:00,2934.4225659572917
2022-05-28 10:00:00,2444.2550655727528
2022-05-28 11:00:00,2398.6044348268756
2022-05-28 12:00:00,2424.8481421341507
2022-05-28 13:00:00,2180.895298496484
2022-05-28 14:00:00,2396.9029508975573
2022-05-28 15:00:00,2287.3764780709407
2022-05-28 16:00:00,2396.90336218076
2022-05-28 17:00:00,2501.6813534698754
2022-05-28 18:00:00,2631.255916942397
2022-05-28 19:00:00,2372.18879079516
2022-05-28 20:00:00,2328.3561735360013
2022-05-28 21:00:00,2586.4041496234363
2022-05-28 22:00:00,2131.114204937917
2022-05-28 23:00:00,2082.354586045208
2022-05-29 00:00:00,1434.2375395327033
2022-05-29 01:00:00,1449.5134765425428
2022-05-29 02:00:00,1450.8930065380814
2022-05-29 03:00:00,1733.726493481386
2022-05-29 04:00:00,1841.050679661519
2022-05-29 05:00:00,1795.9116854466797
2022-05-29 06:00:00,2163.237669348003
2022-05-29 07:00:00,2224.893276710336
2022-05-29 08:00:00,2228.3839267314443
2022-05-29 09:00:00,2174.146918140695
2022-05-29 10:00:00,2339.5814844033457
2022-05-29 11:00:00,2201.063132466931
2022-05-29 12:00:00,2173.4162557574396
2022-05-29 13:00:00,1951.4710054592415
2022-05-29 14:00:00,1980.8862745284312
2022-05-29 15:00:00,1976.1468750850265
2022-05-29 16:00:00,2092.9141496341604
2022-05-29 17:00:00,2058.329027564394
2022-05-29 18:00:00,2317.5944519635314
2022-05-29 19:00:00,2391.0059194098358
2022-05-29 20:00:00,2266.2677817431418
2022-05-29 21:00:00,2023.8130489584105
2022-05-29 22:00:00,1963.3377364446121
2022-05-29 23:00:00,1677.8719385367815
2022-05-30 00:00:00,1803.9611435328347
2022-05-30 01:00:00,1768.4795790429164
2022-05-30 02:00:00,1933.1520877297362
2022-05-30 03:00:00,2274.5190919410766
2022-05-30 04:00:00,2370.3523818497165
2022-05-30 05:00:00,2662.0348953189364
2022-05-30 06:00:00,2896.397863800093
2022-05-30 07:00:00,3002.7086625665856
2022-05-30 08:00:00,2970.0804951797254
2022-05-30 09:00:00,3192.3553520022165
2022-05-30 10:00:00,3095.734231134065
2022-05-30 11:00:00,3009.2484438527194
2022-05-30 12:00:00,2696.8685258155483
2022-05-30 13:00:00,2731.2954211921015
2022-05-30 14:00:00,2621.4251918129507
2022-05-30 15:00:00,2883.410622284889
2022-05-30 16:00:00,2996.5901842962144
2022-05-30 17:00:00,2974.059525824291
2022-05-30 18:00:00,3194.43686001542
2022-05-30 19:00:00,3056.4198532093747
2022-05-30 20:00:00,2528.7978927824506
2022-05-30 21:00:00,2553.1288292023037
2022-05-30 22:00:00,2577.527751482066
2022-05-30 23:00:00,2356.6105487193595
2022-05-31 00:00:00,1942.2819578419444
2022-05-31 01:00:00,1908.9190971123023
2022-05-31 02:00:00,1758.7117483433478
2022-05-31 03:00:00,2086.0369858413023
2022-05-31 04:00:00,2188.4125108846983
2022-05-31 05:00:00,2846.322508091999
2022-05-31 06:00:00,2880.5772296195287
2022-05-31 07:00:00,2878.4239883911505
2022-05-31 08:00:00,3111.9861735018976
2022-05-31 09:00:00,2932.9834843240915
2022-05-31 10:00:00,2869.9178924764037
2022-05-31 11:00:00,2518.2720030745545
2022-05-31 12:00:00,2769.337668627328
2022-05-31 13:00:00,2664.8595196905944
2022-05-31 14:00:00,2891.6558705862244
2022-05-31 15:00:00,2879.5194460753346
2022-05-31 16:00:00,2927.0490587615573
2022-05-31 17:00:00,3049.7538828052247
2022-05-31 18:00:00,3064.05485664553
2022-05-31 19:00:00,3101.6689876704677
2022-05-31 20:00:00,2786.0869889000146
2022-05-31 21:00:00,2548.85350510961
2022-05-31 22:00:00,2467.1332602936795
2022-05-31 23:00:00,2281.8164690204326
2022-06-01 00:00:00,1802.1456942165419
2022-06-01 01:00:00,1958.4126794603367
2022-06-01 02:00:00,1756.2300721316312
2022-06-01 03:00:00,2043.1494049151297
2022-06-01 04:00:00,2093.000284731719
2022-06-01 05:00:00,2481.9021913897564
2022-06-01 06:00:00,2731.760399440252
2022-06-01 07:00:00,2786.9624404191504
2022-06-01 08:00:00,3078.976847819984
2022-06-01 09:00:00,3189.044525533362
2022-06-01 10:00:00,3170.522524933028
2022-06-01 11:00:00,2529.5268435214452
2022-06-01 12:00:00,2712.383999093156
2022-06-01 13:00:00,2696.882936289141
2022-06-01 14:00:00,2593.7971903830226
2022-06-01 15:00:00,2774.004183611944
2022-06-01 16:00:00,2899.86553955301
2022-06-01 17:00:00,2802.5874652267757
2022-06-01 18:00:00,3188.44969901004
2022-06-01 19:00:00,2812.2158106396923
2022-06-01 20:00:00,3032.816498940878
2022-06-01 21:00:00,2577.810709788168
2022-06-01 22:00:00,2408.2302153241058
2022-06-01 23:00:00,2385.1918183627663
2022-06-02 00:00:00,1776.8345576817812
2022-06-02 01:00:00,1958.1687922207882
2022-06-02 02:00:00,1882.3358913615643
2022-06-02 03:00:00,2142.691110228088
2022-06-02 04:00:00,2111.6300111806686
2022-06-02 05:00:00,2491.657792115982
2022-06-02 06:00:00,2980.6063401602487
2022-06-02 07:00:00,2651.0836894107088
2022-06-02 08:00:00,2892.0181744101324
2022-06-02 09:00:00,2912.409572845034
2022-06-02 10:00:00,2970.4175194636487
2022-06-02 11:00:00,2801.620943713103
2022-06-02 12:00:00,2743.4470857831516
2022-06-02 13:00:00,2590.2335236094686
2022-06-02 14:00:00,2731.844434331188
2022-06-02 15:00:00,2402.813034841713
2022-06-02 16:00:00,3050.6431468914716
2022-06-02 17:00:00,3150.795855228084
2022-06-02 18:00:00,2887.5852971912423
2022-06-02 19:00:00,2962.6623362015503
2022-06-02 20:00:00,2862.984308062679
2022-06-02 21:00:00,2580.3847826374435
2022-06-02 22:00:00,2436.2309867865024
2022-06-02 23:00:00,2434.2075263024335
2022-06-03 00:00:00,1698.7668269154522
2022-06-03 01:00:00,1728.0697589636668
2022-06-03 02:00:00,2028.9876629447629
2022-06-03 03:00:00,2060.304427364426
2022-06-03 04:00:00,2371.5425996044933
2022-06-03 05:00:00,2588.6234079656874
2022-06-03 06:00:00,2565.1456646016622
2022-06-03 07:00:00,2819.569615697761
2022-06-03 08:00:00,3067.272022356334
2022-06-03 09:00:00,2917.8428642381054
2022-06-03 10:00:00,2997.8264758816726
2022-06-03 11:00:00,2896.9508170207027
2022-06-03 12:00:00,2559.3563960034794
2022-06-03 13:00:00,3002.298477537509
2022-06-03 14:00:00,2708.098675914063
2022-06-03 15:00:00,2982.1754312882595
2022-06-03 16:00:00,2887.938065060833
2022-06-03 17:00:00,2801.0379495983707
2022-06-03 18:00:00,3062.028495226178
2022-06-03 19:00:00,3122.4640141326504
2022-06-03 20:00:00,2767.5164578732256
2022-06-03 21:00:00,2723.000309319304
2022-06-03 22:00:00,2595.71587502394
2022-06-03 23:00:00,2393.050434829189
2022-06-04 00:00:00,1603.0165343060196
2022-06-04 01:00:00,1563.0089537631322
2022-06-04 02:00:00,1678.913464221142
2022-06-04 03:00:00,1659.1907507458438
2022-06-04 04:00:00,1850.3548961441434
2022-06-04 05:00:00,2278.099164783671
2022-06-04 06:00:00,2408.414430129949
2022-06-04 07:00:00,2511.6402248614904
2022-06-04 08:00:00,2314.9870679953196
2022-06-04 09:00:00,2638.9352557990837
2022-06-04 10:00:00,2423.8792979898467
2022-06-04 11:00:00,2575.737085343357
2022-06-04 12:00:00,2313.943514826082
2022-06-04 13:00:00,2241.5535096502563
2022-06-04 14:00:00,2062.6787086830536
2022-06-04 15:00:00,2431.3530800783738
2022-06-04 16:00:00,2522.556495648326
2022-06-04 17:00:00,2576.3233601199245
2022-06-04 18:00:00,2594.1776270095256
2022-06-04 19:00:00,2657.4261997403323
2022-06-04 20:00:00,2548.4176847556814
2022-06-04 21:00:00,2135.103874558671
2022-06-04 22:00:00,1951.1773831548207
2022-06-04 23:00:00,1891.0315409308118
2022-06-05 00:00:00,1264.9337125539732
2022-06-05 01:00:00,1481.6793644883198
2022-06-05 02:00:00,1447.0733079777663
2022-06-05 03:00:00,1423.652430510391
2022-06-05 04:00:00,1585.451785002291
2022-06-05 05:00:00,1812.2425512643852
2022-06-05 06:00:00,2141.4221869780545
2022-06-05 07:00:00,2123.2457242509627
2022-06-05 08:00:00,2370.2768080466285
2022-06-05 09:00:00,2515.1859944118587
2022-06-05 10:00:00,2368.897782583667
2022-06-05 11:00:00,2112.3716799981453
2022-06-05 12:00:00,1982.9334677633876
2022-06-05 13:00:00,1895.126255527559
2022-06-05 14:00:00,2215.4917680654003
2022-06-05 15:00:00,1988.1169975876605
2022-06-05 16:00:00,1916.3644494677358
2022-06-05 17:00:00,2278.337470394549
2022-06-05 18:00:00,2036.262334161861
2022-06-05 19:00:00,2343.7981994896068
2022-06-05 20:00:00,2167.2453822586403
2022-06-05 21:00:00,2047.0250510210112
2022-06-05 22:00:00,1797.079174986747
2022-06-05 23:00:00,1892.7060473236418
2022-06-06 00:00:00,1629.6057512379173
2022-06-06 01:00:00,1783.4191850154152
2022-06-06 02:00:00,1984.3379276360763
2022-06-06 03:00:00,2125.7091236242677
2022-06-06 04:00:00,2141.8327296952225
2022-06-06 05:00:00,2312.48889315858
2022-06-06 06:00:00,2565.160352155941
2022-06-06 07:00:00,2737.730846747991
2022-06-06 08:00:00,2954.388945530105
2022-06-06 09:00:00,2953.634720088294
2022-06-06 10:00:00,3074.507740897394
2022-06-06 11:00:00,2641.115396422487
2022-06-06 12:00:00,2371.8600591364598
2022-06-06 13:00:00,2398.359090948675
2022-06-06 14:00:00,2445.188383049287
2022-06-06 15:00:00,2684.2296581192013
2022-06-06 16:00:00,2836.3551525418166
2022-06-06 17:00:00,3081.3510062646346
2022-06-06 18:00:00,2929.6552469563526
2022-06-06 19:00:00,2976.8702898952965
2022-06-06 20:00:00,2607.692019004625
2022-06-06 21:00:00,2711.426203952381
2022-06-06 22:00:00,2390.954645326633
2022-06-06 23:00:00,2335.163861572498
2022-06-07 00:00:00,1855.433771443045
2022-06-07 01:00:00,1938.5069974233277
2022-06-07 02:00:00,1908.2629743008258
2022-06-07 03:00:00,2033.732194636123
2022-06-07 04:00:00,2321.328881605507
2022-06-07 05:00:00,2617.104478354933
2022-06-07 06:00:00,2512.977578485533
2022-06-07 07:00:00,2817.3752564299352
2022-06-07 08:00:00,3141.9227272483313
2022-06-07 09:00:00,3053.6537625309784
2022-06-07 10:00:00,2785.4584483377994
2022-06-07 11:00:00,2905.2180917541546
2022-06-07 12:00:00,2594.0385034164447
2022-06-07 13:00:00,2629.922781347959
2022-06-07 14:00:00,2650.01583582608
2022-06-07 15:00:00,2651.8275126768144
2022-06-07 16:00:00,3050.9117612771615
2022-06-07 17:00:00,2777.16269898852
2022-06-07 18:00:00,3132.182616050629
2022-06-07 19:00:00,2866.1573494375366
2022-06-07 20:00:00,2819.5460266373802
2022-06-07 21:00:00,2693.412691919445
2022-06-07 22:00:00,2547.086382357875
2022-06-07 23:00:00,2453.4573670178715
2022-06-08 00:00:00,1732.2025785431128
2022-06-08 01:00:00,1852.9724786878546
2022-06-08 02:00:00,1838.1853457991813
2022-06-08 03:00:00,2043.7328247600128
2022-06-08 04:00:00,2201.253130353296
2022-06-08 05:00:00,2339.6204799737175
2022-06-08 06:00:00,2611.184558868675
2022-06-08 07:00:00,2802.045959409147
2022-06-08 08:00:00,3229.230829150167
2022-06-08 09:00:00,3104.392107018057
2022-06-08 10:00:00,2571.9551658551222
2022-06-08 11:00:00,2762.0853378546067
2022-06-08 12:00:00,2628.1094791145706
2022-06-08 13:00:00,2438.517045977024
2022-06-08 14:00:00,2719.8034003800494
2022-06-08 15:00:00,2700.8260315197167
2022-06-08 16:00:00,2724.4838804808287
2022-06-08 17:00:00,2875.1128512294363
2022-06-08 18:00:00,2960.947276207254
2022-06-08 19:00:00,3036.3507470073596
2022-06-08 20:00:00,2893.4968682004233
2022-06-08 21:00:00,2541.1835799878654
2022-06-08 22:00:00,2330.526702892521
2022-06-08 23:00:00,2231.1109417322764
2022-06-09 00:00:00,1684.994232094174
2022-06-09 01:00:00,1916.9489134976336
2022-06-09 02:00:00,1912.210921447901
2022-06-09 03:00:00,1918.384866774177
2022-06-09 04:00:00,2088.2656103697204
2022-06-09 05:00:00,2402.498162209417
2022-06-09 06:00:00,2852.593385655108
2022-06-09 07:00:00,2788.4467739194265
2022-06-09 08:00:00,2772.947699268519
2022-06-09 09:00:00,3223.925032975067
2022-06-09 10:00:00,2953.6928368138624
2022-06-09 11:00:00,2736.0993071124412
2022-06-09 12:00:00,2553.6245199694376
2022-06-09 13:00:00,2625.96111787108
2022-06-09 14:00:00,2719.0781209530255
2022-06-09 15:00:00,2733.6266668679164
2022-06-09 16:00:00,2693.3356460766504
2022-06-09 17:00:00,2868.5612790888617
2022-06-09 18:00:00,2807.041087821921
2022-06-09 19:00:00,2567.00306887127
2022-06-09 20:00:00,2688.055179822898
2022-06-09 21:00:00,2844.1315071617387
2022-06-09 22:00:00,2372.187100008525
2022-06-09 23:00:00,2377.5833091563977
2022-06-10 00:00:00,1718.8198339036062
2022-06-10 01:00:00,1850.2818290363068
2022-06-10 02:00:00,1856.770455319519
2022-06-10 03:00:00,1955.8893835693868
2022-06-10 04:00:00,2319.020483104206
2022-06-10 05:00:00,2483.392925555591
2022-06-10 06:00:00,2603.876284030026
2022-06-10 07:00:00,3182.5759651308276
2022-06-10 08:00:00,3161.907575013227
2022-06-10 09:00:00,2959.8598032805144
2022-06-10 10:00:00,3064.846724326712
2022-06-10 11:00:00,2678.5459274575414
2022-06-10 12:00:00,2417.8227849831983
2022-06-10 13:00:00,2700.0740623851157
2022-06-10 14:00:00,2644.4429856780725
2022-06-10 15:00:00,2513.627467209873
2022-06-10 16:00:00,2957.6654637983715
2022-06-10 17:00:00,2881.2918378760055
2022-06-10 18:00:00,2866.411107153331
2022-06-10 19:00:00,2799.730460712874
2022-06-10 20:00:00,3068.641974418576
2022-06-10 21:00:00,2612.6207900185814
2022-06-10 22:00:00,2525.211268328343
2022-06-10 23:00:00,2367.9984296999264
2022-06-11 00:00:00,1597.4837012160535
2022-06-11 01:00:00,1638.8256834355016
2022-06-11 02:00:00,1636.1162686477253
2022-06-11 03:00:00,1610.236279166797
2022-06-11 04:00:00,1905.5528891112629
2022-06-11 05:00:00,2137.914132979691
2022-06-11 06:00:00,2363.181945582377
2022-06-11 07:00:00,2536.1443138278705
2022-06-11 08:00:00,2473.5172489351444
2022-06-11 09:00:00,2497.594136792294
2022-06-11 10:00:00,2251.3720388231504
2022-06-11 11:00:00,2423.3236222541645
2022-06-11 12:00:00,2251.201799557344
2022-06-11 13:00:00,2180.8764326643163
2022-06-11 14:00:00,2343.5858568676495
2022-06-11 15:00:00,2414.7365519072223
2022-06-11 16:00:00,2383.495361064515
2022-06-11 17:00:00,2406.0574772899863
2022-06-11 18:00:00,2552.1330453779674
2022-06-11 19:00:00,2638.9745877359314
2022-06-11 20:00:00,2419.5335167747467
2022-06-11 21:00:00,2051.7731118875513
2022-06-11 22:00:00,2136.658082575049
2022-06-11 23:00:00,1969.7983510720323
2022-06-12 00:00:00,1280.622500212144
2022-06-12 01:00:00,1255.6999211154878
2022-06-12 02:00:00,1649.5539837523065
2022-06-12 03:00:00,1493.2804135472309
2022-06-12 04:00:00,1693.1192382377037
2022-06-12 05:00:00,1844.6716068471176
2022-06-12 06:00:00,2008.8894059580718
2022-06-12 07:00:00,2213.5548817154045
2022-06-12 08:00:00,2251.255277091821
2022-06-12 09:00:00,2197.909626742167
2022-06-12 10:00:00,1987.8687105347835
2022-06-12 11:00:00,2165.8886063921527
2022-06-12 12:00:00,1921.6835988009334
2022-06-12 13:00:00,2040.3475271990958
2022-06-12 14:00:00,2098.2170934233154
2022-06-12 15:00:00,1950.3630797568894
2022-06-12 16:00:00,1964.7029159175015
2022-06-12 17:00:00,2251.426334626846
2022-06-12 18:00:00,2019.068134970394
2022-06-12 19:00:00,2276.8756849197575
2022-06-12 20:00:00,2188.084240469739
2022-06-12 21:00:00,2120.8707016891935
2022-06-12 22:00:00,1960.0465346225847
2022-06-12 23:00:00,1645.1659769137784
2022-06-13 00:00:00,1543.3141069606895
2022-06-13 01:00:00,1721.486649155222
2022-06-13 02:00:00,1983.6986894655824
2022-06-13 03:00:00,2116.1842611894363
2022-06-13 04:00:00,2206.60969472432
2022-06-13 05:00:00,2189.6325200965834
2022-06-13 06:00:00,2546.583302680946
2022-06-13 07:00:00,2616.1349689998874
2022-06-13 08:00:00,3135.838952691438
2022-06-13 09:00:00,2772.791477678374
2022-06-13 10:00:00,2632.8597841410415
2022-06-13 11:00:00,2636.451807196599
2022-06-13 12:00:00,2820.7359138633515
2022-06-13 13:00:00,2499.442446021792
2022-06-13 14:00:00,2683.2976654624126
2022-06-13 15:00:00,2664.299764927017
2022-06-13 16:00:00,2640.3832023762798
2022-06-13 17:00:00,3140.821933531807
2022-06-13 18:00:00,2999.246012618839
2022-06-13 19:00:00,2803.010775920093
2022-06-13 20:00:00,2776.287443451445
2022-06-13 21:00:00,2642.445979411433
2022-06-13 22:00:00,2219.7174232320967
2022-06-13 23:00:00,2190.6861938135203
2022-06-14 00:00:00,1629.7474205796939
2022-06-14 01:00:00,1757.6748891411942
2022-06-14 02:00:00,1841.248207560983
2022-06-14 03:00:00,1930.3181608974846
2022-06-14 04:00:00,2200.2035238406766
2022-06-14 05:00:00,2569.486406906783
2022-06-14 06:00:00,2683.347949643564
2022-06-14 07:00:00,2904.2539586878534
2022-06-14 08:00:00,2907.917076085539
2022-06-14 09:00:00,2789.2875897832564
2022-06-14 10:00:00,2859.278278996812
2022-06-14 11:00:00,2797.727841251584
2022-06-14 12:00:00,2249.1648477142953
2022-06-14 13:00:00,2644.6995481469103
2022-06-14 14:00:00,2483.3412829883673
2022-06-14 15:00:00,2425.98907882016
2022-06-14 16:00:00,2730.8753793499477
2022-06-14 17:00:00,2868.6211173264132
2022-06-14 18:00:00,2861.5185682449073
2022-06-14 19:00:00,2827.28278126589
2022-06-14 20:00:00,2772.4877697646502
2022-06-14 21:00:00,2782.0287365012227
2022-06-14 22:00:00,2267.32458950506
2022-06-14 23:00:00,2286.6280714971795
2022-06-15 00:00:00,1706.5236652111355
2022-06-15 01:00:00,1783.2749915481677
2022-06-15 02:00:00,1846.980266902339
2022-06-15 03:00:00,1877.6634292130918
2022-06-15 04:00:00,2217.6150611939997
2022-06-15 05:00:00,2382.274503930165
2022-06-15 06:00:00,2850.9710235371313
2022-06-15 07:00:00,2624.4572773426153
2022-06-15 08:00:00,2937.3876605519786
2022-06-15 09:00:00,2885.8017398820125
2022-06-15 10:00:00,2580.2237974626973
2022-06-15 11:00:00,2577.1694826084554
2022-06-15 12:00:00,2499.561090984263
2022-06-15 13:00:00,2471.2579598148573
2022-06-15 14:00:00,2669.287777767788
2022-06-15 15:00:00,2486.877431532469
2022-06-15 16:00:00,2903.0200258484456
2022-06-15 17:00:00,2895.596436061095
2022-06-15 18:00:00,3018.005080283734
2022-06-15 19:00:00,2764.9322181259768
2022-06-15 20:00:00,2589.8100078136986
2022-06-15 21:00:00,2560.5818851121144
2022-06-15 22:00:00,2654.8040266823127
2022-06-15 23:00:00,2235.2990852830253
2022-06-16 00:00:00,1673.7513575312084
2022-06-16 01:00:00,1798.730906603282
2022-06-16 02:00:00,1869.1238518755426
2022-06-16 03:00:00,1888.3553691855013
2022-06-16 04:00:00,2187.0068596638257
2022-06-16 05:00:00,2618.1710657265803
2022-06-16 06:00:00,2772.1895590383283
2022-06-16 07:00:00,2692.278819415916
2022-06-16 08:00:00,2865.7511087561325
2022-06-16 09:00:00,3185.9849847789033
2022-06-16 10:00:00,2620.9975329193685
2022-06-16 11:00:00,2772.701794057986
2022-06-16 12:00:00,2670.647774313827
2022-06-16 13:00:00,2793.0198105014124
2022-06-16 14:00:00,2475.133665797888
2022-06-16 15:00:00,2687.3663042113944
2022-06-16 16:00:00,2715.6835138836286
2022-06-16 17:00:00,2849.9610085874897
2022-06-16 18:00:00,2844.1203085119582
2022-06-16 19:00:00,2763.122653159522
2022-06-16 20:00:00,3015.186315248112
2022-06-16 21:00:00,2578.4701244847734
2022-06-16 22:00:00,2328.87404548966
2022-06-16 23:00:00,2263.124737584315
2022-06-17 00:00:00,1744.8618704180294
2022-06-17 01:00:00,1856.6023217435304
2022-06-17 02:00:00,1820.3544354670755
2022-06-17 03:00:00,2015.5507269491986
2022-06-17 04:00:00,2069.3710754263757
2022-06-17 05:00:00,2307.4808619348537
2022-06-17 06:00:00,2719.853793207101
2022-06-17 07:00:00,3004.557971098648
2022-06-17 08:00:00,3347.229817027268
2022-06-17 09:00:00,2921.961451448764
2022-06-17 10:00:00,2914.8331046142453
2022-06-17 11:00:00,2703.0943459740074
2022-06-17 12:00:00,2339.607858651946
2022-06-17 13:00:00,2398.582876324556
2022-06-17 14:00:00,2626.140297152039
2022-06-17 15:00:00,2605.484653328567
2022-06-17 16:00:00,2762.612149222557
2022-06-17 17:00:00,2928.173672624359
2022-06-17 18:00:00,2924.3282818295024
2022-06-17 19:00:00,2717.45304722954
2022-06-17 20:00:00,2992.511750331996
2022-06-17 21:00:00,2671.5151268903787
2022-06-17 22:00:00,2392.9277133701808
2022-06-17 23:00:00,2058.5938729948366
2022-06-18 00:00:00,1687.0725998769092
2022-06-18 01:00:00,1515.432573732948
2022-06-18 02:00:00,1470.8026783980997
2022-06-18 03:00:00,1725.7660357589796
2022-06-18 04:00:00,2045.2194466922554
2022-06-18 05:00:00,2151.5599821230376
2022-06-18 06:00:00,2011.1789591943186
2022-06-18 07:00:00,2410.163802608921
2022-06-18 08:00:00,2489.654640520562
2022-06-18 09:00:00,2375.2709593990803
2022-06-18 10:00:00,2491.089295039502
2022-06-18 11:00:00,2185.911294337464
2022-06-18 12:00:00,2291.173525608294
2022-06-18 13:00:00,2196.331688979737
2022-06-18 14:00:00,2186.680675812523
2022-06-18 15:00:00,2195.5010060979844
2022-06-18 16:00:00,2498.4988903039202
2022-06-18 17:00:00,2605.3177580856272
2022-06-18 18:00:00,2505.722483209676
2022-06-18 19:00:00,2232.0543638360805
2022-06-18 20:00:00,2267.869316721849
2022-06-18 21:00:00,2325.9357686246617
2022-06-18 22:00:00,2018.2656539229254
2022-06-18 23:00:00,1916.8095642767282
2022-06-19 00:00:00,1164.8468911571736
2022-06-19 01:00:00,1392.5341461940466
2022-06-19 02:00:00,1442.8524948968027
2022-06-19 03:00:00,1508.9293942451382
2022-06-19 04:00:00,1662.9680739641633
2022-06-19 05:00:00,1795.511502289952
2022-06-19 06:00:00,2217.064206141813
2022-06-19 07:00:00,2274.0396754335484
2022-06-19 08:00:00,2141.9491602469866
2022-06-19 09:00:00,2077.2783223119745
2022-06-19 10:00:00,2084.7614938312818
2022-06-19 11:00:00,1992.555622987672
2022-06-19 12:00:00,2120.489872715346
2022-06-19 13:00:00,2061.0270995011706
2022-06-19 14:00:00,1973.4915580808001
2022-06-19 15:00:00,2086.419116832618
2022-06-19 16:00:00,1883.5552028266432
2022-06-19 17:00:00,2271.7502678467786
2022-06-19 18:00:00,2152.1624818500363
2022-06-19 19:00:00,2076.270600406094
2022-06-19 20:00:00,2016.6597271105722
2022-06-19 21:00:00,1985.458802555722
2022-06-19 22:00:00,2008.0386157903001
2022-06-19 23:00:00,1837.674273182898
2022-06-20 00:00:00,1720.163656919415
2022-06-20 01:00:00,1859.7356580048342
2022-06-20 02:00:00,1969.4443273569707
2022-06-20 03:00:00,2054.318599239166
2022-06-20 04:00:00,2168.0809970880523
2022-06-20 05:00:00,2453.396734173273
2022-06-20 06:00:00,2432.0423299039203
2022-06-20 07:00:00,2749.1220832204826
2022-06-20 08:00:00,2786.5344283086133
2022-06-20 09:00:00,2914.8485267186916
2022-06-20 10:00:00,2767.8949187102244
2022-06-20 11:00:00,2451.237824235282
2022-06-20 12:00:00,2637.622086869159
2022-06-20 13:00:00,2298.7033796592928
2022-06-20 14:00:00,2631.0389086066607
2022-06-20 15:00:00,2624.01959288046
2022-06-20 16:00:00,2810.4230595439003
2022-06-20 17:00:00,2863.7082089217683
2022-06-20 18:00:00,2946.7834121684728
2022-06-20 19:00:00,2698.596312305886
2022-06-20 20:00:00,2762.5200734662317
2022-06-20 21:00:00,2645.962860766063
2022-06-20 22:00:00,2413.5520627003125
2022-06-20 23:00:00,2364.2648622948527
2022-06-21 00:00:00,1776.6527714260799
2022-06-21 01:00:00,1690.381758493419
2022-06-21 02:00:00,1710.8141094302323
2022-06-21 03:00:00,1921.2718715078627
2022-06-21 04:00:00,2202.440632625877
2022-06-21 05:00:00,2527.439327775141
2022-06-21 06:00:00,2551.598854311154
2022-06-21 07:00:00,2961.0037444490595
2022-06-21 08:00:00,2882.565842465547
2022-06-21 09:00:00,2927.3068674098945
2022-06-21 10:00:00,2972.777291999427
2022-06-21 11:00:00,2516.7164074955163
2022-06-21 12:00:00,2417.429883927351
2022-06-21 13:00:00,2619.781465813975
2022-06-21 14:00:00,2513.412665561213
2022-06-21 15:00:00,2944.4650650452727
2022-06-21 16:00:00,2575.5658336669558
2022-06-21 17:00:00,2712.5196118015547
2022-06-21 18:00:00,2678.759998040807
2022-06-21 19:00:00,2863.064760401444
2022-06-21 20:00:00,2710.0382049797327
2022-06-21 21:00:00,2537.242992928435
2022-06-21 22:00:00,2447.8496026566004
2022-06-21 23:00:00,2352.6746678519685
2022-06-22 00:00:00,1827.1307946978782
2022-06-22 01:00:00,1615.3738337259665
2022-06-22 02:00:00,1824.3025817410512
2022-06-22 03:00:00,2089.887699288288
2022-06-22 04:00:00,2057.2726187241205
2022-06-22 05:00:00,2358.0526143947486
2022-06-22 06:00:00,2754.979332742658
2022-06-22 07:00:00,2661.0651671536184
2022-06-22 08:00:00,2735.0955960422352
2022-06-22 09:00:00,2844.7157527595414
2022-06-22 10:00:00,2682.0503043812473
2022-06-22 11:00:00,2521.872173870024
2022-06-22 12:00:00,2464.6534325425987
2022-06-22 13:00:00,2529.060979634239
2022-06-22 14:00:00,2468.069795406023
2022-06-22 15:00:00,2372.5468366328546
2022-06-22 16:00:00,2670.8800843401295
2022-06-22 17:00:00,2970.5431433652784
2022-06-22 18:00:00,2676.283488777112
2022-06-22 19:00:00,2726.825471344536
2022-06-22 20:00:00,2580.7119986784555
2022-06-22 21:00:00,2520.8081276954135
2022-06-22 22:00:00,2409.562127778201
2022-06-22 23:00:00,2250.195844610992
2022-06-23 00:00:00,1573.28051285781
2022-06-23 01:00:00,1791.8153029754271
2022-06-23 02:00:00,1833.7187288400944
2022-06-23 03:00:00,1994.8120540968373
2022-06-23 04:00:00,2292.524851405637
2022-06-23 05:00:00,2273.329721180522
2022-06-23 06:00:00,2775.5370362461426
2022-06-23 07:00:00,2562.649254350415
2022-06-23 08:00:00,2958.508668021129
2022-06-23 09:00:00,2790.3092370351133
2022-06-23 10:00:00,2788.0212953745186
2022-06-23 11:00:00,2542.4145682960425
2022-06-23 12:00:00,2775.905005063314
2022-06-23 13:00:00,2448.332016509448
2022-06-23 14:00:00,2442.0763800273835
2022-06-23 15:00:00,2449.9714645844347
2022-06-23 16:00:00,2722.2775101273787
2022-06-23 17:00:00,2658.2630666917844
2022-06-23 18:00:00,2801.450371373218
2022-06-23 19:00:00,2773.2532659395433
2022-06-23 20:00:00,2618.698616664724
2022-06-23 21:00:00,2626.2985298036697
2022-06-23 22:00:00,2280.1694718925587
2022-06-23 23:00:00,2272.64817081686
2022-06-24 00:00:00,1829.7281764134073
2022-06-24 01:00:00,1710.0403184774843
2022-06-24 02:00:00,1868.0700015015743
2022-06-24 03:00:00,1910.5186445491197
2022-06-24 04:00:00,2167.095996318887
2022-06-24 05:00:00,2418.225966814552
2022-06-24 06:00:00,2670.153555847748
2022-06-24 07:00:00,2944.616143886608
2022-06-24 08:00:00,2689.340643329266
2022-06-24 09:00:00,2794.67747821287
2022-06-24 10:00:00,2810.936450457154
2022-06-24 11:00:00,2559.2610081238045
2022-06-24 12:00:00,2357.5085663375144
2022-06-24 13:00:00,2452.9845459066055
2022-06-24 14:00:00,2552.014799956464
2022-06-24 15:00:00,2663.7407531664526
2022-06-24 16:00:00,2835.4252982802873
2022-06-24 17:00:00,2820.1013034006796
2022-06-24 18:00:00,2565.9448670141496
2022-06-24 19:00:00,2882.1604479780226
2022-06-24 20:00:00,2664.6706897975723
2022-06-24 21:00:00,2358.6576394391323
2022-06-24 22:00:00,2289.5324367375565
2022-06-24 23:00:00,2198.8516948974243
2022-06-25 00:00:00,1439.0009469352742
2022-06-25 01:00:00,1464.1920161633832
2022-06-25 02:00:00,1527.3823205418003
2022-06-25 03:00:00,1760.0574211344715
2022-06-25 04:00:00,1753.1929291589497
2022-06-25 05:00:00,2023.435300779756
2022-06-25 06:00:00,2325.5251278691517
2022-06-25 07:00:00,2215.333427001996
2022-06-25 08:00:00,2424.3253227911628
2022-06-25 09:00:00,2385.1978302543444
2022-06-25 10:00:00,2388.439557431181
2022-06-25 11:00:00,2283.434985264144
2022-06-25 12:00:00,2160.2303254997887
2022-06-25 13:00:00,2075.9521310425584
2022-06-25 14:00:00,2095.7403690650035
2022-06-25 15:00:00,2055.7068753845097
2022-06-25 16:00:00,2397.252208537046
2022-06-25 17:00:00,2463.303347986863
2022-06-25 18:00:00,2607.754880716262
2022-06-25 19:00:00,2320.203028788521
2022-06-25 20:00:00,2451.933840954015
2022-06-25 21:00:00,2384.7821081142515
2022-06-25 22:00:00,2116.877626983199
2022-06-25 23:00:00,1697.6006656970476
2022-06-26 00:00:00,1302.9256083113512
2022-06-26 01:00:00,1247.4334876554024
2022-06-26 02:00:00,1272.0422361768767
2022-06-26 03:00:00,1587.176386282443
2022-06-26 04:00:00,1735.0693597732827
2022-06-26 05:00:00,1847.0746284746685
2022-06-26 06:00:00,1981.3924902078443
2022-06-26 07:00:00,2180.9852852465588
2022-06-26 08:00:00,2193.5365330945015
2022-06-26 09:00:00,2195.6201733014
2022-06-26 10:00:00,2131.7448279632417
2022-06-26 11:00:00,2005.4407733894864
2022-06-26 12:00:00,1839.979938099616
2022-06-26 13:00:00,1930.4056045462983
2022-06-26 14:00:00,2219.9629699585794
2022-06-26 15:00:00,2012.258118315411
2022-06-26 16:00:00,1943.6964782941059
2022-06-26 17:00:00,2158.1520779413245
2022-06-26 18:00:00,2281.9544801008014
2022-06-26 19:00:00,2192.1008702572935
2022-06-26 20:00:00,1991.0024911538976
2022-06-26 21:00:00,1888.771933059703
2022-06-26 22:00:00,1748.4765311570536
2022-06-26 23:00:00,1743.3502060149933
2022-06-27 00:00:00,1544.5532962187813
2022-06-27 01:00:00,1862.9745785071948
2022-06-27 02:00:00,1798.3200246609551
2022-06-27 03:00:00,1918.5980823218124
2022-06-27 04:00:00,2303.4246740650647
2022-06-27 05:00:00,2242.8160018185754
2022-06-27 06:00:00,2730.917411993637
2022-06-27 07:00:00,2596.8272495582514
2022-06-27 08:00:00,3110.2024072720965
2022-06-27 09:00:00,2897.1579373432733
2022-06-27 10:00:00,2731.1286228853705
2022-06-27 11:00:00,2476.513433905146
2022-06-27 12:00:00,2522.1102497218194
2022-06-27 13:00:00,2721.5277406737096
2022-06-27 14:00:00,2723.994917592441
2022-06-27 15:00:00,2593.7454701522606
2022-06-27 16:00:00,2718.4613206694385
2022-06-27 17:00:00,2678.014256158048
2022-06-27 18:00:00,2631.251300691618
2022-06-27 19:00:00,2838.7004521980066
2022-06-27 20:00:00,2770.0759829107506
2022-06-27 21:00:00,2376.5427238995494
2022-06-27 22:00:00,2330.930560488865
2022-06-27 23:00:00,2272.1495103184425
2022-06-28 00:00:00,1701.8032049138726
2022-06-28 01:00:00,1811.3874180374896
2022-06-28 02:00:00,1889.6287799226882
2022-06-28 03:00:00,2059.640976809907
2022-06-28 04:00:00,2064.1667571460594
2022-06-28 05:00:00,2443.8208322842625
2022-06-28 06:00:00,2528.801050580729
2022-06-28 07:00:00,2756.8116460946662
2022-06-28 08:00:00,2639.2660644718317
2022-06-28 09:00:00,2816.6404420570752
2022-06-28 10:00:00,2667.3998987720493
2022-06-28 11:00:00,2543.914102695526
2022-06-28 12:00:00,2394.4348480981107
2022-06-28 13:00:00,2298.29162734927
2022-06-28 14:00:00,2342.8813266868774
2022-06-28 15:00:00,2545.318824881598
2022-06-28 16:00:00,2751.7097320236476
2022-06-28 17:00:00,2676.1800740324006
2022-06-28 18:00:00,2740.215047796363
2022-06-28 19:00:00,2886.640937258954
2022-06-28 20:00:00,2626.2931376302026
2022-06-28 21:00:00,2739.086206163824
2022-06-28 22:00:00,2402.1010729417994
2022-06-28 23:00:00,2002.5296164253543
2022-06-29 00:00:00,1637.909893796056
2022-06-29 01:00:00,1537.4623598969717
2022-06-29 02:00:00,1953.1596536153252
2022-06-29 03:00:00,2031.1208351320602
2022-06-29 04:00:00,1951.3609302018024
2022-06-29 05:00:00,2391.787739662323
2022-06-29 06:00:00,2692.6028505314393
2022-06-29 07:00:00,2757.9285363001422
2022-06-29 08:00:00,2699.5716162357207
2022-06-29 09:00:00,2587.5854540927394
2022-06-29 10:00:00,2668.4398078098607
2022-06-29 11:00:00,2646.1299542470733
2022-06-29 12:00:00,2686.7308815335045
2022-06-29 13:00:00,2339.1382341431836
2022-06-29 14:00:00,2453.955187066801
2022-06-29 15:00:00,2655.890028772373
2022-06-29 16:00:00,2865.708277937302
2022-06-29 17:00:00,2708.996919354485
2022-06-29 18:00:00,2813.9327891467483
2022-06-29 19:00:00,2726.7365282497435
2022-06-29 20:00:00,2470.902427516717
2022-06-29 21:00:00,2592.583590699281
2022-06-29 22:00:00,2250.3410715187647
2022-06-29 23:00:00,2176.339283604375
2022-06-30 00:00:00,1689.9931618576327
2022-06-30 01:00:00,1565.4662635585114
2022-06-30 02:00:00,1815.045667737598
2022-06-30 03:00:00,1806.7165139306555
2022-06-30 04:00:00,1977.4046005410312
2022-06-30 05:00:00,2314.3831817070813
2022-06-30 06:00:00,2516.2015650437456
2022-06-30 07:00:00,2728.7865743188554
2022-06-30 08:00:00,2811.741748172388
2022-06-30 09:00:00,2828.461953951557
2022-06-30 10:00:00,2637.2283824447986
2022-06-30 11:00:00,2614.1521088273266
2022-06-30 12:00:00,2419.9621699381037
2022-06-30 13:00:00,2319.5628903195434
2022-06-30 14:00:00,2355.397675833734
2022-06-30 15:00:00,2515.9871937986018
2022-06-30 16:00:00,2576.736643641693
2022-06-30 17:00:00,3002.892855677767
2022-06-30 18:00:00,2881.14908650507
2022-06-30 19:00:00,2391.2492220246454
2022-06-30 20:00:00,2651.3194112788833
2022-06-30 21:00:00,2317.5729054962385
2022-06-30 22:00:00,2332.721960288687
2022-06-30 23:00:00,2009.4504530989923
2022-07-01 00:00:00,1659.150192916047
2022-07-01 01:00:00,1715.18903365698
2022-07-01 02:00:00,1694.2932181241424
2022-07-01 03:00:00,2004.7482633756642
2022-07-01 04:00:00,2168.9226766017
2022-07-01 05:00:00,2180.6201093108853
2022-07-01 06:00:00,2556.971429738078
2022-07-01 07:00:00,2868.9618239166853
2022-07-01 08:00:00,2805.6538728357036
2022-07-01 09:00:00,2629.360126776982
2022-07-01 10:00:00,2630.725535142994
2022-07-01 11:00:00,2519.0230735603204
2022-07-01 12:00:00,2361.7697311058014
2022-07-01 13:00:00,2508.999640813958
2022-07-01 14:00:00,2547.527601310703
2022-07-01 15:00:00,2446.1347451685147
2022-07-01 16:00:00,2514.9641225786695
2022-07-01 17:00:00,2626.328322052254
2022-07-01 18:00:00,2768.297817815258
2022-07-01 19:00:00,2543.16613157944
2022-07-01 20:00:00,2639.845368221042
2022-07-01 21:00:00,2631.3131917182163
2022-07-01 22:00:00,2465.282161704551
2022-07-01 23:00:00,2091.1583990893046
2022-07-02 00:00:00,1438.0874567662613
2022-07-02 01:00:00,1502.718868196551
2022-07-02 02:00:00,1631.6833506153175
2022-07-02 03:00:00,1615.246101036391
2022-07-02 04:00:00,1667.4656372329616
2022-07-02 05:00:00,2148.897358419665
2022-07-02 06:00:00,2224.6809124396614
2022-07-02 07:00:00,2524.5491636292477
2022-07-02 08:00:00,2493.75643232563
2022-07-02 09:00:00,2167.628474928085
2022-07-02 10:00:00,2300.549462062858
2022-07-02 11:00:00,2102.985030813681
2022-07-02 12:00:00,2114.632983697654
2022-07-02 13:00:00,2139.6196262971484
2022-07-02 14:00:00,2141.6566677932888
2022-07-02 15:00:00,2364.713804241832
2022-07-02 16:00:00,2458.5888629811125
2022-07-02 17:00:00,2326.533697707534
2022-07-02 18:00:00,2463.445673228161
2022-07-02 19:00:00,2376.1616193326436
2022-07-02 20:00:00,2345.934664896356
2022-07-02 21:00:00,2004.8548025090747
2022-07-02 22:00:00,2048.108085725661
2022-07-02 23:00:00,1944.6681654596543
2022-07-03 00:00:00,1391.49788235815
2022-07-03 01:00:00,1377.7623898723582
2022-07-03 02:00:00,1289.1355255418325
2022-07-03 03:00:00,1522.3306003915102
2022-07-03 04:00:00,1656.710120080797
2022-07-03 05:00:00,1696.5051348477118
2022-07-03 06:00:00,1978.0596746517338
2022-07-03 07:00:00,2200.1239428107942
2022-07-03 08:00:00,2398.7698009033893
2022-07-03 09:00:00,2186.149995356511
2022-07-03 10:00:00,2195.484344922723
2022-07-03 11:00:00,2018.8468044385445
2022-07-03 12:00:00,2000.8848123095677
2022-07-03 13:00:00,1796.897863537705
2022-07-03 14:00:00,1829.8918933066734
2022-07-03 15:00:00,2093.959628781388
2022-07-03 16:00:00,2203.2173471208444
2022-07-03 17:00:00,2070.823366434483
2022-07-03 18:00:00,2107.0936578826972
2022-07-03 19:00:00,2130.246961127962
2022-07-03 20:00:00,2210.108182385848
2022-07-03 21:00:00,1878.7045917948994
2022-07-03 22:00:00,1885.1785288501521
2022-07-03 23:00:00,1630.6508216670975
2022-07-04 00:00:00,1684.3210531829964
2022-07-04 01:00:00,1852.729912460595
2022-07-04 02:00:00,1956.8378268769163
2022-07-04 03:00:00,1916.4386884082137
2022-07-04 04:00:00,2056.389642786468
2022-07-04 05:00:00,2449.3318308410467
2022-07-04 06:00:00,2765.0271214067866
2022-07-04 07:00:00,2777.180960379787
2022-07-04 08:00:00,3083.7469467707856
2022-07-04 09:00:00,2799.3608269239357
2022-07-04 10:00:00,2568.5741475494497
2022-07-04 11:00:00,2600.3599927514947
2022-07-04 12:00:00,2627.3266617406416
2022-07-04 13:00:00,2582.920445035365
2022-07-04 14:00:00,2435.8002212234733
2022-07-04 15:00:00,2692.103920752946
2022-07-04 16:00:00,2914.186606565002
2022-07-04 17:00:00,2990.720735455491
2022-07-04 18:00:00,2758.1801179790323
2022-07-04 19:00:00,2819.527907003734
2022-07-04 20:00:00,2568.6604705668487
2022-07-04 21:00:00,2477.5416334065753
2022-07-04 22:00:00,2372.0634230894884
2022-07-04 23:00:00,2184.422376623409
2022-07-05 00:00:00,1619.201440042462
2022-07-05 01:00:00,1761.2938911596723
2022-07-05 02:00:00,1852.2183358576276
2022-07-05 03:00:00,1816.7659225049322
2022-07-05 04:00:00,2157.2125915552497
2022-07-05 05:00:00,2257.4247028007258
2022-07-05 06:00:00,2476.0276644489913
2022-07-05 07:00:00,2666.218633010706
2022-07-05 08:00:00,3037.645084905831
2022-07-05 09:00:00,2911.26748091302
2022-07-05 10:00:00,2571.505312011899
2022-07-05 11:00:00,2592.2799561029324
2022-07-05 12:00:00,2633.6878109497766
2022-07-05 13:00:00,2311.555859512395
2022-07-05 14:00:00,2688.018070954805
2022-07-05 15:00:00,2643.4889387742855
2022-07-05 16:00:00,2739.777526516735
2022-07-05 17:00:00,2883.087001741279
2022-07-05 18:00:00,2763.087848846885
2022-07-05 19:00:00,2686.038043159002
2022-07-05 20:00:00,2570.5337743068285
2022-07-05 21:00:00,2365.702642511413
2022-07-05 22:00:00,2439.159410164119
2022-07-05 23:00:00,2235.68414270758
2022-07-06 00:00:00,1679.5757701576858
2022-07-06 01:00:00,1789.0920664653388
2022-07-06 02:00:00,1833.6984956224615
2022-07-06 03:00:00,1833.0825511101903
2022-07-06 04:00:00,2188.647127758813
2022-07-06 05:00:00,2246.1370232343406
2022-07-06 06:00:00,2541.2493231989133
2022-07-06 07:00:00,2908.142309179122
2022-07-06 08:00:00,2732.6341444250866
2022-07-06 09:00:00,2970.16825453008
2022-07-06 10:00:00,2461.752230526419
2022-07-06 11:00:00,2756.60210658265
2022-07-06 12:00:00,2285.4115464162614
2022-07-06 13:00:00,2353.597974374852
2022-07-06 14:00:00,2383.2750752461425
2022-07-06 15:00:00,2498.6483535428947
2022-07-06 16:00:00,2771.993445369886
2022-07-06 17:00:00,2849.148221437965
2022-07-06 18:00:00,2844.2796161480474
2022-07-06 19:00:00,2940.3292789345605
2022-07-06 20:00:00,2715.0703599999724
2022-07-06 21:00:00,2407.592119217423
2022-07-06 22:00:00,2614.6630569209715
2022-07-06 23:00:00,2348.020806170636
2022-07-07 00:00:00,1625.2710402159992
2022-07-07 01:00:00,1586.181510123397
2022-07-07 02:00:00,1795.8375595496452
2022-07-07 03:00:00,1883.7928445258667
2022-07-07 04:00:00,2151.517025613353
2022-07-07 05:00:00,2199.317549833949
2022-07-07 06:00:00,2533.9776273138773
2022-07-07 07:00:00,2741.932019737613
2022-07-07 08:00:00,2762.160928380074
2022-07-07 09:00:00,2811.7249630033552
2022-07-07 10:00:00,2721.6358436298515
2022-07-07 11:00:00,2628.1353540636555
2022-07-07 12:00:00,2439.5467693543837
2022-07-07 13:00:00,2374.0348910704056
2022-07-07 14:00:00,2514.1243294986766
2022-07-07 15:00:00,2584.0832055393694
2022-07-07 16:00:00,2617.8086320150314
2022-07-07 17:00:00,2638.484002370095
2022-07-07 18:00:00,3045.241351283429
2022-07-07 19:00:00,2811.7433355694407
2022-07-07 20:00:00,2428.247975711928
2022-07-07 21:00:00,2729.69948140506
2022-07-07 22:00:00,2350.366708726913
2022-07-07 23:00:00,2325.37244455844
2022-07-08 00:00:00,1622.5087181742626
2022-07-08 01:00:00,1804.9098746810412
2022-07-08 02:00:00,1814.3320168217479
2022-07-08 03:00:00,1917.6070692791882
2022-07-08 04:00:00,2153.9984929187754
2022-07-08 05:00:00,2382.917567085752
2022-07-08 06:00:00,2789.202115601616
2022-07-08 07:00:00,2533.514075800448
2022-07-08 08:00:00,2838.469355294052
2022-07-08 09:00:00,2776.8249702433563
2022-07-08 10:00:00,2606.255162281281
2022-07-08 11:00:00,2578.195190645903
2022-07-08 12:00:00,2285.799044116546
2022-07-08 13:00:00,2610.4875937303073
2022-07-08 14:00:00,2584.8959537486194
2022-07-08 15:00:00,2625.2609772221936
2022-07-08 16:00:00,2560.882260756304
2022-07-08 17:00:00,2649.146261670024
2022-07-08 18:00:00,2903.489920095802
2022-07-08 19:00:00,2674.113672822726
2022-07-08 20:00:00,2587.12693859722
2022-07-08 21:00:00,2454.584646515381
2022-07-08 22:00:00,2239.891295785302
2022-07-08 23:00:00,2164.658953702305
2022-07-09 00:00:00,1492.8829961226722
2022-07-09 01:00:00,1473.4995257507057
2022-07-09 02:00:00,1498.8083193063662
2022-07-09 03:00:00,1620.4207351099021
2022-07-09 04:00:00,1831.7531186639344
2022-07-09 05:00:00,1970.676748693683
2022-07-09 06:00:00,2203.561107515313
2022-07-09 07:00:00,2314.596050391061
2022-07-09 08:00:00,2469.3691527357173
2022-07-09 09:00:00,2370.0512434209354
2022-07-09 10:00:00,2310.253954083548
2022-07-09 11:00:00,2209.822933475996
2022-07-09 12:00:00,2152.7903897061005
2022-07-09 13:00:00,2228.468619976886
2022-07-09 14:00:00,2147.6901475721575
2022-07-09 15:00:00,2286.359865040503
2022-07-09 16:00:00,2209.790119803747
2022-07-09 17:00:00,2377.7245483543024
2022-07-09 18:00:00,2317.814189192908
2022-07-09 19:00:00,2153.531882890468
2022-07-09 20:00:00,2181.2424852146996
2022-07-09 21:00:00,2090.129632309782
2022-07-09 22:00:00,2170.6685678230347
2022-07-09 23:00:00,2028.5575597700217
2022-07-10 00:00:00,1312.4745840841579
2022-07-10 01:00:00,1297.1805268586827
2022-07-10 02:00:00,1364.4473550728428
2022-07-10 03:00:00,1526.083360647868
2022-07-10 04:00:00,1662.6823704914657
2022-07-10 05:00:00,1694.2839631382685
2022-07-10 06:00:00,1986.009706082225
2022-07-10 07:00:00,2050.1596884365867
2022-07-10 08:00:00,2102.0356243819874
2022-07-10 09:00:00,2400.257195784674
2022-07-10 10:00:00,2001.3176285997322
2022-07-10 11:00:00,1863.688746284748
2022-07-10 12:00:00,1756.5732255611317
2022-07-10 13:00:00,1778.6185122691454
2022-07-10 14:00:00,1924.602501832556
2022-07-10 15:00:00,1950.683316198977
2022-07-10 16:00:00,2149.143340309621
2022-07-10 17:00:00,2190.3301469222706
2022-07-10 18:00:00,2062.1705521788963
2022-07-10 19:00:00,1799.4423988114745
2022-07-10 20:00:00,1870.1622215505045
2022-07-10 21:00:00,1938.5868447562175
2022-07-10 22:00:00,1725.7829806899776
2022-07-10 23:00:00,1617.0768335922546
2022-07-11 00:00:00,1696.2784327198842
2022-07-11 01:00:00,1564.8360272842274
2022-07-11 02:00:00,1780.9083838957129
2022-07-11 03:00:00,2020.5582325279836
2022-07-11 04:00:00,2224.212980021195
2022-07-11 05:00:00,2409.317111763641
2022-07-11 06:00:00,3019.22098456963
2022-07-11 07:00:00,3103.768171840628
2022-07-11 08:00:00,3089.287424904054
2022-07-11 09:00:00,2737.607976776331
2022-07-11 10:00:00,2584.6725868028566
2022-07-11 11:00:00,2428.9981525650514
2022-07-11 12:00:00,2528.526303957604
2022-07-11 13:00:00,2443.1779962319047
2022-07-11 14:00:00,2285.871674355297
2022-07-11 15:00:00,2617.4253571882823
2022-07-11 16:00:00,2604.5106373224403
2022-07-11 17:00:00,2796.933248155605
2022-07-11 18:00:00,2628.370573730219
2022-07-11 19:00:00,2762.658588289504
2022-07-11 20:00:00,2760.17319659398
2022-07-11 21:00:00,2580.763232269498
2022-07-11 22:00:00,2290.18150815899
2022-07-11 23:00:00,2416.4720635607746
2022-07-12 00:00:00,1680.6780672269963
2022-07-12 01:00:00,1764.2964242525734
2022-07-12 02:00:00,1684.9388011984759
2022-07-12 03:00:00,1891.2022722236345
2022-07-12 04:00:00,2166.5018089640444
2022-07-12 05:00:00,2092.2769613691544
2022-07-12 06:00:00,2362.0938854364294
2022-07-12 07:00:00,2874.520322537962
2022-07-12 08:00:00,2676.226928393442
2022-07-12 09:00:00,2697.561604191255
2022-07-12 10:00:00,2911.8560926307796
2022-07-12 11:00:00,2473.695578302624
2022-07-12 12:00:00,2433.1014186460347
2022-07-12 13:00:00,2281.2551728847475
2022-07-12 14:00:00,2344.879238394061
2022-07-12 15:00:00,2779.937812140522
2022-07-12 16:00:00,2518.19967570111
2022-07-12 17:00:00,2787.1887692570913
2022-07-12 18:00:00,2641.8127889607736
2022-07-12 19:00:00,2883.4087266952374
2022-07-12 20:00:00,2825.463809253131
2022-07-12 21:00:00,2520.363724729143
2022-07-12 22:00:00,2263.34770363122
2022-07-12 23:00:00,2320.822972020426
2022-07-13 00:00:00,1561.2450708165109
2022-07-13 01:00:00,1766.331688056597
2022-07-13 02:00:00,1724.6522705662762
2022-07-13 03:00:00,1666.2341758890348
2022-07-13 04:00:00,2027.0565416284228
2022-07-13 05:00:00,2493.576287393521
2022-07-13 06:00:00,2395.956240727774
2022-07-13 07:00:00,2850.64324165227
2022-07-13 08:00:00,3024.1445096153293
2022-07-13 09:00:00,2652.800116979101
2022-07-13 10:00:00,3175.6916282106154
2022-07-13 11:00:00,2529.690859774829
2022-07-13 12:00:00,2765.570485906935
2022-07-13 13:00:00,2403.207016793232
2022-07-13 14:00:00,2531.4493436151924
2022-07-13 15:00:00,2513.8455851891636
2022-07-13 16:00:00,2625.2716902054162
2022-07-13 17:00:00,2756.446922002191
2022-07-13 18:00:00,2810.9876142311136
2022-07-13 19:00:00,2691.476516943118
2022-07-13 20:00:00,2206.0858418784196
2022-07-13 21:00:00,2409.0399606900264
2022-07-13 22:00:00,2475.310394736182
2022-07-13 23:00:00,2477.3216683455
2022-07-14 00:00:00,1662.850704446037
2022-07-14 01:00:00,1706.8098533574553
2022-07-14 02:00:00,1566.6794746138648
2022-07-14 03:00:00,2018.205402031559
2022-07-14 04:00:00,2112.783847412422
2022-07-14 05:00:00,2340.536422419667
2022-07-14 06:00:00,2405.712412751818
2022-07-14 07:00:00,2727.2970825834454
2022-07-14 08:00:00,2801.818905173438
2022-07-14 09:00:00,2792.6583925300833
2022-07-14 10:00:00,2351.811957791195
2022-07-14 11:00:00,2448.634447052315
2022-07-14 12:00:00,2570.9533489580895
2022-07-14 13:00:00,2523.488999324379
2022-07-14 14:00:00,2506.558854426869
2022-07-14 15:00:00,2551.3111355426468
2022-07-14 16:00:00,2615.7018500892805
2022-07-14 17:00:00,2687.9693063044533
2022-07-14 18:00:00,2826.3919473188394
2022-07-14 19:00:00,2772.8817269652536
2022-07-14 20:00:00,2467.5825869591604
2022-07-14 21:00:00,2682.6257194184705
2022-07-14 22:00:00,2265.9393117628497
2022-07-14 23:00:00,2289.9532345931516
2022-07-15 00:00:00,1632.53587772153
2022-07-15 01:00:00,1647.3960502512425
2022-07-15 02:00:00,1961.0721042039393
2022-07-15 03:00:00,1965.1148487894086
2022-07-15 04:00:00,2165.3923173621433
2022-07-15 05:00:00,2330.4946592851024
2022-07-15 06:00:00,2425.91621580322
2022-07-15 07:00:00,2657.443654567154
2022-07-15 08:00:00,2838.258514446705
2022-07-15 09:00:00,2821.010079251065
2022-07-15 10:00:00,2577.246997174927
2022-07-15 11:00:00,2693.744629988566
2022-07-15 12:00:00,2317.7044286021724
2022-07-15 13:00:00,2298.4646061125745
2022-07-15 14:00:00,2505.6552765165716
2022-07-15 15:00:00,2631.8886983262
2022-07-15 16:00:00,2969.8001678745395
2022-07-15 17:00:00,2900.844611789053
2022-07-15 18:00:00,2909.944911014107
2022-07-15 19:00:00,2708.1649167026926
2022-07-15 20:00:00,2579.781728103123
2022-07-15 21:00:00,2729.8026102993235
2022-07-15 22:00:00,2343.996506773777
2022-07-15 23:00:00,2214.6266271976456
2022-07-16 00:00:00,1442.9434448153206
2022-07-16 01:00:00,1498.6025485233195
2022-07-16 02:00:00,1511.06066893263
2022-07-16 03:00:00,1729.9818105760296
2022-07-16 04:00:00,1850.924510623685
2022-07-16 05:00:00,1877.263825021916
2022-07-16 06:00:00,2198.2961523987424
2022-07-16 07:00:00,2279.0317910064578
2022-07-16 08:00:00,2358.897188598982
2022-07-16 09:00:00,2488.007943453743
2022-07-16 10:00:00,2443.1486366752038
2022-07-16 11:00:00,2395.186147256839
2022-07-16 12:00:00,2056.5810107098373
2022-07-16 13:00:00,2165.5309962585648
2022-07-16 14:00:00,1980.1545734521692
2022-07-16 15:00:00,2192.336990765625
2022-07-16 16:00:00,2225.6875011481434
2022-07-16 17:00:00,2466.9267932122116
2022-07-16 18:00:00,2450.9634934612586
2022-07-16 19:00:00,2290.867413057322
2022-07-16 20:00:00,2391.6562543221116
2022-07-16 21:00:00,2117.8561238416096
2022-07-16 22:00:00,1948.3619847492387
2022-07-16 23:00:00,1765.8840128735624
2022-07-17 00:00:00,1254.5924629888361
2022-07-17 01:00:00,1379.237232369312
2022-07-17 02:00:00,1267.0777474009758
2022-07-17 03:00:00,1474.34770228999
2022-07-17 04:00:00,1520.6500485072052
2022-07-17 05:00:00,1897.2117792308952
2022-07-17 06:00:00,2097.6646714771628
2022-07-17 07:00:00,2155.7587783499785
2022-07-17 08:00:00,2095.208546321103
2022-07-17 09:00:00,2072.9158111194606
2022-07-17 10:00:00,2012.0376610451208
2022-07-17 11:00:00,1795.438144174034
2022-07-17 12:00:00,1974.5419798547775
2022-07-17 13:00:00,1871.5877737544934
2022-07-17 14:00:00,1995.3737193766426
2022-07-17 15:00:00,1941.4505521472197
2022-07-17 16:00:00,1837.2196539438658
2022-07-17 17:00:00,2183.6489100356744
2022-07-17 18:00:00,2300.423746612103
2022-07-17 19:00:00,2207.9014365322932
2022-07-17 20:00:00,2078.5930231524444
2022-07-17 21:00:00,1910.4350078959085
2022-07-17 22:00:00,1606.2846466843985
2022-07-17 23:00:00,1670.2937183560996
2022-07-18 00:00:00,1613.2542444689689
2022-07-18 01:00:00,1690.0054022471888
2022-07-18 02:00:00,1858.3845847259638
2022-07-18 03:00:00,2118.29561462576
2022-07-18 04:00:00,2216.7385203086
2022-07-18 05:00:00,2196.737554063059
2022-07-18 06:00:00,2575.2563665995567
2022-07-18 07:00:00,2916.8002171291305
2022-07-18 08:00:00,2868.3980827586706
2022-07-18 09:00:00,2540.023742997277
2022-07-18 10:00:00,2525.4190454254285
2022-07-18 11:00:00,2709.3729532824755
2022-07-18 12:00:00,2374.7671908603743
2022-07-18 13:00:00,2547.7421538089566
2022-07-18 14:00:00,2533.740945070559
2022-07-18 15:00:00,2589.3886324539544
2022-07-18 16:00:00,2503.524148508956
2022-07-18 17:00:00,2766.8164897906113
2022-07-18 18:00:00,2889.24071685314
2022-07-18 19:00:00,2751.3702683000947
2022-07-18 20:00:00,2839.7189854682547
2022-07-18 21:00:00,2546.36143507091
2022-07-18 22:00:00,2208.908071066499
2022-07-18 23:00:00,2128.0696430522867
2022-07-19 00:00:00,1763.2014454013115
2022-07-19 01:00:00,1968.168531782547
2022-07-19 02:00:00,1739.3003363866123
2022-07-19 03:00:00,1924.4721487359868
2022-07-19 04:00:00,2168.024583241367
2022-07-19 05:00:00,2538.6048712814554
2022-07-19 06:00:00,2401.310822771299
2022-07-19 07:00:00,2951.0525107177623
2022-07-19 08:00:00,2880.6249492138904
2022-07-19 09:00:00,2943.0400427503796
2022-07-19 10:00:00,2544.5848959397326
2022-07-19 11:00:00,2472.0707113106437
2022-07-19 12:00:00,2591.703348324808
2022-07-19 13:00:00,2465.195664216755
2022-07-19 14:00:00,2357.0110710846316
2022-07-19 15:00:00,2652.973621598208
2022-07-19 16:00:00,2859.042272774911
2022-07-19 17:00:00,2852.118753045453
2022-07-19 18:00:00,2773.8700644532814
2022-07-19 19:00:00,2488.5611417292407
2022-07-19 20:00:00,2620.7626252513114
2022-07-19 21:00:00,2470.0913712809465
2022-07-19 22:00:00,2205.5573994104957
2022-07-19 23:00:00,2219.382517513181
2022-07-20 00:00:00,1778.961300697284
2022-07-20 01:00:00,1624.7605340411073
2022-07-20 02:00:00,1732.0341772329623
2022-07-20 03:00:00,1943.5279836199848
2022-07-20 04:00:00,2142.0480292218617
2022-07-20 05:00:00,2190.7919498707397
2022-07-20 06:00:00,2542.4892628865928
2022-07-20 07:00:00,2490.2616829832223
2022-07-20 08:00:00,2936.9650626317407
2022-07-20 09:00:00,2500.066062950359
2022-07-20 10:00:00,2653.862944361039
2022-07-20 11:00:00,2401.200895539277
2022-07-20 12:00:00,2582.986582456117
2022-07-20 13:00:00,2572.382126380662
2022-07-20 14:00:00,2397.9826392491627
2022-07-20 15:00:00,2466.0136501734055
2022-07-20 16:00:00,2808.895705524186
2022-07-20 17:00:00,2630.638190966724
2022-07-20 18:00:00,2967.4126527344047
2022-07-20 19:00:00,2880.5745735390997
2022-07-20 20:00:00,2408.566895382671
2022-07-20 21:00:00,2402.3594818420615
2022-07-20 22:00:00,2406.4798915555975
2022-07-20 23:00:00,2261.621747703715
2022-07-21 00:00:00,1787.4511412198858
2022-07-21 01:00:00,1750.2299986799921
2022-07-21 02:00:00,1919.8397357226308
2022-07-21 03:00:00,1902.9451775133102
2022-07-21 04:00:00,2222.647558751927
2022-07-21 05:00:00,2255.93440879345
2022-07-21 06:00:00,2417.5746597959055
2022-07-21 07:00:00,2552.5012353245406
2022-07-21 08:00:00,2785.4905631234715
2022-07-21 09:00:00,2846.361445168182
2022-07-21 10:00:00,2761.602575028085
2022-07-21 11:00:00,2429.3010136262537
2022-07-21 12:00:00,2584.7939603877235
2022-07-21 13:00:00,2327.640070919439
2022-07-21 14:00:00,2412.1089573825902
2022-07-21 15:00:00,2514.393478381206
2022-07-21 16:00:00,2630.883849324386
2022-07-21 17:00:00,2707.135571281749
2022-07-21 18:00:00,2739.158497301572
2022-07-21 19:00:00,2837.3687990573394
2022-07-21 20:00:00,2791.9005079725375
2022-07-21 21:00:00,2487.612841424894
2022-07-21 22:00:00,2437.0876463233053
2022-07-21 23:00:00,2077.9214387455954
2022-07-22 00:00:00,1726.9323279670666
2022-07-22 01:00:00,1776.3345286875356
2022-07-22 02:00:00,1807.9482813540867
2022-07-22 03:00:00,1889.9761983946473
2022-07-22 04:00:00,2017.4532845774938
2022-07-22 05:00:00,2245.3086608091858
2022-07-22 06:00:00,2667.217088509066
2022-07-22 07:00:00,2683.3849827826634
2022-07-22 08:00:00,2901.1751166295953
2022-07-22 09:00:00,2921.3642314664958
2022-07-22 10:00:00,2610.951675146377
2022-07-22 11:00:00,2734.4182531117604
2022-07-22 12:00:00,2366.080019819676
2022-07-22 13:00:00,2198.067716475373
2022-07-22 14:00:00,2468.018153389156
2022-07-22 15:00:00,2374.319557978961
2022-07-22 16:00:00,2943.9526637984522
2022-07-22 17:00:00,2860.6536314339874
2022-07-22 18:00:00,3037.232894782131
2022-07-22 19:00:00,2737.385331572009
2022-07-22 20:00:00,2512.798154737891
2022-07-22 21:00:00,2510.9472983741516
2022-07-22 22:00:00,2339.916036081941
2022-07-22 23:00:00,2097.4151225293845
2022-07-23 00:00:00,1482.037978580688
2022-07-23 01:00:00,1393.1877358327279
2022-07-23 02:00:00,1653.039204899254
2022-07-23 03:00:00,1663.227285074946
2022-07-23 04:00:00,1862.1160976811686
2022-07-23 05:00:00,1989.896859644546
2022-07-23 06:00:00,2108.155645602608
2022-07-23 07:00:00,2329.3689402178547
2022-07-23 08:00:00,2536.8442376728226
2022-07-23 09:00:00,2253.0477088881707
2022-07-23 10:00:00,2472.69877820185
2022-07-23 11:00:00,2289.3106971415027
2022-07-23 12:00:00,2036.7932204260023
2022-07-23 13:00:00,2192.721958270936
2022-07-23 14:00:00,2161.006781635275
2022-07-23 15:00:00,2321.045117962361
2022-07-23 16:00:00,2384.170630670312
2022-07-23 17:00:00,2397.347196251617
2022-07-23 18:00:00,2508.5013967309333
2022-07-23 19:00:00,2422.9801956089022
2022-07-23 20:00:00,2061.78060758354
2022-07-23 21:00:00,2041.1531822324891
2022-07-23 22:00:00,2028.5317105939655
2022-07-23 23:00:00,1838.8645401309657
2022-07-24 00:00:00,1293.2488263846549
2022-07-24 01:00:00,1105.007224168521
2022-07-24 02:00:00,1470.879524265138
2022-07-24 03:00:00,1510.256640545465
2022-07-24 04:00:00,1418.537170747006
2022-07-24 05:00:00,1668.811115731088
2022-07-24 06:00:00,1872.8718258617491
2022-07-24 07:00:00,1956.993613412474
2022-07-24 08:00:00,2239.176874445146
2022-07-24 09:00:00,2188.7415268875584
2022-07-24 10:00:00,1967.052110268825
2022-07-24 11:00:00,1922.782206726302
2022-07-24 12:00:00,1928.1576065167465
2022-07-24 13:00:00,1872.378667591546
2022-07-24 14:00:00,1911.939325512847
2022-07-24 15:00:00,1894.2373932406585
2022-07-24 16:00:00,2026.3690731249317
2022-07-24 17:00:00,2016.9921673775752
2022-07-24 18:00:00,2194.2729137926067
2022-07-24 19:00:00,2096.9791274198856
2022-07-24 20:00:00,2091.8524420693575
2022-07-24 21:00:00,1871.671428170724
2022-07-24 22:00:00,1775.4788000749631
2022-07-24 23:00:00,1711.1205453327382
2022-07-25 00:00:00,1692.0093891583367
2022-07-25 01:00:00,1820.448711309551
2022-07-25 02:00:00,1844.9970016810776
2022-07-25 03:00:00,1860.0120554445648
2022-07-25 04:00:00,2095.4678548635857
2022-07-25 05:00:00,2390.534563340498
2022-07-25 06:00:00,2532.9344105808427
2022-07-25 07:00:00,2938.3636747373894
2022-07-25 08:00:00,2851.370861212843
2022-07-25 09:00:00,3115.0108304616074
2022-07-25 10:00:00,2791.2665898121745
2022-07-25 11:00:00,2461.2840158314066
2022-07-25 12:00:00,2526.4598066936273
2022-07-25 13:00:00,2409.0343935517785
2022-07-25 14:00:00,2525.7535728732946
2022-07-25 15:00:00,2536.5084994173817
2022-07-25 16:00:00,2613.698121279032
2022-07-25 17:00:00,2609.075750612564
2022-07-25 18:00:00,2765.138168849622
2022-07-25 19:00:00,2849.8455454658447
2022-07-25 20:00:00,2516.6416730467777
2022-07-25 21:00:00,2627.0296235388278
2022-07-25 22:00:00,2349.149086279325
2022-07-25 23:00:00,2409.7057532941194
2022-07-26 00:00:00,1654.7230923802074
2022-07-26 01:00:00,1852.3375716249043
2022-07-26 02:00:00,1937.1081804550706
2022-07-26 03:00:00,1822.5065222204348
2022-07-26 04:00:00,2162.624018262702
2022-07-26 05:00:00,2127.544183262871
2022-07-26 06:00:00,2667.6069923256055
2022-07-26 07:00:00,2776.4257184755825
2022-07-26 08:00:00,2782.082200164536
2022-07-26 09:00:00,2499.659420014344
2022-07-26 10:00:00,2782.8937261905353
2022-07-26 11:00:00,2544.7221415283966
2022-07-26 12:00:00,2391.9412572812557
2022-07-26 13:00:00,2336.8478875887595
2022-07-26 14:00:00,2559.9939126926993
2022-07-26 15:00:00,2542.5775404958217
2022-07-26 16:00:00,2689.7078821026325
2022-07-26 17:00:00,2659.557462564049
2022-07-26 18:00:00,2764.094781707952
2022-07-26 19:00:00,2748.305639719594
2022-07-26 20:00:00,2670.8559813189154
2022-07-26 21:00:00,2536.459284597714
2022-07-26 22:00:00,2341.1884110334795
2022-07-26 23:00:00,2068.9712876876874
2022-07-27 00:00:00,1653.4082501280352
2022-07-27 01:00:00,1914.2216620982663
2022-07-27 02:00:00,1732.303489495064
2022-07-27 03:00:00,2050.2090475154214
2022-07-27 04:00:00,2128.8220948976905
2022-07-27 05:00:00,2499.3226840273273
2022-07-27 06:00:00,2458.3756944512634
2022-07-27 07:00:00,2880.600634428898
2022-07-27 08:00:00,2829.022547350141
2022-07-27 09:00:00,2783.0414486108834
2022-07-27 10:00:00,2462.019334331609
2022-07-27 11:00:00,2553.108899142783
2022-07-27 12:00:00,2521.3598148871797
2022-07-27 13:00:00,2460.2208771866626
2022-07-27 14:00:00,2448.4490991842476
2022-07-27 15:00:00,2555.2722403558537
2022-07-27 16:00:00,2743.902805866803
2022-07-27 17:00:00,2899.2527328282868
2022-07-27 18:00:00,2837.807657242736
2022-07-27 19:00:00,2533.1370354207497
2022-07-27 20:00:00,2721.565784570781
2022-07-27 21:00:00,2809.9098301452896
2022-07-27 22:00:00,2571.9837412040542
2022-07-27 23:00:00,2234.5188405783124
2022-07-28 00:00:00,1695.8294289132823
2022-07-28 01:00:00,1683.6630941249823
2022-07-28 02:00:00,1718.4784877273946
2022-07-28 03:00:00,1869.631775231437
2022-07-28 04:00:00,2143.637334341513
2022-07-28 05:00:00,2255.1822939963445
2022-07-28 06:00:00,2499.8035728232276
2022-07-28 07:00:00,2702.24562335292
2022-07-28 08:00:00,2724.3739339687013
2022-07-28 09:00:00,2839.7446033879633
2022-07-28 10:00:00,2492.4792246769257
2022-07-28 11:00:00,2473.2321393446077
2022-07-28 12:00:00,2490.458554970162
2022-07-28 13:00:00,2522.144969011626
2022-07-28 14:00:00,2385.6564445289464
2022-07-28 15:00:00,2567.137213136643
2022-07-28 16:00:00,2550.5230592010985
2022-07-28 17:00:00,2696.892326758275
2022-07-28 18:00:00,2807.1852944406305
2022-07-28 19:00:00,2839.8150264491646
2022-07-28 20:00:00,2654.739869286174
2022-07-28 21:00:00,2427.275747997124
2022-07-28 22:00:00,2146.2727790520303
2022-07-28 23:00:00,2133.3980328298135
2022-07-29 00:00:00,1675.3114563944075
2022-07-29 01:00:00,1812.8258671151095
2022-07-29 02:00:00,1789.0615672095953
2022-07-29 03:00:00,1888.4052423414078
2022-07-29 04:00:00,2163.2410308575127
2022-07-29 05:00:00,2235.332909289982
2022-07-29 06:00:00,2498.317917405986
2022-07-29 07:00:00,2775.035438189806
2022-07-29 08:00:00,2736.7736922359195
2022-07-29 09:00:00,2931.580893420768
2022-07-29 10:00:00,2675.9681862209454
2022-07-29 11:00:00,2420.4550597555003
2022-07-29 12:00:00,2499.9582682359814
2022-07-29 13:00:00,2557.1869147824427
2022-07-29 14:00:00,2497.2018297701643
2022-07-29 15:00:00,2809.5900389539597
2022-07-29 16:00:00,2536.9039668119244
2022-07-29 17:00:00,2870.8312733404637
2022-07-29 18:00:00,3026.441461217432
2022-07-29 19:00:00,2888.2638168969665
2022-07-29 20:00:00,2540.0685021105533
2022-07-29 21:00:00,2391.004488665744
2022-07-29 22:00:00,2129.155763309415
2022-07-29 23:00:00,2103.52794435261
2022-07-30 00:00:00,1482.709448664655
2022-07-30 01:00:00,1509.4830976359299
2022-07-30 02:00:00,1540.2840847923508
2022-07-30 03:00:00,1771.9824407591982
2022-07-30 04:00:00,1910.3075074642263
2022-07-30 05:00:00,2092.172014702638
2022-07-30 06:00:00,2335.8998776137923
2022-07-30 07:00:00,2329.899393426675
2022-07-30 08:00:00,2331.1794349737843
2022-07-30 09:00:00,2304.159552115815
2022-07-30 10:00:00,2319.657637752236
2022-07-30 11:00:00,2262.2555341627567
2022-07-30 12:00:00,2162.945950591572
2022-07-30 13:00:00,2267.1957185727438
2022-07-30 14:00:00,2117.1435997788094
2022-07-30 15:00:00,2063.1027800087863
2022-07-30 16:00:00,2390.6921000321804
2022-07-30 17:00:00,2297.2467342799323
2022-07-30 18:00:00,2293.8668197129773
2022-07-30 19:00:00,2278.0674647970945
2022-07-30 20:00:00,2498.3985728883554
2022-07-30 21:00:00,2025.7190132206883
2022-07-30 22:00:00,2098.3183227466106
2022-07-30 23:00:00,1851.5323142118314
2022-07-31 00:00:00,1367.9982437212398
2022-07-31 01:00:00,1383.1542957241634
2022-07-31 02:00:00,1330.0221714436268
2022-07-31 03:00:00,1481.5076389003336
2022-07-31 04:00:00,1642.0346252483741
2022-07-31 05:00:00,1903.144094344852
2022-07-31 06:00:00,2038.6437973645836
2022-07-31 07:00:00,2087.1075065666128
2022-07-31 08:00:00,1984.5145985182585
2022-07-31 09:00:00,2209.8928526360023
2022-07-31 10:00:00,1932.2158966027857
2022-07-31 11:00:00,1813.5516663592216
2022-07-31 12:00:00,1895.194881515544
2022-07-31 13:00:00,1845.5348115648123
2022-07-31 14:00:00,1980.6520307185797
2022-07-31 15:00:00,1719.0800708078157
2022-07-31 16:00:00,1854.568062470367
2022-07-31 17:00:00,2126.852425185654
2022-07-31 18:00:00,1879.3951441706176
2022-07-31 19:00:00,2152.1370577823263
2022-07-31 20:00:00,1902.0779655952101
2022-07-31 21:00:00,1873.6287996376768
2022-07-31 22:00:00,1661.3287558771688
2022-07-31 23:00:00,1660.3244292647414
2022-08-01 00:00:00,1748.1457130439233
2022-08-01 01:00:00,1770.7967305528675
2022-08-01 02:00:00,1643.2781263928114
2022-08-01 03:00:00,1820.049067528822
2022-08-01 04:00:00,2002.7295272172457
2022-08-01 05:00:00,2351.3984239624883
2022-08-01 06:00:00,2660.9419228516113
2022-08-01 07:00:00,2741.141173376138
2022-08-01 08:00:00,2784.91531623305
2022-08-01 09:00:00,2988.8159882918176
2022-08-01 10:00:00,2605.0676269831365
2022-08-01 11:00:00,2615.2309853235124
2022-08-01 12:00:00,2443.538884467284
2022-08-01 13:00:00,2449.1156580467077
2022-08-01 14:00:00,2541.6527788978005
2022-08-01 15:00:00,2731.2079202835534
2022-08-01 16:00:00,2818.442470066249
2022-08-01 17:00:00,2740.0012003368474
2022-08-01 18:00:00,2821.6630732970557
2022-08-01 19:00:00,2598.970758922927
2022-08-01 20:00:00,2886.0626157422275
2022-08-01 21:00:00,2611.500087143052
2022-08-01 22:00:00,2336.9577578468575
2022-08-01 23:00:00,2268.6808779855446
2022-08-02 00:00:00,1718.9912684690203
2022-08-02 01:00:00,1908.6115379237492
2022-08-02 02:00:00,1670.92241476005
2022-08-02 03:00:00,1922.0694969856534
2022-08-02 04:00:00,1983.6539078729477
2022-08-02 05:00:00,2377.3137390174156
2022-08-02 06:00:00,2462.009829811476
2022-08-02 07:00:00,2776.4418536133207
2022-08-02 08:00:00,2938.574433886012
2022-08-02 09:00:00,2710.846255901334
2022-08-02 10:00:00,2508.4150082961446
2022-08-02 11:00:00,2791.530686450986
2022-08-02 12:00:00,2593.8280065916506
2022-08-02 13:00:00,2798.0935474455778
2022-08-02 14:00:00,2617.895589128089
2022-08-02 15:00:00,2522.4417927783047
2022-08-02 16:00:00,2974.7363902188113
2022-08-02 17:00:00,2510.9017115943125
2022-08-02 18:00:00,3169.0164329922395
2022-08-02 19:00:00,2593.4467558819715
2022-08-02 20:00:00,2643.3467806396943
2022-08-02 21:00:00,2524.149696129467
2022-08-02 22:00:00,2333.7298941042527
2022-08-02 23:00:00,2283.786778520065
2022-08-03 00:00:00,1666.1386713412721
2022-08-03 01:00:00,1760.4762870984487
2022-08-03 02:00:00,1852.7192801731408
2022-08-03 03:00:00,1974.0435099937285
2022-08-03 04:00:00,2178.5765492053715
2022-08-03 05:00:00,2190.0706936859738
2022-08-03 06:00:00,2546.145593247575
2022-08-03 07:00:00,2684.6226703325074
2022-08-03 08:00:00,2917.725519784624
2022-08-03 09:00:00,2772.3365240497346
2022-08-03 10:00:00,2845.9248491124235
2022-08-03 11:00:00,2565.244648335645
2022-08-03 12:00:00,2593.2079188805715
2022-08-03 13:00:00,2516.1817678525485
2022-08-03 14:00:00,2382.013429973641
2022-08-03 15:00:00,2234.9715725806304
2022-08-03 16:00:00,2886.6211678793647
2022-08-03 17:00:00,2801.6695437333096
2022-08-03 18:00:00,2900.464333789965
2022-08-03 19:00:00,2626.2875500826576
2022-08-03 20:00:00,2670.100769063137
2022-08-03 21:00:00,2529.186902594342
2022-08-03 22:00:00,2605.9483220022908
2022-08-03 23:00:00,2082.567182955325
2022-08-04 00:00:00,1606.472335182611
2022-08-04 01:00:00,1865.7614324137576
2022-08-04 02:00:00,1935.6797083506785
2022-08-04 03:00:00,1953.417316557814
2022-08-04 04:00:00,2206.0367868425797
2022-08-04 05:00:00,2548.9198077085834
2022-08-04 06:00:00,2603.201295733227
2022-08-04 07:00:00,2850.037699142929
2022-08-04 08:00:00,3059.9702639375046
2022-08-04 09:00:00,2983.4462328125605
2022-08-04 10:00:00,3110.852612446166
2022-08-04 11:00:00,2544.9331119513763
2022-08-04 12:00:00,2558.875444512575
2022-08-04 13:00:00,2441.1537994972887
2022-08-04 14:00:00,2549.3744980660017
2022-08-04 15:00:00,2403.1004550768876
2022-08-04 16:00:00,2659.0328901969997
2022-08-04 17:00:00,2896.277390185105
2022-08-04 18:00:00,2986.2411470260677
2022-08-04 19:00:00,2886.052294837335
2022-08-04 20:00:00,2792.08534725981
2022-08-04 21:00:00,2650.535099965364
2022-08-04 22:00:00,2469.722953452205
2022-08-04 23:00:00,2078.7585747346657
2022-08-05 00:00:00,1711.0939556227759
2022-08-05 01:00:00,1813.689001413845
2022-08-05 02:00:00,1860.4265906468922
2022-08-05 03:00:00,1920.9219227542692
2022-08-05 04:00:00,2252.5657200001738
2022-08-05 05:00:00,2428.698649243968
2022-08-05 06:00:00,2513.4662521562263
2022-08-05 07:00:00,2706.4196055086904
2022-08-05 08:00:00,3006.0287926614474
2022-08-05 09:00:00,2800.1003783208475
2022-08-05 10:00:00,2546.2528174547715
2022-08-05 11:00:00,2628.048760057905
2022-08-05 12:00:00,2371.4249705615816
2022-08-05 13:00:00,2371.412223120772
2022-08-05 14:00:00,2961.7026624124214
2022-08-05 15:00:00,2578.924807809125
2022-08-05 16:00:00,2484.639930092253
2022-08-05 17:00:00,2505.7828102623566
2022-08-05 18:00:00,2921.164903112176
2022-08-05 19:00:00,2780.4734768525486
2022-08-05 20:00:00,2795.7583485918663
2022-08-05 21:00:00,2418.346767020631
2022-08-05 22:00:00,2287.860541213566
2022-08-05 23:00:00,2104.279242498167
2022-08-06 00:00:00,1456.763733164569
2022-08-06 01:00:00,1496.1264912713666
2022-08-06 02:00:00,1623.4022491784365
2022-08-06 03:00:00,1719.8766943643207
2022-08-06 04:00:00,1848.263802039074
2022-08-06 05:00:00,1877.67307525445
2022-08-06 06:00:00,2299.060186447129
2022-08-06 07:00:00,2615.2062826054876
2022-08-06 08:00:00,2337.6732547366205
2022-08-06 09:00:00,2471.685402758236
2022-08-06 10:00:00,2416.4662360706607
2022-08-06 11:00:00,2286.6183874246794
2022-08-06 12:00:00,2181.7621326555554
2022-08-06 13:00:00,2179.233905318601
2022-08-06 14:00:00,1998.1232986791717
2022-08-06 15:00:00,2245.3830991828313
2022-08-06 16:00:00,2384.949297965099
2022-08-06 17:00:00,2342.96012281413
2022-08-06 18:00:00,2282.792803480665
2022-08-06 19:00:00,2110.7723476043802
2022-08-06 20:00:00,2265.8041175888084
2022-08-06 21:00:00,2384.154130027582
2022-08-06 22:00:00,1924.1864205328252
2022-08-06 23:00:00,1831.9436967984097
2022-08-07 00:00:00,1168.3511577381778
2022-08-07 01:00:00,1490.8332099643214
2022-08-07 02:00:00,1517.2722908628089
2022-08-07 03:00:00,1450.491093083937
2022-08-07 04:00:00,1614.8461259006203
2022-08-07 05:00:00,1841.529658342756
2022-08-07 06:00:00,1979.3363602183172
2022-08-07 07:00:00,2100.3904326424363
2022-08-07 08:00:00,2178.793263512668
2022-08-07 09:00:00,1998.9642546581342
2022-08-07 10:00:00,1875.2641039987711
2022-08-07 11:00:00,2113.497437145765
2022-08-07 12:00:00,1917.7762958382564
2022-08-07 13:00:00,2049.106824697168
2022-08-07 14:00:00,1851.383093686565
2022-08-07 15:00:00,2037.7447395153824
2022-08-07 16:00:00,1944.0520244806048
2022-08-07 17:00:00,1920.7937068991212
2022-08-07 18:00:00,2188.2878985606685
2022-08-07 19:00:00,2162.62525522222
2022-08-07 20:00:00,1920.146466222408
2022-08-07 21:00:00,1952.9577466535566
2022-08-07 22:00:00,1795.2115517184359
2022-08-07 23:00:00,1683.1002412530297
2022-08-08 00:00:00,1765.3814351299825
2022-08-08 01:00:00,1774.4799392001944
2022-08-08 02:00:00,1719.3867161606681
2022-08-08 03:00:00,2035.7301251597742
2022-08-08 04:00:00,1886.570877819851
2022-08-08 05:00:00,2478.120322841429
2022-08-08 06:00:00,2697.2128495399916
2022-08-08 07:00:00,2756.204628920243
2022-08-08 08:00:00,2875.5357142481084
2022-08-08 09:00:00,3198.4028952753233
2022-08-08 10:00:00,2719.528951786916
2022-08-08 11:00:00,2427.0017010826996
2022-08-08 12:00:00,2492.56349030295
2022-08-08 13:00:00,2486.8212774885487
2022-08-08 14:00:00,2373.479066339129
2022-08-08 15:00:00,2569.123156741249
2022-08-08 16:00:00,2857.5995764798763
2022-08-08 17:00:00,2839.027069201634
2022-08-08 18:00:00,2967.223218726837
2022-08-08 19:00:00,2603.212424195771
2022-08-08 20:00:00,2817.5505686094502
2022-08-08 21:00:00,2457.888097294712
2022-08-08 22:00:00,2324.844519600467
2022-08-08 23:00:00,2062.568609577859
2022-08-09 00:00:00,1606.0153391993888
2022-08-09 01:00:00,1809.4594559504947
2022-08-09 02:00:00,1768.2366560703026
2022-08-09 03:00:00,1853.8129609808364
2022-08-09 04:00:00,2240.3156127970906
2022-08-09 05:00:00,2549.4589352817975
2022-08-09 06:00:00,2548.720510036884
2022-08-09 07:00:00,2504.5311357562227
2022-08-09 08:00:00,2884.308695727575
2022-08-09 09:00:00,2889.3009650229687
2022-08-09 10:00:00,2751.8998856936237
2022-08-09 11:00:00,2570.991704229502
2022-08-09 12:00:00,2501.132271141407
2022-08-09 13:00:00,2690.703883104553
2022-08-09 14:00:00,2532.3328133172495
2022-08-09 15:00:00,2467.7668454774157
2022-08-09 16:00:00,2885.749571491615
2022-08-09 17:00:00,2700.618153115667
2022-08-09 18:00:00,2760.968060846425
2022-08-09 19:00:00,3023.343604926678
2022-08-09 20:00:00,2662.26748375096
2022-08-09 21:00:00,2642.566671213116
2022-08-09 22:00:00,2256.909204994318
2022-08-09 23:00:00,2271.5871514264754
2022-08-10 00:00:00,1614.517874411962
2022-08-10 01:00:00,1630.23560180854
2022-08-10 02:00:00,1899.2502444278446
2022-08-10 03:00:00,1879.4097253548684
2022-08-10 04:00:00,2186.0232306181247
2022-08-10 05:00:00,2352.512079619765
2022-08-10 06:00:00,2716.908845861794
2022-08-10 07:00:00,2800.032381216466
2022-08-10 08:00:00,2904.379685340244
2022-08-10 09:00:00,2933.16818165155
2022-08-10 10:00:00,2762.9277351861106
2022-08-10 11:00:00,2800.5510330598495
2022-08-10 12:00:00,2417.9977926196066
2022-08-10 13:00:00,2444.2349107185005
2022-08-10 14:00:00,2428.17958892763
2022-08-10 15:00:00,2670.394574723187
2022-08-10 16:00:00,2689.779409893148
2022-08-10 17:00:00,2924.5207951215334
2022-08-10 18:00:00,2806.6602627068346
2022-08-10 19:00:00,2820.0006680579145
2022-08-10 20:00:00,2545.5414960551575
2022-08-10 21:00:00,2614.407907980764
2022-08-10 22:00:00,2408.2645776004692
2022-08-10 23:00:00,2069.9658895297675
2022-08-11 00:00:00,1771.7123466141584
2022-08-11 01:00:00,1762.1834933351865
2022-08-11 02:00:00,1814.7336142306085
2022-08-11 03:00:00,1987.8759898340718
2022-08-11 04:00:00,2086.1147262052923
2022-08-11 05:00:00,2450.13497460098
2022-08-11 06:00:00,2652.18009705531
2022-08-11 07:00:00,3111.196314394608
2022-08-11 08:00:00,2714.479195739863
2022-08-11 09:00:00,2877.9626224001977
2022-08-11 10:00:00,2754.5186128248315
2022-08-11 11:00:00,2361.2863616104364
2022-08-11 12:00:00,2151.9764545756766
2022-08-11 13:00:00,2628.3372652576563
2022-08-11 14:00:00,2439.007858951667
2022-08-11 15:00:00,2728.75635011138
2022-08-11 16:00:00,2562.499726760467
2022-08-11 17:00:00,2766.0291273146267
2022-08-11 18:00:00,2732.7859565541344
2022-08-11 19:00:00,2732.8780920796216
2022-08-11 20:00:00,2690.0864148059045
2022-08-11 21:00:00,2597.276927834668
2022-08-11 22:00:00,2445.818802635408
2022-08-11 23:00:00,2220.9089017191004
2022-08-12 00:00:00,1742.8665415779756
2022-08-12 01:00:00,1666.099477350223
2022-08-12 02:00:00,1725.9167812157293
2022-08-12 03:00:00,1848.2917094505174
2022-08-12 04:00:00,2158.9666871676745
2022-08-12 05:00:00,2325.650399767746
2022-08-12 06:00:00,2806.442054931607
2022-08-12 07:00:00,2729.3971382801697
2022-08-12 08:00:00,2883.0783859703824
2022-08-12 09:00:00,2829.395819788698
2022-08-12 10:00:00,2591.1836485743743
2022-08-12 11:00:00,2588.712748328608
2022-08-12 12:00:00,2279.2565711698367
2022-08-12 13:00:00,2739.366405212798
2022-08-12 14:00:00,2708.133481507963
2022-08-12 15:00:00,2642.4881570151297
2022-08-12 16:00:00,2617.7569565434164
2022-08-12 17:00:00,2905.2155965038205
2022-08-12 18:00:00,2865.4506963089507
2022-08-12 19:00:00,2705.820622907289
2022-08-12 20:00:00,2747.3616018805646
2022-08-12 21:00:00,2395.483152251248
2022-08-12 22:00:00,2467.4931244786194
2022-08-12 23:00:00,2188.1419594247186
2022-08-13 00:00:00,1591.9986471459285
2022-08-13 01:00:00,1691.187588271978
2022-08-13 02:00:00,1500.8305829635408
2022-08-13 03:00:00,1769.2543673249445
2022-08-13 04:00:00,1790.4548901287653
2022-08-13 05:00:00,2018.943600262759
2022-08-13 06:00:00,2255.6199983113197
2022-08-13 07:00:00,2516.8572519520535
2022-08-13 08:00:00,2316.0838667950266
2022-08-13 09:00:00,2472.7909180991624
2022-08-13 10:00:00,2521.3973639572455
2022-08-13 11:00:00,2240.475906061573
2022-08-13 12:00:00,2171.605574562914
2022-08-13 13:00:00,2105.571072728078
2022-08-13 14:00:00,2290.4425724130283
2022-08-13 15:00:00,2183.4757989030795
2022-08-13 16:00:00,2364.3332818935382
2022-08-13 17:00:00,2434.6519112640985
2022-08-13 18:00:00,2585.4303246960085
2022-08-13 19:00:00,2534.886173045868
2022-08-13 20:00:00,2302.458924117389
2022-08-13 21:00:00,2234.129786377932
2022-08-13 22:00:00,2189.895417272196
2022-08-13 23:00:00,1987.15916071604
2022-08-14 00:00:00,1270.612790905522
2022-08-14 01:00:00,1368.1212814712437
2022-08-14 02:00:00,1328.0425259793426
2022-08-14 03:00:00,1362.0562330456867
2022-08-14 04:00:00,1873.5758648590158
2022-08-14 05:00:00,1862.8944604035787
2022-08-14 06:00:00,2053.8031498846085
2022-08-14 07:00:00,2059.5639015785778
2022-08-14 08:00:00,2110.9445616740895
2022-08-14 09:00:00,2252.916147254547
2022-08-14 10:00:00,2066.9144549796083
2022-08-14 11:00:00,2158.0856478329506
2022-08-14 12:00:00,1869.753073720367
2022-08-14 13:00:00,1891.6400808114065
2022-08-14 14:00:00,1987.017560324439
2022-08-14 15:00:00,2046.6536681818377
2022-08-14 16:00:00,2263.8226960625675
2022-08-14 17:00:00,2097.937581218101
2022-08-14 18:00:00,2198.4600375484747
2022-08-14 19:00:00,2296.9967433535185
2022-08-14 20:00:00,2031.3869716041452
2022-08-14 21:00:00,1895.7745745596224
2022-08-14 22:00:00,1902.9183650557277
2022-08-14 23:00:00,1767.5593757404872
2022-08-15 00:00:00,1606.2469605248555
2022-08-15 01:00:00,1851.9746104861376
2022-08-15 02:00:00,1768.1781723308525
2022-08-15 03:00:00,2100.22201338534
2022-08-15 04:00:00,2246.290756488991
2022-08-15 05:00:00,2337.517149343322
2022-08-15 06:00:00,2499.7056973930316
2022-08-15 07:00:00,2897.837605679937
2022-08-15 08:00:00,2805.2695956055054
2022-08-15 09:00:00,2987.2789711618852
2022-08-15 10:00:00,2726.7050742685456
2022-08-15 11:00:00,2867.1389468696284
2022-08-15 12:00:00,2427.6153793525386
2022-08-15 13:00:00,2587.6156063048384
2022-08-15 14:00:00,2403.028165357415
2022-08-15 15:00:00,2602.008977933841
2022-08-15 16:00:00,2610.3887965828167
2022-08-15 17:00:00,3180.3685275786074
2022-08-15 18:00:00,2707.1928599367093
2022-08-15 19:00:00,2782.215331266338
2022-08-15 20:00:00,2717.0783904224627
2022-08-15 21:00:00,2575.82274239258
2022-08-15 22:00:00,2292.4478349822607
2022-08-15 23:00:00,2227.2978105496727
2022-08-16 00:00:00,1751.693393381075
2022-08-16 01:00:00,1815.7516873625361
2022-08-16 02:00:00,1955.0699731746906
2022-08-16 03:00:00,2095.582697348359
2022-08-16 04:00:00,1990.7073020815828
2022-08-16 05:00:00,2281.356406464751
2022-08-16 06:00:00,2522.0510097716424
2022-08-16 07:00:00,2877.257965670998
2022-08-16 08:00:00,2880.3276000073233
2022-08-16 09:00:00,2727.4131266498352
2022-08-16 10:00:00,2848.2547140464167
2022-08-16 11:00:00,2703.444022755928
2022-08-16 12:00:00,2599.6687075692944
2022-08-16 13:00:00,2597.157422825304
2022-08-16 14:00:00,2452.757105881442
2022-08-16 15:00:00,2567.919203891671
2022-08-16 16:00:00,2775.827844060247
2022-08-16 17:00:00,2869.40173086199
2022-08-16 18:00:00,3294.3208426558
2022-08-16 19:00:00,2752.4337934627183
2022-08-16 20:00:00,2880.523264790808
2022-08-16 21:00:00,2489.304779414442
2022-08-16 22:00:00,2521.7739342289815
2022-08-16 23:00:00,2359.9822535915982
2022-08-17 00:00:00,1427.9082066594808
2022-08-17 01:00:00,1733.9233418247984
2022-08-17 02:00:00,1845.6938352205775
2022-08-17 03:00:00,2009.2767811124434
2022-08-17 04:00:00,2186.092440830957
2022-08-17 05:00:00,2299.729403825154
2022-08-17 06:00:00,2585.366268936749
2022-08-17 07:00:00,2884.1998288431455
2022-08-17 08:00:00,3110.305929845337
2022-08-17 09:00:00,2876.4260379788884
2022-08-17 10:00:00,2819.185537415807
2022-08-17 11:00:00,2409.5799678343783
2022-08-17 12:00:00,2714.343451864739
2022-08-17 13:00:00,2358.4131237176057
2022-08-17 14:00:00,2346.9898993306997
2022-08-17 15:00:00,2851.266189435015
2022-08-17 16:00:00,2800.8259810671025
2022-08-17 17:00:00,2784.7707820218716
2022-08-17 18:00:00,2877.0295125553153
2022-08-17 19:00:00,2666.0140586401603
2022-08-17 20:00:00,3003.6388002046665
2022-08-17 21:00:00,2503.9787533999197
2022-08-17 22:00:00,2466.752339258955
2022-08-17 23:00:00,2163.3665331882125
2022-08-18 00:00:00,1722.018492130506
2022-08-18 01:00:00,1774.2613866792244
2022-08-18 02:00:00,1677.034929395822
2022-08-18 03:00:00,2173.3718951619444
2022-08-18 04:00:00,2291.76051449565
2022-08-18 05:00:00,2258.706477772362
2022-08-18 06:00:00,2652.2352147042966
2022-08-18 07:00:00,2981.830103738144
2022-08-18 08:00:00,2791.068471585705
2022-08-18 09:00:00,3076.334311028393
2022-08-18 10:00:00,2978.9972403775564
2022-08-18 11:00:00,2490.9309833117004
2022-08-18 12:00:00,2612.030592686982
2022-08-18 13:00:00,2748.25612000852
2022-08-18 14:00:00,2736.561326738021
2022-08-18 15:00:00,3118.772376079022
2022-08-18 16:00:00,2738.4256753313903
2022-08-18 17:00:00,2809.094912040603
2022-08-18 18:00:00,3012.606140839016
2022-08-18 19:00:00,2997.3793692132426
2022-08-18 20:00:00,2641.3223215813987
2022-08-18 21:00:00,2741.4969268746368
2022-08-18 22:00:00,2472.785637856207
2022-08-18 23:00:00,2071.7255674882736
2022-08-19 00:00:00,1818.8079065991783
2022-08-19 01:00:00,1990.2738628598902
2022-08-19 02:00:00,1658.7497009473493
2022-08-19 03:00:00,2155.3303845239543
2022-08-19 04:00:00,2174.6579306901435
2022-08-19 05:00:00,2557.5965838659185
2022-08-19 06:00:00,2576.3891677653846
2022-08-19 07:00:00,2893.8565628314172
2022-08-19 08:00:00,3382.8877372517
2022-08-19 09:00:00,2752.9435369465305
2022-08-19 10:00:00,2737.299879685063
2022-08-19 11:00:00,2757.6422665427244
2022-08-19 12:00:00,2706.2959735981526
2022-08-19 13:00:00,2316.0355184069695
2022-08-19 14:00:00,2535.8570139798708
2022-08-19 15:00:00,2609.2541213375894
2022-08-19 16:00:00,2921.3358242639392
2022-08-19 17:00:00,2883.777470658687
2022-08-19 18:00:00,3026.643153309718
2022-08-19 19:00:00,2782.7190052919964
2022-08-19 20:00:00,2497.0823468585304
2022-08-19 21:00:00,2547.9407706574334
2022-08-19 22:00:00,2618.1136248411103
2022-08-19 23:00:00,2183.367880740359
2022-08-20 00:00:00,1553.8716176055339
2022-08-20 01:00:00,1418.0408543034994
2022-08-20 02:00:00,1561.7504905444966
2022-08-20 03:00:00,1696.1833472825383
2022-08-20 04:00:00,1776.6283295399899
2022-08-20 05:00:00,1941.748390232935
2022-08-20 06:00:00,2396.579377723873
2022-08-20 07:00:00,2559.534354849584
2022-08-20 08:00:00,2390.710442668507
2022-08-20 09:00:00,2584.6452323363606
2022-08-20 10:00:00,2434.994002647797
2022-08-20 11:00:00,2328.6747216831723
2022-08-20 12:00:00,2333.983739865661
2022-08-20 13:00:00,2121.875289673319
2022-08-20 14:00:00,2344.2403830268527
2022-08-20 15:00:00,2451.4108807366606
2022-08-20 16:00:00,2311.4938330779837
2022-08-20 17:00:00,2480.043382236626
2022-08-20 18:00:00,2672.161214832434
2022-08-20 19:00:00,2535.1184757244255
2022-08-20 20:00:00,2325.04070521939
2022-08-20 21:00:00,2222.7722758645045
2022-08-20 22:00:00,2048.256175361973
2022-08-20 23:00:00,1913.8270595713275
2022-08-21 00:00:00,1400.932998167403
2022-08-21 01:00:00,1265.8626202437622
2022-08-21 02:00:00,1432.2790032830462
2022-08-21 03:00:00,1489.7352990562326
2022-08-21 04:00:00,1808.01361277904
2022-08-21 05:00:00,1883.4381403466653
2022-08-21 06:00:00,2029.467211977577
2022-08-21 07:00:00,2180.734215508167
2022-08-21 08:00:00,2302.7598669616195
2022-08-21 09:00:00,2160.062867586423
2022-08-21 10:00:00,2255.4490901352833
2022-08-21 11:00:00,2051.3523321148887
2022-08-21 12:00:00,1917.8121326566695
2022-08-21 13:00:00,1912.3462156792511
2022-08-21 14:00:00,1999.1272398918939
2022-08-21 15:00:00,2003.5369967348379
2022-08-21 16:00:00,2102.317871322723
2022-08-21 17:00:00,2035.513380115312
2022-08-21 18:00:00,2170.572464815946
2022-08-21 19:00:00,2330.318094220802
2022-08-21 20:00:00,2083.670251289455
2022-08-21 21:00:00,2088.550684180382
2022-08-21 22:00:00,2028.5290432442202
2022-08-21 23:00:00,1561.3414716136679
2022-08-22 00:00:00,1809.2436208405718
2022-08-22 01:00:00,1850.1176225179931
2022-08-22 02:00:00,1824.712540792501
2022-08-22 03:00:00,1833.5338930207138
2022-08-22 04:00:00,2257.76871921668
2022-08-22 05:00:00,2390.9735777366086
2022-08-22 06:00:00,2846.0965375732258
2022-08-22 07:00:00,2852.339911729604
2022-08-22 08:00:00,2949.4261324006125
2022-08-22 09:00:00,2918.9462407055325
2022-08-22 10:00:00,2871.9086962133692
2022-08-22 11:00:00,2709.390912378663
2022-08-22 12:00:00,2808.909512168104
2022-08-22 13:00:00,2472.477998137286
2022-08-22 14:00:00,2865.1826906493807
2022-08-22 15:00:00,2567.9215896611227
2022-08-22 16:00:00,2638.7408466878587
2022-08-22 17:00:00,2926.048769423417
2022-08-22 18:00:00,2875.0779533345926
2022-08-22 19:00:00,2798.08041299936
2022-08-22 20:00:00,2640.024571680589
2022-08-22 21:00:00,2627.0019140058894
2022-08-22 22:00:00,2373.197848508636
2022-08-22 23:00:00,2154.7172622334497
2022-08-23 00:00:00,1698.9391828667553
2022-08-23 01:00:00,1654.1172756266592
2022-08-23 02:00:00,1862.38469762301
2022-08-23 03:00:00,2183.2491392875954
2022-08-23 04:00:00,1984.383376200192
2022-08-23 05:00:00,2694.4423956295577
2022-08-23 06:00:00,2820.2794270568197
2022-08-23 07:00:00,2568.3493258730036
2022-08-23 08:00:00,2921.1495060220905
2022-08-23 09:00:00,3116.3043118478718
2022-08-23 10:00:00,2767.0004051310098
2022-08-23 11:00:00,2850.169468546575
2022-08-23 12:00:00,2742.7449680793793
2022-08-23 13:00:00,2675.384451750757
2022-08-23 14:00:00,2460.33593900172
2022-08-23 15:00:00,2609.2999414340825
2022-08-23 16:00:00,2776.350318703147
2022-08-23 17:00:00,2932.95649886989
2022-08-23 18:00:00,3192.6624150574457
2022-08-23 19:00:00,2706.813342017367
2022-08-23 20:00:00,2812.6793541697707
2022-08-23 21:00:00,2648.985489673294
2022-08-23 22:00:00,2660.2650185957295
2022-08-23 23:00:00,2342.529047928795
2022-08-24 00:00:00,1862.6817394250438
2022-08-24 01:00:00,1652.1893342558496
2022-08-24 02:00:00,1798.1772290385113
2022-08-24 03:00:00,1912.8677621708819
2022-08-24 04:00:00,2099.220004004655
2022-08-24 05:00:00,2376.662960587947
2022-08-24 06:00:00,2771.050839359337
2022-08-24 07:00:00,2558.7508831109017
2022-08-24 08:00:00,2600.106174184523
2022-08-24 09:00:00,2739.9191210604386
2022-08-24 10:00:00,2803.0393438883248
2022-08-24 11:00:00,2756.1381895250834
2022-08-24 12:00:00,2664.844135703688
2022-08-24 13:00:00,2782.987167788101
2022-08-24 14:00:00,2452.2970950756185
2022-08-24 15:00:00,2785.9858651195464
2022-08-24 16:00:00,2739.999049237821
2022-08-24 17:00:00,2821.5683931922727
2022-08-24 18:00:00,2946.9745457868394
2022-08-24 19:00:00,2808.3558149532437
2022-08-24 20:00:00,2834.490043806609
2022-08-24 21:00:00,2607.275286740873
2022-08-24 22:00:00,2317.498263174432
2022-08-24 23:00:00,2189.3331466637187
2022-08-25 00:00:00,1630.7395956093385
2022-08-25 01:00:00,1850.5447796448243
2022-08-25 02:00:00,1889.886910582
2022-08-25 03:00:00,2002.3528362263366
2022-08-25 04:00:00,2040.376535087804
2022-08-25 05:00:00,2526.9188257091873
2022-08-25 06:00:00,2812.1829456271093
2022-08-25 07:00:00,2642.7682403885487
2022-08-25 08:00:00,2988.7124819098153
2022-08-25 09:00:00,3134.033118098867
2022-08-25 10:00:00,2677.0890806628213
2022-08-25 11:00:00,2699.228096381958
2022-08-25 12:00:00,2873.7059022029885
2022-08-25 13:00:00,2859.343644022683
2022-08-25 14:00:00,2819.6689778054388
2022-08-25 15:00:00,2813.846420734344
2022-08-25 16:00:00,2754.266581629582
2022-08-25 17:00:00,2623.0634234009067
2022-08-25 18:00:00,2767.997480799329
2022-08-25 19:00:00,2691.430794417361
2022-08-25 20:00:00,2729.3795086151904
2022-08-25 21:00:00,2569.5522902962894
2022-08-25 22:00:00,2592.226518446475
2022-08-25 23:00:00,2354.9735183816124
2022-08-26 00:00:00,1644.8033468893248
2022-08-26 01:00:00,1759.1195113403096
2022-08-26 02:00:00,2134.8737922800424
2022-08-26 03:00:00,1852.6167212774196
2022-08-26 04:00:00,2394.5439552093117
2022-08-26 05:00:00,2325.8087904407766
2022-08-26 06:00:00,2735.046453066581
2022-08-26 07:00:00,2933.7713352311875
2022-08-26 08:00:00,2990.7120003324317
2022-08-26 09:00:00,3129.221256420155
2022-08-26 10:00:00,2754.322116035496
2022-08-26 11:00:00,2977.863230348279
2022-08-26 12:00:00,2554.159530641588
2022-08-26 13:00:00,2571.4437580412286
2022-08-26 14:00:00,2560.6973291077625
2022-08-26 15:00:00,2747.778256434911
2022-08-26 16:00:00,2958.5194406665332
2022-08-26 17:00:00,3187.2776598322043
2022-08-26 18:00:00,3018.1449953868796
2022-08-26 19:00:00,2903.55212359946
2022-08-26 20:00:00,2835.2620433149445
2022-08-26 21:00:00,2715.613654581849
2022-08-26 22:00:00,2355.279889934316
2022-08-26 23:00:00,2187.098304218488
2022-08-27 00:00:00,1479.9704386452597
2022-08-27 01:00:00,1551.2403703792854
2022-08-27 02:00:00,1642.5623732967783
2022-08-27 03:00:00,1769.9931232085657
2022-08-27 04:00:00,2031.4269505741895
2022-08-27 05:00:00,1896.3959811934863
2022-08-27 06:00:00,2359.516386995406
2022-08-27 07:00:00,2499.813712269983
2022-08-27 08:00:00,2630.1508295461745
2022-08-27 09:00:00,2494.239204437005
2022-08-27 10:00:00,2474.3472965389806
2022-08-27 11:00:00,2301.6599552787834
2022-08-27 12:00:00,2229.5088920997255
2022-08-27 13:00:00,2409.5253997167633
2022-08-27 14:00:00,2399.8524697731036
2022-08-27 15:00:00,2514.358224471802
2022-08-27 16:00:00,2578.2724281735655
2022-08-27 17:00:00,2669.1236197333064
2022-08-27 18:00:00,2676.250065025756
2022-08-27 19:00:00,2221.5489808611583
2022-08-27 20:00:00,2476.3082254901433
2022-08-27 21:00:00,2321.6095005352845
2022-08-27 22:00:00,2213.0691033442986
2022-08-27 23:00:00,2053.509964565088
2022-08-28 00:00:00,1336.203393253233
2022-08-28 01:00:00,1325.406846680275
2022-08-28 02:00:00,1385.9097425022812
2022-08-28 03:00:00,1570.3127010056003
2022-08-28 04:00:00,1731.8929141636117
2022-08-28 05:00:00,2016.751816745956
2022-08-28 06:00:00,1857.610102977283
2022-08-28 07:00:00,2342.833676771712
2022-08-28 08:00:00,2321.452236683829
2022-08-28 09:00:00,2247.064428069191
2022-08-28 10:00:00,2362.6514748637333
2022-08-28 11:00:00,2042.2214062068388
2022-08-28 12:00:00,2030.6645048943037
2022-08-28 13:00:00,1954.7065283971683
2022-08-28 14:00:00,1857.7160034555134
2022-08-28 15:00:00,2184.636438862282
2022-08-28 16:00:00,2419.9069288961673
2022-08-28 17:00:00,2128.7983890262685
2022-08-28 18:00:00,2215.674774984063
2022-08-28 19:00:00,2186.4738705131217
2022-08-28 20:00:00,2131.0119044025464
2022-08-28 21:00:00,1868.1956603440947
2022-08-28 22:00:00,1898.9065176480333
2022-08-28 23:00:00,1718.7080174182465
2022-08-29 00:00:00,1861.4790011034102
2022-08-29 01:00:00,2048.2622238186555
2022-08-29 02:00:00,2012.1647662511937
2022-08-29 03:00:00,2224.0842523340134
2022-08-29 04:00:00,2281.42461925262
2022-08-29 05:00:00,2628.29455934206
2022-08-29 06:00:00,2504.2453901198537
2022-08-29 07:00:00,2808.883924360472
2022-08-29 08:00:00,2944.4993512030946
2022-08-29 09:00:00,2960.776544586167
2022-08-29 10:00:00,2901.292538332811
2022-08-29 11:00:00,2689.825963785377
2022-08-29 12:00:00,2586.516271202259
2022-08-29 13:00:00,2544.920368189232
2022-08-29 14:00:00,2785.535518870249
2022-08-29 15:00:00,2698.858002716417
2022-08-29 16:00:00,2690.4073798784266
2022-08-29 17:00:00,3204.3482203899907
2022-08-29 18:00:00,2557.5436335224726
2022-08-29 19:00:00,2944.5379911943046
2022-08-29 20:00:00,2962.831656911982
2022-08-29 21:00:00,2540.0996960025827
2022-08-29 22:00:00,2504.092319440809
2022-08-29 23:00:00,2397.527074740712
2022-08-30 00:00:00,1805.5750425051388
2022-08-30 01:00:00,1805.6439819108105
2022-08-30 02:00:00,1966.7095534112827
2022-08-30 03:00:00,1905.9117091051594
2022-08-30 04:00:00,2138.7050379418547
2022-08-30 05:00:00,2358.609398894914
2022-08-30 06:00:00,2834.471713726547
2022-08-30 07:00:00,3097.121511103929
2022-08-30 08:00:00,2920.1148062962075
2022-08-30 09:00:00,2808.186460377066
2022-08-30 10:00:00,2836.600530470242
2022-08-30 11:00:00,2611.5638481390283
2022-08-30 12:00:00,2603.192415118396
2022-08-30 13:00:00,2638.5836121018724
2022-08-30 14:00:00,2753.226755950903
2022-08-30 15:00:00,2602.2888674543537
2022-08-30 16:00:00,2781.397490312253
2022-08-30 17:00:00,3008.618847922591
2022-08-30 18:00:00,2760.6905005708554
2022-08-30 19:00:00,2844.3618418197193
2022-08-30 20:00:00,2857.5870682789728
2022-08-30 21:00:00,2502.1057329311775
2022-08-30 22:00:00,2642.0118167560586
2022-08-30 23:00:00,2274.164543126825
2022-08-31 00:00:00,1777.852120780114
2022-08-31 01:00:00,1847.817868699576
2022-08-31 02:00:00,1836.1351745233312
2022-08-31 03:00:00,2077.7430297747846
2022-08-31 04:00:00,2209.201646629547
2022-08-31 05:00:00,2413.5290662029515
2022-08-31 06:00:00,2727.45137042326
2022-08-31 07:00:00,3005.749155552021
2022-08-31 08:00:00,2833.6550905141726
2022-08-31 09:00:00,2931.62328214354
2022-08-31 10:00:00,2900.6127760171753
2022-08-31 11:00:00,2419.118541698099
2022-08-31 12:00:00,2581.425508378436
2022-08-31 13:00:00,2380.3343900436184
2022-08-31 14:00:00,2596.3566817568753
2022-08-31 15:00:00,2697.504626192275
2022-08-31 16:00:00,2966.44837043327
2022-08-31 17:00:00,2748.8555682600254
2022-08-31 18:00:00,2907.471035024137
2022-08-31 19:00:00,3129.568050885666
2022-08-31 20:00:00,2688.055753053285
2022-08-31 21:00:00,2671.6857345248272
2022-08-31 22:00:00,2321.441067382108
2022-08-31 23:00:00,2172.754696263737
2022-09-01 00:00:00,1894.1247580841223
2022-09-01 01:00:00,1786.5915869702224
2022-09-01 02:00:00,1801.1785224372613
2022-09-01 03:00:00,2016.3050462370813
2022-09-01 04:00:00,2321.1478122928784
2022-09-01 05:00:00,2769.735906575491
2022-09-01 06:00:00,2599.805749516181
2022-09-01 07:00:00,2864.5746842492435
2022-09-01 08:00:00,3062.6089045094695
2022-09-01 09:00:00,2709.222940766555
2022-09-01 10:00:00,2917.3299119958715
2022-09-01 11:00:00,2793.87783470026
2022-09-01 12:00:00,2917.3802601736306
2022-09-01 13:00:00,2702.731888275322
2022-09-01 14:00:00,2481.2692238480154
2022-09-01 15:00:00,2569.2541578079204
2022-09-01 16:00:00,2745.2164867882752
2022-09-01 17:00:00,2871.632880187148
2022-09-01 18:00:00,2836.0543889631126
2022-09-01 19:00:00,2924.523243631392
2022-09-01 20:00:00,2842.7301458161064
2022-09-01 21:00:00,2473.593992562301
2022-09-01 22:00:00,2575.913409261518
2022-09-01 23:00:00,2452.0765362559146
2022-09-02 00:00:00,1898.324766412407
2022-09-02 01:00:00,1719.3163039416054
2022-09-02 02:00:00,1991.6800243903092
2022-09-02 03:00:00,2167.0307964163376
2022-09-02 04:00:00,2336.3310510146175
2022-09-02 05:00:00,2754.0560656871544
2022-09-02 06:00:00,3010.7041131610513
2022-09-02 07:00:00,2949.1077149886064
2022-09-02 08:00:00,3118.079265286977
2022-09-02 09:00:00,3208.6117695319426
2022-09-02 10:00:00,3017.275591079734
2022-09-02 11:00:00,2857.1099404224624
2022-09-02 12:00:00,2862.2217814753894
2022-09-02 13:00:00,2614.8788981910056
2022-09-02 14:00:00,2475.0062898881274
2022-09-02 15:00:00,2698.059422680263
2022-09-02 16:00:00,2847.659474017134
2022-09-02 17:00:00,3078.6868321460306
2022-09-02 18:00:00,3159.9027578528094
2022-09-02 19:00:00,2833.775791608921
2022-09-02 20:00:00,3139.744451102133
2022-09-02 21:00:00,2748.46128539711
2022-09-02 22:00:00,2675.594481887872
2022-09-02 23:00:00,2495.263844080899
2022-09-03 00:00:00,1587.8835092118975
2022-09-03 01:00:00,1597.3351930686017
2022-09-03 02:00:00,1661.3720366287444
2022-09-03 03:00:00,1949.0894721420507
2022-09-03 04:00:00,1928.8748580194265
2022-09-03 05:00:00,2096.2100911734356
2022-09-03 06:00:00,2381.911046659505
2022-09-03 07:00:00,2528.5331672026177
2022-09-03 08:00:00,2689.6589730090304
2022-09-03 09:00:00,2915.191374477365
2022-09-03 10:00:00,2580.786532943306
2022-09-03 11:00:00,2338.5122901494333
2022-09-03 12:00:00,2486.0832273433807
2022-09-03 13:00:00,2247.144552721938
2022-09-03 14:00:00,2334.4887420739688
2022-09-03 15:00:00,2191.395535299589
2022-09-03 16:00:00,2420.8701975530594
2022-09-03 17:00:00,2639.3032448937893
2022-09-03 18:00:00,2552.9765980310913
2022-09-03 19:00:00,2797.4659093805467
2022-09-03 20:00:00,2459.179586932902
2022-09-03 21:00:00,2286.623624630481
2022-09-03 22:00:00,2017.2404734904192
2022-09-03 23:00:00,1897.4468034271115
2022-09-04 00:00:00,1408.4625069231658
2022-09-04 01:00:00,1471.267275084301
2022-09-04 02:00:00,1523.314484218546
2022-09-04 03:00:00,1650.497745625028
2022-09-04 04:00:00,1703.1862936814532
2022-09-04 05:00:00,1961.2633236568493
2022-09-04 06:00:00,2261.534739116517
2022-09-04 07:00:00,2221.496576571812
2022-09-04 08:00:00,2446.4091922401535
2022-09-04 09:00:00,2384.4923679469557
2022-09-04 10:00:00,2143.744015283478
2022-09-04 11:00:00,2124.531702665003
2022-09-04 12:00:00,2086.3227416878735
2022-09-04 13:00:00,2167.334831241441
2022-09-04 14:00:00,2302.271220642336
2022-09-04 15:00:00,2085.9563649441425
2022-09-04 16:00:00,2135.984053643899
2022-09-04 17:00:00,2189.21382705781
2022-09-04 18:00:00,2535.0573118362104
2022-09-04 19:00:00,2144.4471771632743
2022-09-04 20:00:00,2186.1872024491613
2022-09-04 21:00:00,2075.619700780681
2022-09-04 22:00:00,1784.5301648575526
2022-09-04 23:00:00,1765.3498435220233
2022-09-05 00:00:00,1829.758991164818
2022-09-05 01:00:00,1971.6304841843782
2022-09-05 02:00:00,1866.2626380576633
2022-09-05 03:00:00,2284.335659527926
2022-09-05 04:00:00,2362.3795839570066
2022-09-05 05:00:00,2391.5291724023023
2022-09-05 06:00:00,3133.9348103498523
2022-09-05 07:00:00,2967.690517306347
2022-09-05 08:00:00,3167.185884134062
2022-09-05 09:00:00,3246.5667763929464
2022-09-05 10:00:00,3046.637286559606
2022-09-05 11:00:00,2781.2105307528
2022-09-05 12:00:00,2649.944227476799
2022-09-05 13:00:00,2733.169176974491
2022-09-05 14:00:00,3062.6767203105096
2022-09-05 15:00:00,2859.4183483398187
2022-09-05 16:00:00,2771.200069953397
2022-09-05 17:00:00,3094.9150319507416
2022-09-05 18:00:00,2828.2947239871564
2022-09-05 19:00:00,2760.4816126819974
2022-09-05 20:00:00,2912.119395406978
2022-09-05 21:00:00,2835.1467961393223
2022-09-05 22:00:00,2607.867175985832
2022-09-05 23:00:00,2242.5419413384507
2022-09-06 00:00:00,1715.131127509133
2022-09-06 01:00:00,1877.673739387555
2022-09-06 02:00:00,1915.4676701602632
2022-09-06 03:00:00,1925.7673833238036
2022-09-06 04:00:00,2078.1728779914915
2022-09-06 05:00:00,2555.905610996988
2022-09-06 06:00:00,2906.314042005087
2022-09-06 07:00:00,2896.723434402441
2022-09-06 08:00:00,3047.9194535170714
2022-09-06 09:00:00,3185.5564796838744
2022-09-06 10:00:00,2837.0674505455263
2022-09-06 11:00:00,2856.8797489038475
2022-09-06 12:00:00,2745.577159106951
2022-09-06 13:00:00,2856.527745098942
2022-09-06 14:00:00,2472.810696821315
2022-09-06 15:00:00,2786.0495247660097
2022-09-06 16:00:00,3149.1796484695437
2022-09-06 17:00:00,2887.6818934317575
2022-09-06 18:00:00,3118.9525476962194
2022-09-06 19:00:00,3110.2754123153863
2022-09-06 20:00:00,3030.403241510807
2022-09-06 21:00:00,2696.0171859946504
2022-09-06 22:00:00,2669.224716511714
2022-09-06 23:00:00,2288.6393952939793
2022-09-07 00:00:00,1680.6155164609877
2022-09-07 01:00:00,1921.307993405171
2022-09-07 02:00:00,1934.6926958360052
2022-09-07 03:00:00,2252.118870303325
2022-09-07 04:00:00,2261.916293626708
2022-09-07 05:00:00,2662.356609695682
2022-09-07 06:00:00,2770.427959552259
2022-09-07 07:00:00,2751.9823476828806
2022-09-07 08:00:00,2869.0630837535555
2022-09-07 09:00:00,3149.023922684082
2022-09-07 10:00:00,2895.500817411903
2022-09-07 11:00:00,2724.5921719928483
2022-09-07 12:00:00,2783.2302877408692
2022-09-07 13:00:00,2631.0718632380826
2022-09-07 14:00:00,2842.1556195299563
2022-09-07 15:00:00,2854.120557671678
2022-09-07 16:00:00,3047.712216039102
2022-09-07 17:00:00,3080.7204260397316
2022-09-07 18:00:00,3035.918062647091
2022-09-07 19:00:00,2685.7024215558035
2022-09-07 20:00:00,2906.9158257858066
2022-09-07 21:00:00,2828.6495845133472
2022-09-07 22:00:00,2380.6476092960365
2022-09-07 23:00:00,2217.940132206259
2022-09-08 00:00:00,1937.660726826211
2022-09-08 01:00:00,2007.440354234937
2022-09-08 02:00:00,1984.9140592621131
2022-09-08 03:00:00,1875.1220816738778
2022-09-08 04:00:00,2432.5184979934897
2022-09-08 05:00:00,2662.748272596288
2022-09-08 06:00:00,2817.0356990731875
2022-09-08 07:00:00,2680.009228828021
2022-09-08 08:00:00,2941.658388987472
2022-09-08 09:00:00,3098.7169596292338
2022-09-08 10:00:00,2901.894573028855
2022-09-08 11:00:00,2972.3419779148635
2022-09-08 12:00:00,2725.721271208438
2022-09-08 13:00:00,2771.056542810317
2022-09-08 14:00:00,2841.4356413072705
2022-09-08 15:00:00,2887.530143614426
2022-09-08 16:00:00,2913.1649895608216
2022-09-08 17:00:00,3134.7709170814446
2022-09-08 18:00:00,3225.1353623692444
2022-09-08 19:00:00,3149.751718844887
2022-09-08 20:00:00,2913.0711029689955
2022-09-08 21:00:00,2642.03316582028
2022-09-08 22:00:00,2633.2933099038796
2022-09-08 23:00:00,2180.6885139816845
2022-09-09 00:00:00,1809.8471165622857
2022-09-09 01:00:00,1802.5421212346125
2022-09-09 02:00:00,2105.054085916014
2022-09-09 03:00:00,2103.2955884730372
2022-09-09 04:00:00,2300.4856008692836
2022-09-09 05:00:00,2521.1263923681704
2022-09-09 06:00:00,2958.601882028678
2022-09-09 07:00:00,3136.9227838927586
2022-09-09 08:00:00,3065.8316738201543
2022-09-09 09:00:00,3026.5490386797137
2022-09-09 10:00:00,2826.5364585960942
2022-09-09 11:00:00,2951.728350347696
2022-09-09 12:00:00,2576.1879392763844
2022-09-09 13:00:00,2638.1291762989395
2022-09-09 14:00:00,2718.1046237486735
2022-09-09 15:00:00,2799.9234647450894
2022-09-09 16:00:00,3030.0043657368938
2022-09-09 17:00:00,2992.2214278198253
2022-09-09 18:00:00,3055.9363309796418
2022-09-09 19:00:00,3209.905511161398
2022-09-09 20:00:00,2939.5556812091145
2022-09-09 21:00:00,2721.4084525771573
2022-09-09 22:00:00,2585.5564174953415
2022-09-09 23:00:00,2417.1456464522025
2022-09-10 00:00:00,1710.985955803906
2022-09-10 01:00:00,1737.6767461779696
2022-09-10 02:00:00,1617.2346992919693
2022-09-10 03:00:00,1760.8104436983442
2022-09-10 04:00:00,1986.6407778240296
2022-09-10 05:00:00,2064.4198933730727
2022-09-10 06:00:00,2311.085727768585
2022-09-10 07:00:00,2548.4334568898303
2022-09-10 08:00:00,2600.879755096128
2022-09-10 09:00:00,2578.9806236355957
2022-09-10 10:00:00,2470.4700252705193
2022-09-10 11:00:00,2339.1901884387144
2022-09-10 12:00:00,2284.2592837256643
2022-09-10 13:00:00,2328.4216539967474
2022-09-10 14:00:00,2254.5479128478805
2022-09-10 15:00:00,2462.0965079620455
2022-09-10 16:00:00,2544.8660292336235
2022-09-10 17:00:00,2539.9246987381316
2022-09-10 18:00:00,2667.647089198409
2022-09-10 19:00:00,2432.8146356332013
2022-09-10 20:00:00,2463.9796221627253
2022-09-10 21:00:00,2398.336098543316
2022-09-10 22:00:00,2264.075315219226
2022-09-10 23:00:00,2115.9781907617407
2022-09-11 00:00:00,1406.549364645319
2022-09-11 01:00:00,1407.7842069619637
2022-09-11 02:00:00,1475.4865649113501
2022-09-11 03:00:00,1509.02191734948
2022-09-11 04:00:00,1730.7822497429058
2022-09-11 05:00:00,2025.2082862302716
2022-09-11 06:00:00,2116.143065084378
2022-09-11 07:00:00,2396.2089260674734
2022-09-11 08:00:00,2433.30346644872
2022-09-11 09:00:00,2481.982056903781
2022-09-11 10:00:00,2353.831780160785
2022-09-11 11:00:00,2089.0264628238942
2022-09-11 12:00:00,2088.676022147092
2022-09-11 13:00:00,2156.5504869997335
2022-09-11 14:00:00,1964.618631874007
2022-09-11 15:00:00,2174.6310737125373
2022-09-11 16:00:00,2102.82230738254
2022-09-11 17:00:00,2228.916753642161
2022-09-11 18:00:00,2273.364552228676
2022-09-11 19:00:00,2389.9197091698493
2022-09-11 20:00:00,2188.337094981108
2022-09-11 21:00:00,1871.937463438801
2022-09-11 22:00:00,1983.6025455389781
2022-09-11 23:00:00,1937.2798885412672
2022-09-12 00:00:00,1824.295133997272
2022-09-12 01:00:00,1724.677749028491
2022-09-12 02:00:00,1886.3724148397218
2022-09-12 03:00:00,2398.560702531402
2022-09-12 04:00:00,2427.968909584362
2022-09-12 05:00:00,2632.6078995506336
2022-09-12 06:00:00,2798.5659338867013
2022-09-12 07:00:00,3073.2187471859024
2022-09-12 08:00:00,3176.6920778959598
2022-09-12 09:00:00,2983.083613484619
2022-09-12 10:00:00,2914.0733281847615
2022-09-12 11:00:00,3102.1169159172323
2022-09-12 12:00:00,2790.855706539582
2022-09-12 13:00:00,2876.1678576291165
2022-09-12 14:00:00,2979.5741815334854
2022-09-12 15:00:00,2861.7908762356456
2022-09-12 16:00:00,2898.7970096198706
2022-09-12 17:00:00,3031.5834400657313
2022-09-12 18:00:00,2938.4503602670684
2022-09-12 19:00:00,2662.5464258987963
2022-09-12 20:00:00,2863.8495920117057
2022-09-12 21:00:00,2812.5838117625576
2022-09-12 22:00:00,2613.69241827286
2022-09-12 23:00:00,2355.7572116362576
2022-09-13 00:00:00,1912.198095950973
2022-09-13 01:00:00,1909.6853764634295
2022-09-13 02:00:00,2041.0375227745208
2022-09-13 03:00:00,2050.9967795977855
2022-09-13 04:00:00,2346.8183674825327
2022-09-13 05:00:00,2565.6425039405513
2022-09-13 06:00:00,2571.5016528170477
2022-09-13 07:00:00,2809.2239323851018
2022-09-13 08:00:00,2950.258438996107
2022-09-13 09:00:00,3136.587412472204
2022-09-13 10:00:00,3077.6756086645714
2022-09-13 11:00:00,2852.108336226619
2022-09-13 12:00:00,2968.1508258646636
2022-09-13 13:00:00,2476.0364012841706
2022-09-13 14:00:00,2825.414963446409
2022-09-13 15:00:00,2594.253398220339
2022-09-13 16:00:00,3233.724274672061
2022-09-13 17:00:00,2796.5524795186484
2022-09-13 18:00:00,3268.9894531078157
2022-09-13 19:00:00,2966.4497015627685
2022-09-13 20:00:00,3278.2028983537
2022-09-13 21:00:00,2646.9931450194445
2022-09-13 22:00:00,2521.5159004959805
2022-09-13 23:00:00,2548.77981494143
2022-09-14 00:00:00,1898.252798824225
2022-09-14 01:00:00,1939.5544835195985
2022-09-14 02:00:00,2118.018089216671
2022-09-14 03:00:00,2041.0389907970432
2022-09-14 04:00:00,2489.0148448798636
2022-09-14 05:00:00,2724.9819738456026
2022-09-14 06:00:00,2749.9598383554785
2022-09-14 07:00:00,3316.3743838402766
2022-09-14 08:00:00,3282.975383792381
2022-09-14 09:00:00,3009.3650293794676
2022-09-14 10:00:00,2933.8560591348773
2022-09-14 11:00:00,2873.4236925280647
2022-09-14 12:00:00,2655.6919321985056
2022-09-14 13:00:00,2574.644314315991
2022-09-14 14:00:00,2754.3305309181815
2022-09-14 15:00:00,2902.8090158741015
2022-09-14 16:00:00,2843.186727115978
2022-09-14 17:00:00,3238.8577341322725
2022-09-14 18:00:00,3001.9877297708827
2022-09-14 19:00:00,3208.8724649715123
2022-09-14 20:00:00,2961.0669916343895
2022-09-14 21:00:00,2797.6116870661394
2022-09-14 22:00:00,2668.001987178777
2022-09-14 23:00:00,2442.3313647436016
2022-09-15 00:00:00,1953.590093447821
2022-09-15 01:00:00,1792.9237532061163
2022-09-15 02:00:00,2094.89958526852
2022-09-15 03:00:00,2254.9512143142297
2022-09-15 04:00:00,2394.0592429253898
2022-09-15 05:00:00,2725.662020936053
2022-09-15 06:00:00,2711.326976084802
2022-09-15 07:00:00,3108.3814237449274
2022-09-15 08:00:00,3431.3981271255216
2022-09-15 09:00:00,3451.919129393037
2022-09-15 10:00:00,2907.816934483873
2022-09-15 11:00:00,2982.6043186533943
2022-09-15 12:00:00,2759.23697947153
2022-09-15 13:00:00,2915.073772933899
2022-09-15 14:00:00,2890.8340275349647
2022-09-15 15:00:00,3171.7868231567104
2022-09-15 16:00:00,2965.465072713182
2022-09-15 17:00:00,2709.5856779062015
2022-09-15 18:00:00,3336.19507313185
2022-09-15 19:00:00,3256.4061409507767
2022-09-15 20:00:00,2834.836815106978
2022-09-15 21:00:00,2764.893982608037
2022-09-15 22:00:00,2715.655790067769
2022-09-15 23:00:00,2402.423896744205
2022-09-16 00:00:00,1884.4922469572691
2022-09-16 01:00:00,1865.4001332119867
2022-09-16 02:00:00,1902.1790676986302
2022-09-16 03:00:00,2352.705900425536
2022-09-16 04:00:00,2348.9511181053517
2022-09-16 05:00:00,2690.197604368015
2022-09-16 06:00:00,3116.3032194620114
2022-09-16 07:00:00,3174.219378610153
2022-09-16 08:00:00,3377.539855858562
2022-09-16 09:00:00,3229.703581675461
2022-09-16 10:00:00,2917.0186799000253
2022-09-16 11:00:00,2855.7523030105895
2022-09-16 12:00:00,2867.1343334601997
2022-09-16 13:00:00,2794.2698270286114
2022-09-16 14:00:00,2931.097113634965
2022-09-16 15:00:00,2923.5208495736847
2022-09-16 16:00:00,3040.5116878311374
2022-09-16 17:00:00,2959.0810291590524
2022-09-16 18:00:00,2942.1614605038085
2022-09-16 19:00:00,3271.849390676241
2022-09-16 20:00:00,2989.8263354022192
2022-09-16 21:00:00,2830.1566462794503
2022-09-16 22:00:00,2510.915103293295
2022-09-16 23:00:00,2445.006801106758
2022-09-17 00:00:00,1585.4541281581498
2022-09-17 01:00:00,1750.522204405781
2022-09-17 02:00:00,1617.1006185761157
2022-09-17 03:00:00,1905.7341604913997
2022-09-17 04:00:00,2180.6737294339287
2022-09-17 05:00:00,2450.4439327947
2022-09-17 06:00:00,2434.884501881701
2022-09-17 07:00:00,2581.9275425512205
2022-09-17 08:00:00,2338.170248611714
2022-09-17 09:00:00,2714.321186013759
2022-09-17 10:00:00,2501.225793443548
2022-09-17 11:00:00,2448.32152417967
2022-09-17 12:00:00,2210.2013340445515
2022-09-17 13:00:00,2279.366117754508
2022-09-17 14:00:00,2429.9671191991265
2022-09-17 15:00:00,2334.5859387774804
2022-09-17 16:00:00,2617.004810555855
2022-09-17 17:00:00,2809.8679490605214
2022-09-17 18:00:00,2553.7943255210484
2022-09-17 19:00:00,2699.9520169388015
2022-09-17 20:00:00,2698.241938059033
2022-09-17 21:00:00,2194.5425145535332
2022-09-17 22:00:00,2098.4476552135284
2022-09-17 23:00:00,2291.4772126914704
2022-09-18 00:00:00,1522.1640682688105
2022-09-18 01:00:00,1529.2989419994433
2022-09-18 02:00:00,1488.4063145106838
2022-09-18 03:00:00,1602.0685093822492
2022-09-18 04:00:00,1905.7390883437522
2022-09-18 05:00:00,2177.8458966494086
2022-09-18 06:00:00,2338.523456827497
2022-09-18 07:00:00,2344.1939816663353
2022-09-18 08:00:00,2316.853732939493
2022-09-18 09:00:00,2215.481137510498
2022-09-18 10:00:00,2037.3469120160125
2022-09-18 11:00:00,2219.3784804360457
2022-09-18 12:00:00,2217.6441710989798
2022-09-18 13:00:00,2274.784484381567
2022-09-18 14:00:00,2095.080776313958
2022-09-18 15:00:00,2254.901811182053
2022-09-18 16:00:00,2345.551674881163
2022-09-18 17:00:00,2357.9238950077074
2022-09-18 18:00:00,2318.224139393884
2022-09-18 19:00:00,2165.211071874429
2022-09-18 20:00:00,2186.8971374943567
2022-09-18 21:00:00,2210.847593315278
2022-09-18 22:00:00,2050.649018299041
2022-09-18 23:00:00,1899.696757244685
2022-09-19 00:00:00,1946.3776816844593
2022-09-19 01:00:00,1991.1424912250081
2022-09-19 02:00:00,2026.8131294285492
2022-09-19 03:00:00,2179.186054980471
2022-09-19 04:00:00,2401.615356787203
2022-09-19 05:00:00,2876.3272765569154
2022-09-19 06:00:00,2895.058931126879
2022-09-19 07:00:00,2592.756925154117
2022-09-19 08:00:00,3511.867199306992
2022-09-19 09:00:00,3217.277597838229
2022-09-19 10:00:00,3192.6657684938436
2022-09-19 11:00:00,3175.0814753851955
2022-09-19 12:00:00,2858.0299213307753
2022-09-19 13:00:00,2762.1451537201106
2022-09-19 14:00:00,2895.7331134165765
2022-09-19 15:00:00,2917.338486409404
2022-09-19 16:00:00,2928.0774510284386
2022-09-19 17:00:00,3210.6374825086737
2022-09-19 18:00:00,2963.8745533196643
2022-09-19 19:00:00,2908.3866934941384
2022-09-19 20:00:00,3018.9340587530505
2022-09-19 21:00:00,2792.512949980599
2022-09-19 22:00:00,2496.753700313856
2022-09-19 23:00:00,2836.956321503877
2022-09-20 00:00:00,1987.7100583419872
2022-09-20 01:00:00,2030.509552384745
2022-09-20 02:00:00,2009.3662741195053
2022-09-20 03:00:00,2224.576700465114
2022-09-20 04:00:00,2291.407439416803
2022-09-20 05:00:00,2425.3253866796517
2022-09-20 06:00:00,2997.0421642421816
2022-09-20 07:00:00,3237.0648289432042
2022-09-20 08:00:00,3183.786252257035
2022-09-20 09:00:00,3164.794625494106
2022-09-20 10:00:00,3178.7892999735845
2022-09-20 11:00:00,2831.802993852654
2022-09-20 12:00:00,2833.9196191465708
2022-09-20 13:00:00,2948.153863144179
2022-09-20 14:00:00,2949.183223950673
2022-09-20 15:00:00,2795.617839137912
2022-09-20 16:00:00,2922.598986217646
2022-09-20 17:00:00,2918.4492528622677
2022-09-20 18:00:00,2878.860619377528
2022-09-20 19:00:00,3293.252661555564
2022-09-20 20:00:00,2969.4728361696316
2022-09-20 21:00:00,3149.8926111498854
2022-09-20 22:00:00,2515.0250789813995
2022-09-20 23:00:00,2419.3285810007023
2022-09-21 00:00:00,2070.3090221569696
2022-09-21 01:00:00,1924.3355273866107
2022-09-21 02:00:00,2039.8059564232594
2022-09-21 03:00:00,2075.1983001978833
2022-09-21 04:00:00,2230.976853738411
2022-09-21 05:00:00,2803.517506136573
2022-09-21 06:00:00,3102.7855334322808
2022-09-21 07:00:00,3135.5620876276266
2022-09-21 08:00:00,3094.721143351594
2022-09-21 09:00:00,3104.976813182637
2022-09-21 10:00:00,3320.1691590168484
2022-09-21 11:00:00,2928.736799384758
2022-09-21 12:00:00,2718.6461606610565
2022-09-21 13:00:00,2627.8656998425768
2022-09-21 14:00:00,2713.273312219474
2022-09-21 15:00:00,3141.743847345676
2022-09-21 16:00:00,2881.696903254281
2022-09-21 17:00:00,2924.431158722762
2022-09-21 18:00:00,3246.8357204136705
2022-09-21 19:00:00,2944.595021254482
2022-09-21 20:00:00,3072.959875859559
2022-09-21 21:00:00,2892.3391049231705
2022-09-21 22:00:00,2685.173483841904
2022-09-21 23:00:00,2581.3715237331116
2022-09-22 00:00:00,1883.4756125479137
2022-09-22 01:00:00,2003.0044137361895
2022-09-22 02:00:00,1939.1689280979283
2022-09-22 03:00:00,2299.787647950914
2022-09-22 04:00:00,2602.9095827799847
2022-09-22 05:00:00,2612.0082117907673
2022-09-22 06:00:00,2978.1066290778067
2022-09-22 07:00:00,3224.1514910275314
2022-09-22 08:00:00,3218.2772528749665
2022-09-22 09:00:00,2773.7019809341114
2022-09-22 10:00:00,3144.3942283646716
2022-09-22 11:00:00,2998.3159011781418
2022-09-22 12:00:00,2905.7692515073722
2022-09-22 13:00:00,2911.6945913187774
2022-09-22 14:00:00,2965.8859142333604
2022-09-22 15:00:00,2821.7686534379573
2022-09-22 16:00:00,3007.580922398986
2022-09-22 17:00:00,3256.546031098651
2022-09-22 18:00:00,3131.777039913529
2022-09-22 19:00:00,3239.577500335678
2022-09-22 20:00:00,2901.841059437903
2022-09-22 21:00:00,2866.123861956053
2022-09-22 22:00:00,2652.845214710761
2022-09-22 23:00:00,2426.2678511338804
2022-09-23 00:00:00,2033.3320761795374
2022-09-23 01:00:00,2035.6220686488352
2022-09-23 02:00:00,2072.773661512165
2022-09-23 03:00:00,2220.7917851921848
2022-09-23 04:00:00,2281.46077353117
2022-09-23 05:00:00,2710.4659307452584
2022-09-23 06:00:00,2841.584554483455
2022-09-23 07:00:00,3148.919014529673
2022-09-23 08:00:00,3067.752985767755
2022-09-23 09:00:00,3416.5813168597565
2022-09-23 10:00:00,3047.566442948726
2022-09-23 11:00:00,3004.4382449590794
2022-09-23 12:00:00,2929.7029747341244
2022-09-23 13:00:00,2786.842474031925
2022-09-23 14:00:00,2583.743566475486
2022-09-23 15:00:00,3254.517765496361
2022-09-23 16:00:00,2770.9010907596353
2022-09-23 17:00:00,2916.2212915246546
2022-09-23 18:00:00,3325.06907129344
2022-09-23 19:00:00,3338.6450154533877
2022-09-23 20:00:00,3070.3339256334934
2022-09-23 21:00:00,2864.459725897706
2022-09-23 22:00:00,2524.6081983708546
2022-09-23 23:00:00,2452.3262613615757
2022-09-24 00:00:00,1612.6175352964615
2022-09-24 01:00:00,1676.119311787433
2022-09-24 02:00:00,1830.6502432798407
2022-09-24 03:00:00,1906.1957302350916
2022-09-24 04:00:00,2105.0989192129055
2022-09-24 05:00:00,2414.9815754861083
2022-09-24 06:00:00,2521.4325074400513
2022-09-24 07:00:00,2445.024157842127
2022-09-24 08:00:00,2648.9024279451273
2022-09-24 09:00:00,2741.224958605016
2022-09-24 10:00:00,2442.5277732943155
2022-09-24 11:00:00,2540.9144537941743
2022-09-24 12:00:00,2425.348251718551
2022-09-24 13:00:00,2387.4903961835917
2022-09-24 14:00:00,2535.9469500244386
2022-09-24 15:00:00,2601.282495667498
2022-09-24 16:00:00,2712.275498923077
2022-09-24 17:00:00,2344.3633562673026
2022-09-24 18:00:00,3071.2370399481993
2022-09-24 19:00:00,2574.8398710433403
2022-09-24 20:00:00,2634.4019067024533
2022-09-24 21:00:00,2289.9722005770836
2022-09-24 22:00:00,2327.202506123231
2022-09-24 23:00:00,2147.2160690441233
2022-09-25 00:00:00,1529.673650956244
2022-09-25 01:00:00,1418.338583798274
2022-09-25 02:00:00,1504.5757433834294
2022-09-25 03:00:00,1660.7905439466047
2022-09-25 04:00:00,1814.920781201289
2022-09-25 05:00:00,2182.1769326078224
2022-09-25 06:00:00,2253.5744204958305
2022-09-25 07:00:00,2252.504932571363
2022-09-25 08:00:00,2736.248823723259
2022-09-25 09:00:00,2462.743132923079
2022-09-25 10:00:00,2401.4297151331975
2022-09-25 11:00:00,2146.942817986197
2022-09-25 12:00:00,2086.2410075330495
2022-09-25 13:00:00,1981.5606279503363
2022-09-25 14:00:00,2206.115138639163
2022-09-25 15:00:00,2225.078466230719
2022-09-25 16:00:00,2450.311793218695
2022-09-25 17:00:00,2463.1187762976992
2022-09-25 18:00:00,2469.4905068190833
2022-09-25 19:00:00,2435.175684795476
2022-09-25 20:00:00,2366.782387421756
2022-09-25 21:00:00,2297.984442677461
2022-09-25 22:00:00,2038.781072129906
2022-09-25 23:00:00,1897.5022196359196
2022-09-26 00:00:00,1913.1413389579516
2022-09-26 01:00:00,2154.614472248592
2022-09-26 02:00:00,1990.0494584808853
2022-09-26 03:00:00,2303.879686875253
2022-09-26 04:00:00,2380.9883074652753
2022-09-26 05:00:00,2773.139575666417
2022-09-26 06:00:00,2832.639252482404
2022-09-26 07:00:00,3086.0999443460955
2022-09-26 08:00:00,3123.3133975568444
2022-09-26 09:00:00,2770.386112831962
2022-09-26 10:00:00,3411.2307049838255
2022-09-26 11:00:00,2972.594873687709
2022-09-26 12:00:00,2907.9970223032024
2022-09-26 13:00:00,2625.6687491641596
2022-09-26 14:00:00,3341.5223754530134
2022-09-26 15:00:00,2848.648553286396
2022-09-26 16:00:00,3194.3663892358727
2022-09-26 17:00:00,3267.9010701960647
2022-09-26 18:00:00,2919.139653538898
2022-09-26 19:00:00,3061.6573951103555
2022-09-26 20:00:00,2919.537574181538
2022-09-26 21:00:00,2705.1450448686137
2022-09-26 22:00:00,2696.811559442863
2022-09-26 23:00:00,2678.5543022046827
2022-09-27 00:00:00,1899.5606181222752
2022-09-27 01:00:00,1892.3655398783462
2022-09-27 02:00:00,2008.4425325772638
2022-09-27 03:00:00,2031.4382617534964
2022-09-27 04:00:00,2475.6809716051994
2022-09-27 05:00:00,2632.7568764928237
2022-09-27 06:00:00,3071.189136144318
2022-09-27 07:00:00,3336.0062466801655
2022-09-27 08:00:00,2881.2722499091174
2022-09-27 09:00:00,3120.7746015136013
2022-09-27 10:00:00,2927.517806363679
2022-09-27 11:00:00,2896.033617513422
2022-09-27 12:00:00,2672.3335313113284
2022-09-27 13:00:00,2851.5071162368013
2022-09-27 14:00:00,2852.697938539082
2022-09-27 15:00:00,2909.5134083018306
2022-09-27 16:00:00,3016.2663326929355
2022-09-27 17:00:00,3100.6586683232417
2022-09-27 18:00:00,2952.3856889509148
2022-09-27 19:00:00,3169.8280885076424
2022-09-27 20:00:00,3056.4851576279216
2022-09-27 21:00:00,2730.2675873464755
2022-09-27 22:00:00,2765.660877355706
2022-09-27 23:00:00,2499.050159585403
2022-09-28 00:00:00,1963.1709013199795
2022-09-28 01:00:00,1925.7777041413374
2022-09-28 02:00:00,2045.3956185515567
2022-09-28 03:00:00,2460.2313878870336
2022-09-28 04:00:00,2587.7347460936144
2022-09-28 05:00:00,2533.598246372786
2022-09-28 06:00:00,2950.711390114225
2022-09-28 07:00:00,3212.3550339100775
2022-09-28 08:00:00,3590.776421898674
2022-09-28 09:00:00,3107.976217047272
2022-09-28 10:00:00,3131.0078437917587
2022-09-28 11:00:00,2964.7033242045054
2022-09-28 12:00:00,2670.98516649319
2022-09-28 13:00:00,2666.7156008812563
2022-09-28 14:00:00,2961.5291910180144
2022-09-28 15:00:00,3310.7011224872817
2022-09-28 16:00:00,3294.4168713781764
2022-09-28 17:00:00,3150.6422971670086
2022-09-28 18:00:00,3316.355223274682
2022-09-28 19:00:00,3290.594462105057
2022-09-28 20:00:00,3161.535557509113
2022-09-28 21:00:00,2828.542138311234
2022-09-28 22:00:00,2768.8296419448798
2022-09-28 23:00:00,2525.391870595691
2022-09-29 00:00:00,1790.5082381890447
2022-09-29 01:00:00,1920.8399474940188
2022-09-29 02:00:00,2201.182575542869
2022-09-29 03:00:00,2445.115661911016
2022-09-29 04:00:00,2426.9282426239283
2022-09-29 05:00:00,2569.4787543599527
2022-09-29 06:00:00,3003.167634616775
2022-09-29 07:00:00,3102.0602814669833
2022-09-29 08:00:00,3162.8601182167904
2022-09-29 09:00:00,3036.591006467365
2022-09-29 10:00:00,3483.001230121506
2022-09-29 11:00:00,3364.1847762428506
2022-09-29 12:00:00,2918.769274585918
2022-09-29 13:00:00,2872.49770120061
2022-09-29 14:00:00,2743.8392847430478
2022-09-29 15:00:00,2877.380051987278
2022-09-29 16:00:00,2923.130853110191
2022-09-29 17:00:00,3375.8041324685623
2022-09-29 18:00:00,3281.155370652844
2022-09-29 19:00:00,3333.450723630513
2022-09-29 20:00:00,3211.1756641561155
2022-09-29 21:00:00,3086.40500015863
2022-09-29 22:00:00,2955.7375005955196
2022-09-29 23:00:00,2651.383005715146
2022-09-30 00:00:00,2037.2212080423947
2022-09-30 01:00:00,2055.6913393243776
2022-09-30 02:00:00,2215.8910935327126
2022-09-30 03:00:00,2395.7428968540826
2022-09-30 04:00:00,2415.8311511828765
2022-09-30 05:00:00,2714.3248183764126
2022-09-30 06:00:00,2804.920329245385
2022-09-30 07:00:00,3295.547992692832
2022-09-30 08:00:00,3578.6350062221068
2022-09-30 09:00:00,3408.503765006247
2022-09-30 10:00:00,3015.0716284088485
2022-09-30 11:00:00,3080.451311101447
2022-09-30 12:00:00,2897.3600483366818
2022-09-30 13:00:00,2791.8900381670346
2022-09-30 14:00:00,2991.8471052835976
2022-09-30 15:00:00,3325.2404383700555
2022-09-30 16:00:00,3039.155783208331
2022-09-30 17:00:00,3435.7363004605854
2022-09-30 18:00:00,3189.2769367971346
2022-09-30 19:00:00,3326.4823594447234
2022-09-30 20:00:00,3131.7768712973434
2022-09-30 21:00:00,2944.9500835731305
2022-09-30 22:00:00,2735.3525294982223
2022-09-30 23:00:00,2505.4841713662245
2022-10-01 00:00:00,1728.2157478628733
2022-10-01 01:00:00,1688.780646345568
2022-10-01 02:00:00,1883.805163426721
2022-10-01 03:00:00,1883.0423296866422
2022-10-01 04:00:00,2169.0467767354626
2022-10-01 05:00:00,2474.4500810811005
2022-10-01 06:00:00,2726.6999921337638
2022-10-01 07:00:00,2982.65945643172
2022-10-01 08:00:00,2991.4590513497697
2022-10-01 09:00:00,2798.905803679588
2022-10-01 10:00:00,2493.9813804795263
2022-10-01 11:00:00,2609.321139755113
2022-10-01 12:00:00,2478.851913971445
2022-10-01 13:00:00,2565.7817913566796
2022-10-01 14:00:00,2264.9975781408307
2022-10-01 15:00:00,2633.8553281640634
2022-10-01 16:00:00,2746.1299840134593
2022-10-01 17:00:00,2811.9676539000197
2022-10-01 18:00:00,2980.72975715395
2022-10-01 19:00:00,2868.700907163814
2022-10-01 20:00:00,2873.753623627264
2022-10-01 21:00:00,2595.2359049969855
2022-10-01 22:00:00,2327.90756248925
2022-10-01 23:00:00,2127.986452588912
2022-10-02 00:00:00,1371.7800498670529
2022-10-02 01:00:00,1405.9075606725246
2022-10-02 02:00:00,1630.3519670710427
2022-10-02 03:00:00,1845.4839071618767
2022-10-02 04:00:00,2007.4950003632466
2022-10-02 05:00:00,2073.4115150443927
2022-10-02 06:00:00,2556.6194343564885
2022-10-02 07:00:00,2643.1439096970917
2022-10-02 08:00:00,2455.566072605304
2022-10-02 09:00:00,2445.41701207287
2022-10-02 10:00:00,2392.5779620958006
2022-10-02 11:00:00,2122.759461630265
2022-10-02 12:00:00,2289.5397946478706
2022-10-02 13:00:00,2005.7223040303095
2022-10-02 14:00:00,2156.803025605473
2022-10-02 15:00:00,2240.808140814881
2022-10-02 16:00:00,2447.0382894703625
2022-10-02 17:00:00,2780.9339345158646
2022-10-02 18:00:00,2568.909805524009
2022-10-02 19:00:00,2471.3604753615273
2022-10-02 20:00:00,2341.4477142858154
2022-10-02 21:00:00,2091.1050967261776
2022-10-02 22:00:00,2057.231538177907
2022-10-02 23:00:00,1967.9369644011622
2022-10-03 00:00:00,2002.76690907135
2022-10-03 01:00:00,2103.163382412304
2022-10-03 02:00:00,2334.384533803654
2022-10-03 03:00:00,2104.406610328607
2022-10-03 04:00:00,2397.5473853791086
2022-10-03 05:00:00,3110.2462265271124
2022-10-03 06:00:00,3170.1936948038806
2022-10-03 07:00:00,3508.751719366442
2022-10-03 08:00:00,3251.9575412586173
2022-10-03 09:00:00,3191.870075263092
2022-10-03 10:00:00,3221.241925591298
2022-10-03 11:00:00,3251.4385424669454
2022-10-03 12:00:00,3128.626475630215
2022-10-03 13:00:00,2641.845245898875
2022-10-03 14:00:00,3304.3552112906073
2022-10-03 15:00:00,3018.0084078010495
2022-10-03 16:00:00,3480.609484007241
2022-10-03 17:00:00,3078.4081595532657
2022-10-03 18:00:00,3544.0998671575003
2022-10-03 19:00:00,3031.5880594662603
2022-10-03 20:00:00,3118.628426400623
2022-10-03 21:00:00,2843.608485922066
2022-10-03 22:00:00,2710.029211252452
2022-10-03 23:00:00,2483.9036649990726
2022-10-04 00:00:00,1884.9554477411837
2022-10-04 01:00:00,2127.369087733999
2022-10-04 02:00:00,2148.876224514139
2022-10-04 03:00:00,2340.981749022663
2022-10-04 04:00:00,2323.9546531343813
2022-10-04 05:00:00,2552.0866836678774
2022-10-04 06:00:00,3035.161560483355
2022-10-04 07:00:00,3467.786746589035
2022-10-04 08:00:00,3371.4505320303642
2022-10-04 09:00:00,3354.353929991635
2022-10-04 10:00:00,3224.282755448156
2022-10-04 11:00:00,3396.547886628318
2022-10-04 12:00:00,3028.2511897329177
2022-10-04 13:00:00,2868.165744444882
2022-10-04 14:00:00,3037.5311841083935
2022-10-04 15:00:00,2972.0789872273126
2022-10-04 16:00:00,3147.0244481242885
2022-10-04 17:00:00,3182.183770127503
2022-10-04 18:00:00,3154.7683186582262
2022-10-04 19:00:00,3209.1528222635884
2022-10-04 20:00:00,3125.0365334589874
2022-10-04 21:00:00,3078.5348378559424
2022-10-04 22:00:00,2830.3265117114015
2022-10-04 23:00:00,2609.1742465204175
2022-10-05 00:00:00,1997.707990773684
2022-10-05 01:00:00,2090.936097325671
2022-10-05 02:00:00,2113.896913867968
2022-10-05 03:00:00,2060.759509615626
2022-10-05 04:00:00,2519.167033706451
2022-10-05 05:00:00,3144.679184603586
2022-10-05 06:00:00,3376.2431398326626
2022-10-05 07:00:00,3164.9254110446986
2022-10-05 08:00:00,3890.0793107039844
2022-10-05 09:00:00,3108.2361648381952
2022-10-05 10:00:00,3025.7850286383405
2022-10-05 11:00:00,3318.502980838865
2022-10-05 12:00:00,3017.027506509181
2022-10-05 13:00:00,2991.229159449478
2022-10-05 14:00:00,3164.3714499326675
2022-10-05 15:00:00,3118.733466155873
2022-10-05 16:00:00,3298.025470191491
2022-10-05 17:00:00,3049.9137236090983
2022-10-05 18:00:00,3182.715754425263
2022-10-05 19:00:00,3200.099471034162
2022-10-05 20:00:00,3399.157408117111
2022-10-05 21:00:00,2957.340666802017
2022-10-05 22:00:00,2951.982102682369
2022-10-05 23:00:00,2576.6253768612587
2022-10-06 00:00:00,2142.5343214348427
2022-10-06 01:00:00,1820.2787027844977
2022-10-06 02:00:00,1943.4037135310298
2022-10-06 03:00:00,2235.2244124975114
2022-10-06 04:00:00,2557.203708775853
2022-10-06 05:00:00,2805.0334036535255
2022-10-06 06:00:00,3303.3830527271375
2022-10-06 07:00:00,3481.352476944339
2022-10-06 08:00:00,3440.676035164557
2022-10-06 09:00:00,3344.910038435434
2022-10-06 10:00:00,3087.8411578028768
2022-10-06 11:00:00,3134.087710569772
2022-10-06 12:00:00,2887.7235313731676
2022-10-06 13:00:00,2903.5082108581696
2022-10-06 14:00:00,3089.8924281798277
2022-10-06 15:00:00,3143.3998510845845
2022-10-06 16:00:00,3123.622455556561
2022-10-06 17:00:00,3372.4398409000246
2022-10-06 18:00:00,3359.2953330796836
2022-10-06 19:00:00,3115.0705292935104
2022-10-06 20:00:00,3464.553484680379
2022-10-06 21:00:00,3023.701158361131
2022-10-06 22:00:00,2821.374187599138
2022-10-06 23:00:00,2600.720888991232
2022-10-07 00:00:00,2017.1597794895697
2022-10-07 01:00:00,2061.414848397548
2022-10-07 02:00:00,2172.270291247787
2022-10-07 03:00:00,2581.3537347966285
2022-10-07 04:00:00,2706.7304074688327
2022-10-07 05:00:00,2892.106310356256
2022-10-07 06:00:00,2965.5170524409477
2022-10-07 07:00:00,3585.292699502279
2022-10-07 08:00:00,3202.5106565089513
2022-10-07 09:00:00,3500.2152785305498
2022-10-07 10:00:00,3123.7570785682847
2022-10-07 11:00:00,2874.761370146575
2022-10-07 12:00:00,3148.347847159429
2022-10-07 13:00:00,2795.6738901134286
2022-10-07 14:00:00,2832.0926124436537
2022-10-07 15:00:00,3330.0717209209756
2022-10-07 16:00:00,3216.696524632166
2022-10-07 17:00:00,3357.4472964784845
2022-10-07 18:00:00,3275.591610785686
2022-10-07 19:00:00,3172.2865786523566
2022-10-07 20:00:00,3262.3515208512376
2022-10-07 21:00:00,3287.4957981237235
2022-10-07 22:00:00,2638.0114758813647
2022-10-07 23:00:00,2603.0897942418587
2022-10-08 00:00:00,1711.3714853271015
2022-10-08 01:00:00,1778.4396423126757
2022-10-08 02:00:00,1853.8211469901369
2022-10-08 03:00:00,1963.1888163937276
2022-10-08 04:00:00,2090.782027118709
2022-10-08 05:00:00,2494.818190979372
2022-10-08 06:00:00,2581.234077802307
2022-10-08 07:00:00,3062.0672091342026
2022-10-08 08:00:00,3373.3124629365907
2022-10-08 09:00:00,2567.009707477245
2022-10-08 10:00:00,2568.8369466227578
2022-10-08 11:00:00,2784.155270755694
2022-10-08 12:00:00,2570.9997603520305
2022-10-08 13:00:00,2503.120615719856
2022-10-08 14:00:00,2537.3164520055607
2022-10-08 15:00:00,2642.7824070686725
2022-10-08 16:00:00,2629.650651627428
2022-10-08 17:00:00,2765.5105840382316
2022-10-08 18:00:00,2999.046201730827
2022-10-08 19:00:00,3018.416373608402
2022-10-08 20:00:00,2896.4877399869665
2022-10-08 21:00:00,2578.0029297554806
2022-10-08 22:00:00,2498.578030964385
2022-10-08 23:00:00,2410.2399423359243
2022-10-09 00:00:00,1620.3248987738168
2022-10-09 01:00:00,1717.5091466421559
2022-10-09 02:00:00,1574.7928570135882
2022-10-09 03:00:00,1941.2442418807025
2022-10-09 04:00:00,1891.1038371274337
2022-10-09 05:00:00,2099.732781054689
2022-10-09 06:00:00,2238.1461603117596
2022-10-09 07:00:00,2453.7694121963536
2022-10-09 08:00:00,2700.4998433696037
2022-10-09 09:00:00,2383.923195991982
2022-10-09 10:00:00,2422.102650959143
2022-10-09 11:00:00,2476.0680848255147
2022-10-09 12:00:00,2140.022970339054
2022-10-09 13:00:00,2315.7144316240215
2022-10-09 14:00:00,2251.7734521702937
2022-10-09 15:00:00,2462.0327802357288
2022-10-09 16:00:00,2718.193076624944
2022-10-09 17:00:00,2654.3642437547537
2022-10-09 18:00:00,2342.4341695428243
2022-10-09 19:00:00,3008.4869891757994
2022-10-09 20:00:00,2407.1915729039097
2022-10-09 21:00:00,2173.580378582428
2022-10-09 22:00:00,2159.6338591548606
2022-10-09 23:00:00,2199.8803831519604
2022-10-10 00:00:00,2160.8335300815843
2022-10-10 01:00:00,2041.7696515977666
2022-10-10 02:00:00,2118.8632902757217
2022-10-10 03:00:00,2537.276431285656
2022-10-10 04:00:00,2459.295814904103
2022-10-10 05:00:00,2488.8887397508042
2022-10-10 06:00:00,3169.8737113852535
2022-10-10 07:00:00,3341.391877015866
2022-10-10 08:00:00,3494.4164331255074
2022-10-10 09:00:00,3278.80847853921
2022-10-10 10:00:00,3210.823202193471
2022-10-10 11:00:00,3201.9895320128694
2022-10-10 12:00:00,3383.457924430264
2022-10-10 13:00:00,2646.633546399878
2022-10-10 14:00:00,3046.1106575958383
2022-10-10 15:00:00,3025.5253900094613
2022-10-10 16:00:00,3218.551873957802
2022-10-10 17:00:00,3129.2034391282846
2022-10-10 18:00:00,3495.192701839568
2022-10-10 19:00:00,3282.472893475814
2022-10-10 20:00:00,3173.1748867761107
2022-10-10 21:00:00,3109.6302591480494
2022-10-10 22:00:00,3039.0277173268873
2022-10-10 23:00:00,2500.0043413035924
2022-10-11 00:00:00,2111.8573371009675
2022-10-11 01:00:00,1793.6587190302475
2022-10-11 02:00:00,2092.6604512288304
2022-10-11 03:00:00,2285.7774726296598
2022-10-11 04:00:00,2452.506093207608
2022-10-11 05:00:00,2852.482665852559
2022-10-11 06:00:00,3033.9349437899004
2022-10-11 07:00:00,3019.472863469393
2022-10-11 08:00:00,3368.557658762257
2022-10-11 09:00:00,3274.039155090859
2022-10-11 10:00:00,3076.9331752114335
2022-10-11 11:00:00,3246.495338751282
2022-10-11 12:00:00,3238.9513454117077
2022-10-11 13:00:00,2977.6262431965483
2022-10-11 14:00:00,3334.785403674987
2022-10-11 15:00:00,3306.37630159837
2022-10-11 16:00:00,2908.204908615305
2022-10-11 17:00:00,3323.647960862075
2022-10-11 18:00:00,3356.555364745684
2022-10-11 19:00:00,3314.759931860328
2022-10-11 20:00:00,3383.6012071096898
2022-10-11 21:00:00,3082.523928756357
2022-10-11 22:00:00,2961.749471510062
2022-10-11 23:00:00,2707.7941384100527
2022-10-12 00:00:00,1963.3277950765441
2022-10-12 01:00:00,2223.467059648692
2022-10-12 02:00:00,2238.458422086306
2022-10-12 03:00:00,2267.0860506151407
2022-10-12 04:00:00,2475.3686012832864
2022-10-12 05:00:00,2771.359626187998
2022-10-12 06:00:00,3204.9996810090897
2022-10-12 07:00:00,3412.409755314784
2022-10-12 08:00:00,3591.163702425199
2022-10-12 09:00:00,3585.660433396309
2022-10-12 10:00:00,3417.2664796791582
2022-10-12 11:00:00,3192.7499481685045
2022-10-12 12:00:00,3043.169320219419
2022-10-12 13:00:00,2901.9148836673694
2022-10-12 14:00:00,2906.263154170983
2022-10-12 15:00:00,3176.89754203122
2022-10-12 16:00:00,3335.039039042236
2022-10-12 17:00:00,3411.0595917877595
2022-10-12 18:00:00,3449.745191788815
2022-10-12 19:00:00,3340.5725893711706
2022-10-12 20:00:00,3399.2920023089355
2022-10-12 21:00:00,3232.0705210733154
2022-10-12 22:00:00,2895.181084308724
2022-10-12 23:00:00,2652.8551375397196
2022-10-13 00:00:00,1998.6427751912672
2022-10-13 01:00:00,2107.932174345223
2022-10-13 02:00:00,2322.292180823844
2022-10-13 03:00:00,2481.706908491969
2022-10-13 04:00:00,2598.731102595403
2022-10-13 05:00:00,2778.0749703315755
2022-10-13 06:00:00,2969.4618095120577
2022-10-13 07:00:00,3056.247394242722
2022-10-13 08:00:00,3465.049440529405
2022-10-13 09:00:00,3756.1806524023973
2022-10-13 10:00:00,3631.885983654295
2022-10-13 11:00:00,3222.9986252078133
2022-10-13 12:00:00,3204.202026049843
2022-10-13 13:00:00,2961.679735007898
2022-10-13 14:00:00,2951.4507269985143
2022-10-13 15:00:00,3112.06115646621
2022-10-13 16:00:00,3205.7828288511114
2022-10-13 17:00:00,3276.5438535719877
2022-10-13 18:00:00,3364.9329714213923
2022-10-13 19:00:00,3523.1184666624135
2022-10-13 20:00:00,3561.4937746799787
2022-10-13 21:00:00,2953.5108636601635
2022-10-13 22:00:00,2667.9241242371954
2022-10-13 23:00:00,2373.809693193023
2022-10-14 00:00:00,2076.497348119767
2022-10-14 01:00:00,2094.172247525624
2022-10-14 02:00:00,2134.2169468791076
2022-10-14 03:00:00,2457.277282733203
2022-10-14 04:00:00,2591.490746055507
2022-10-14 05:00:00,2882.513274965464
2022-10-14 06:00:00,3035.1244448755856
2022-10-14 07:00:00,3426.270414143435
2022-10-14 08:00:00,3030.297380282737
2022-10-14 09:00:00,3477.4955844655533
2022-10-14 10:00:00,3411.790516563508
2022-10-14 11:00:00,3434.3272850725116
2022-10-14 12:00:00,3301.199263888131
2022-10-14 13:00:00,3109.8605119823696
2022-10-14 14:00:00,2963.0181479610183
2022-10-14 15:00:00,3087.2109765935506
2022-10-14 16:00:00,3442.715389521975
2022-10-14 17:00:00,3433.815635899451
2022-10-14 18:00:00,3472.5526822258303
2022-10-14 19:00:00,3445.639676739819
2022-10-14 20:00:00,3277.9295262895275
2022-10-14 21:00:00,3126.0846958369007
2022-10-14 22:00:00,2935.8820853885895
2022-10-14 23:00:00,2973.1324070333676
2022-10-15 00:00:00,1727.4819940790658
2022-10-15 01:00:00,1773.161531098528
2022-10-15 02:00:00,1991.984864687816
2022-10-15 03:00:00,1936.9920235619877
2022-10-15 04:00:00,2340.979349452851
2022-10-15 05:00:00,2325.957605499807
2022-10-15 06:00:00,2615.3659044781466
2022-10-15 07:00:00,2690.48420797166
2022-10-15 08:00:00,3131.1002055377444
2022-10-15 09:00:00,2785.1600800389942
2022-10-15 10:00:00,2743.8181066173725
2022-10-15 11:00:00,2870.790683092581
2022-10-15 12:00:00,2794.6647735460106
2022-10-15 13:00:00,2755.6725291613348
2022-10-15 14:00:00,2493.7029787201386
2022-10-15 15:00:00,2760.401747310519
2022-10-15 16:00:00,2729.735126811348
2022-10-15 17:00:00,3082.2629664640485
2022-10-15 18:00:00,2766.186077023421
2022-10-15 19:00:00,3112.3626645576414
2022-10-15 20:00:00,2776.693327194291
2022-10-15 21:00:00,2614.2334379463427
2022-10-15 22:00:00,2542.3894203331533
2022-10-15 23:00:00,2377.38018163078
2022-10-16 00:00:00,1570.4345448356064
2022-10-16 01:00:00,1742.7145020037283
2022-10-16 02:00:00,1683.8250055194005
2022-10-16 03:00:00,1905.3219680252496
2022-10-16 04:00:00,1945.0954263910835
2022-10-16 05:00:00,2179.479746135665
2022-10-16 06:00:00,2602.811240602139
2022-10-16 07:00:00,2571.5027526752056
2022-10-16 08:00:00,2968.9958462607838
2022-10-16 09:00:00,2683.805087304787
2022-10-16 10:00:00,2492.8711849744536
2022-10-16 11:00:00,2305.7271590125424
2022-10-16 12:00:00,2441.584340028142
2022-10-16 13:00:00,2208.6013451888416
2022-10-16 14:00:00,2485.884750324479
2022-10-16 15:00:00,2662.2423074385597
2022-10-16 16:00:00,2546.455685679647
2022-10-16 17:00:00,2564.081184273505
2022-10-16 18:00:00,2507.0123048055298
2022-10-16 19:00:00,2552.752096023037
2022-10-16 20:00:00,2435.59972550091
2022-10-16 21:00:00,2380.4556306769705
2022-10-16 22:00:00,2200.5420461015797
2022-10-16 23:00:00,1872.1065410330714
2022-10-17 00:00:00,2240.51152632273
2022-10-17 01:00:00,2177.239810508955
2022-10-17 02:00:00,2061.032046132484
2022-10-17 03:00:00,2566.6937086237795
2022-10-17 04:00:00,2392.0757417436
2022-10-17 05:00:00,2997.54687330934
2022-10-17 06:00:00,2968.090512157356
2022-10-17 07:00:00,3475.6127395909807
2022-10-17 08:00:00,3583.1969924155446
2022-10-17 09:00:00,3267.6752307612473
2022-10-17 10:00:00,3253.6630353756914
2022-10-17 11:00:00,3092.635022871004
2022-10-17 12:00:00,2918.7657416461884
2022-10-17 13:00:00,3063.3292520728737
2022-10-17 14:00:00,3063.6319863287904
2022-10-17 15:00:00,3192.595614642958
2022-10-17 16:00:00,3434.9061929127724
2022-10-17 17:00:00,3486.6098630986116
2022-10-17 18:00:00,3569.7857234780327
2022-10-17 19:00:00,3469.5994398837433
2022-10-17 20:00:00,3118.1237413851995
2022-10-17 21:00:00,3363.6946712148574
2022-10-17 22:00:00,2976.9196097719223
2022-10-17 23:00:00,2691.805617952243
2022-10-18 00:00:00,1908.5944721042117
2022-10-18 01:00:00,2018.5304107245702
2022-10-18 02:00:00,2336.5002231047374
2022-10-18 03:00:00,2359.4445926299118
2022-10-18 04:00:00,2616.7158466856336
2022-10-18 05:00:00,3217.2099857326884
2022-10-18 06:00:00,3295.4456412560053
2022-10-18 07:00:00,3153.6134128053136
2022-10-18 08:00:00,3427.4263983181113
2022-10-18 09:00:00,3708.415567253217
2022-10-18 10:00:00,3419.6761312340236
2022-10-18 11:00:00,3097.409036480021
2022-10-18 12:00:00,3189.0203394299338
2022-10-18 13:00:00,3184.920851093843
2022-10-18 14:00:00,2842.669419966139
2022-10-18 15:00:00,3437.229260815778
2022-10-18 16:00:00,3247.046153272034
2022-10-18 17:00:00,3381.4240968822664
2022-10-18 18:00:00,3477.401723056281
2022-10-18 19:00:00,3345.067339970291
2022-10-18 20:00:00,3141.0657127954737
2022-10-18 21:00:00,3259.4270624690143
2022-10-18 22:00:00,2977.738476287408
2022-10-18 23:00:00,2544.3071845960103
2022-10-19 00:00:00,2222.598581311736
2022-10-19 01:00:00,1998.4910602105315
2022-10-19 02:00:00,2094.0897803237513
2022-10-19 03:00:00,2304.2344265597535
2022-10-19 04:00:00,2618.425503677864
2022-10-19 05:00:00,2984.201636215258
2022-10-19 06:00:00,3296.7596688636013
2022-10-19 07:00:00,3457.470444836958
2022-10-19 08:00:00,3469.273123659641
2022-10-19 09:00:00,3450.0629394200214
2022-10-19 10:00:00,3357.077395190698
2022-10-19 11:00:00,3197.0050112101867
2022-10-19 12:00:00,3062.1471536504023
2022-10-19 13:00:00,3003.6187157313516
2022-10-19 14:00:00,3229.2868646933252
2022-10-19 15:00:00,3215.750905075095
2022-10-19 16:00:00,3335.7536630673203
2022-10-19 17:00:00,3711.476998422226
2022-10-19 18:00:00,3482.066773634367
2022-10-19 19:00:00,3321.396580054756
2022-10-19 20:00:00,3208.691048289899
2022-10-19 21:00:00,3386.261793329007
2022-10-19 22:00:00,2829.400145501503
2022-10-19 23:00:00,2896.578460027288
2022-10-20 00:00:00,2197.953553095471
2022-10-20 01:00:00,2111.489694615949
2022-10-20 02:00:00,2323.995906211632
2022-10-20 03:00:00,2320.67810181262
2022-10-20 04:00:00,2509.6698333197096
2022-10-20 05:00:00,2992.1231970654653
2022-10-20 06:00:00,3151.879141382237
2022-10-20 07:00:00,3422.8966290313574
2022-10-20 08:00:00,3856.6243900416766
2022-10-20 09:00:00,3744.81233800208
2022-10-20 10:00:00,3627.191504400894
2022-10-20 11:00:00,3319.9080010320736
2022-10-20 12:00:00,3200.477514315717
2022-10-20 13:00:00,3468.979060370544
2022-10-20 14:00:00,3270.708327546273
2022-10-20 15:00:00,3072.547205287318
2022-10-20 16:00:00,3576.9466721370864
2022-10-20 17:00:00,3541.749635224465
2022-10-20 18:00:00,3318.8020943893002
2022-10-20 19:00:00,3178.0224684848613
2022-10-20 20:00:00,3285.0934242846793
2022-10-20 21:00:00,3017.292858636565
2022-10-20 22:00:00,2776.2949195151105
2022-10-20 23:00:00,2688.2415481357225
2022-10-21 00:00:00,2291.971191286379
2022-10-21 01:00:00,1965.4539534147414
2022-10-21 02:00:00,2237.2364403409324
2022-10-21 03:00:00,2502.9792056259794
2022-10-21 04:00:00,2892.1281297812543
2022-10-21 05:00:00,2911.943833481856
2022-10-21 06:00:00,3423.0198797965622
2022-10-21 07:00:00,3424.538024004676
2022-10-21 08:00:00,3685.3491064148016
2022-10-21 09:00:00,3707.8482909718746
2022-10-21 10:00:00,3467.8697717881087
2022-10-21 11:00:00,3406.2566154498713
2022-10-21 12:00:00,2915.1420655671136
2022-10-21 13:00:00,3103.5198846110397
2022-10-21 14:00:00,3239.701355473427
2022-10-21 15:00:00,3576.185979408714
2022-10-21 16:00:00,3537.690041785573
2022-10-21 17:00:00,3376.1628491472993
2022-10-21 18:00:00,3645.1191105635457
2022-10-21 19:00:00,3173.5741679033054
2022-10-21 20:00:00,3743.0241356916504
2022-10-21 21:00:00,2985.4565946621965
2022-10-21 22:00:00,2976.540406595619
2022-10-21 23:00:00,2750.1656318959044
2022-10-22 00:00:00,1856.0923703861683
2022-10-22 01:00:00,2036.7588993401296
2022-10-22 02:00:00,2073.1052366414124
2022-10-22 03:00:00,2063.2005879072767
2022-10-22 04:00:00,2323.0145302089736
2022-10-22 05:00:00,2463.5085656651972
2022-10-22 06:00:00,2870.761522017598
2022-10-22 07:00:00,2975.2315381069966
2022-10-22 08:00:00,2868.433591551706
2022-10-22 09:00:00,2892.223909925685
2022-10-22 10:00:00,3005.2262882956265
2022-10-22 11:00:00,2955.260443654429
2022-10-22 12:00:00,2686.9874594360635
2022-10-22 13:00:00,2664.5393269026463
2022-10-22 14:00:00,2955.04781712064
2022-10-22 15:00:00,2719.2954850772007
2022-10-22 16:00:00,2910.2422371433095
2022-10-22 17:00:00,3219.8305227032024
2022-10-22 18:00:00,3216.3727036654846
2022-10-22 19:00:00,2620.934382477024
2022-10-22 20:00:00,3144.7831870154296
2022-10-22 21:00:00,2901.381769087422
2022-10-22 22:00:00,2792.7465213549704
2022-10-22 23:00:00,2361.8770830867984
2022-10-23 00:00:00,1626.233886671552
2022-10-23 01:00:00,1745.4267986221155
2022-10-23 02:00:00,1846.9031725886327
2022-10-23 03:00:00,1863.8485118072867
2022-10-23 04:00:00,2011.9121563185242
2022-10-23 05:00:00,2345.783976425249
2022-10-23 06:00:00,2619.903842682788
2022-10-23 07:00:00,2614.2140269573797
2022-10-23 08:00:00,2832.7063530578343
2022-10-23 09:00:00,2788.301975827333
2022-10-23 10:00:00,2544.5817438478634
2022-10-23 11:00:00,2405.582438409858
2022-10-23 12:00:00,2241.8206822062016
2022-10-23 13:00:00,2458.308462342212
2022-10-23 14:00:00,2432.381511975091
2022-10-23 15:00:00,2480.022052861636
2022-10-23 16:00:00,2832.8971359538473
2022-10-23 17:00:00,2673.6959314908195
2022-10-23 18:00:00,2667.999536570646
2022-10-23 19:00:00,2558.142368561039
2022-10-23 20:00:00,2537.754756305895
2022-10-23 21:00:00,2633.4204220408246
2022-10-23 22:00:00,2331.6317700640866
2022-10-23 23:00:00,2124.0096805364396
2022-10-24 00:00:00,2080.966508364536
2022-10-24 01:00:00,2198.646540160688
2022-10-24 02:00:00,2385.730668135844
2022-10-24 03:00:00,2545.7524351488078
2022-10-24 04:00:00,2748.088237640691
2022-10-24 05:00:00,3044.591619806341
2022-10-24 06:00:00,3187.845317259542
2022-10-24 07:00:00,3384.700178209653
2022-10-24 08:00:00,3784.9391761846355
2022-10-24 09:00:00,3408.206201837087
2022-10-24 10:00:00,3483.0160791842573
2022-10-24 11:00:00,3233.1986266741897
2022-10-24 12:00:00,3246.7034755135405
2022-10-24 13:00:00,3034.3652161134064
2022-10-24 14:00:00,3023.085829298751
2022-10-24 15:00:00,3561.7269434926598
2022-10-24 16:00:00,3089.0693911966487
2022-10-24 17:00:00,3729.3844596906033
2022-10-24 18:00:00,3143.965998455916
2022-10-24 19:00:00,3443.9189699230783
2022-10-24 20:00:00,3397.631858536119
2022-10-24 21:00:00,3294.020588637309
2022-10-24 22:00:00,2846.609465137915
2022-10-24 23:00:00,2626.3714700758455
2022-10-25 00:00:00,2220.4908349816055
2022-10-25 01:00:00,2026.402825846465
2022-10-25 02:00:00,2395.4523808409167
2022-10-25 03:00:00,2472.918545192485
2022-10-25 04:00:00,2519.459420752137
2022-10-25 05:00:00,2819.800246396481
2022-10-25 06:00:00,3421.725071771678
2022-10-25 07:00:00,3632.262421962888
2022-10-25 08:00:00,3684.6971844369045
2022-10-25 09:00:00,3745.0236199326187
2022-10-25 10:00:00,3325.515675412376
2022-10-25 11:00:00,3515.229572832424
2022-10-25 12:00:00,3323.5071090437386
2022-10-25 13:00:00,3094.2495930854707
2022-10-25 14:00:00,3402.0839443510226
2022-10-25 15:00:00,3071.252356093738
2022-10-25 16:00:00,3353.293077651447
2022-10-25 17:00:00,3446.4434666486823
2022-10-25 18:00:00,3565.5255869319085
2022-10-25 19:00:00,3434.2513403973585
2022-10-25 20:00:00,3431.589925619887
2022-10-25 21:00:00,3057.488431353446
2022-10-25 22:00:00,2776.3803562899157
2022-10-25 23:00:00,2793.8443331436647
2022-10-26 00:00:00,2072.4668009109546
2022-10-26 01:00:00,2139.2011841901835
2022-10-26 02:00:00,2282.4105497191777
2022-10-26 03:00:00,2483.776232550802
2022-10-26 04:00:00,2815.8876391971794
2022-10-26 05:00:00,2955.161274290439
2022-10-26 06:00:00,3437.3556130716606
2022-10-26 07:00:00,3184.834611997907
2022-10-26 08:00:00,3709.0002125516035
2022-10-26 09:00:00,3746.52007034266
2022-10-26 10:00:00,3603.1314759749894
2022-10-26 11:00:00,3329.0679237015693
2022-10-26 12:00:00,3457.7044722854066
2022-10-26 13:00:00,3117.680230049885
2022-10-26 14:00:00,3032.075747324185
2022-10-26 15:00:00,2955.6542047270073
2022-10-26 16:00:00,3306.9627851886876
2022-10-26 17:00:00,3455.7765887465034
2022-10-26 18:00:00,3514.9353510671217
2022-10-26 19:00:00,3178.8853641789415
2022-10-26 20:00:00,3402.862034766216
2022-10-26 21:00:00,3108.0415901317037
2022-10-26 22:00:00,2932.2537513667535
2022-10-26 23:00:00,3027.013090282388
2022-10-27 00:00:00,2249.3699961391435
2022-10-27 01:00:00,2413.1151896129295
2022-10-27 02:00:00,2347.590573246086
2022-10-27 03:00:00,2592.529949315387
2022-10-27 04:00:00,2926.8605983400194
2022-10-27 05:00:00,2948.145108219176
2022-10-27 06:00:00,3247.0151227015704
2022-10-27 07:00:00,3788.031005423425
2022-10-27 08:00:00,3518.5681099157946
2022-10-27 09:00:00,3830.8191793169326
2022-10-27 10:00:00,3085.3060490952066
2022-10-27 11:00:00,3409.533197814998
2022-10-27 12:00:00,3230.3397876054705
2022-10-27 13:00:00,3137.6889440782584
2022-10-27 14:00:00,3259.292407383989
2022-10-27 15:00:00,3253.091760983132
2022-10-27 16:00:00,3457.781349109182
2022-10-27 17:00:00,3760.7034755038185
2022-10-27 18:00:00,3758.412673296996
2022-10-27 19:00:00,3265.29805540946
2022-10-27 20:00:00,3628.029014759263
2022-10-27 21:00:00,2828.8109752891087
2022-10-27 22:00:00,3119.6347595721572
2022-10-27 23:00:00,2651.1783754072526
2022-10-28 00:00:00,2186.7863689021187
2022-10-28 01:00:00,2216.3747638406667
2022-10-28 02:00:00,2267.9319372791906
2022-10-28 03:00:00,2345.8631848316227
2022-10-28 04:00:00,2797.9797375697945
2022-10-28 05:00:00,3126.18889029845
2022-10-28 06:00:00,3082.7989606153656
2022-10-28 07:00:00,3606.14995914849
2022-10-28 08:00:00,3470.1567145070103
2022-10-28 09:00:00,3543.705149009718
2022-10-28 10:00:00,3628.3377002239663
2022-10-28 11:00:00,3202.3971834076133
2022-10-28 12:00:00,3260.5237053613614
2022-10-28 13:00:00,3047.0874728184235
2022-10-28 14:00:00,2951.972573849846
2022-10-28 15:00:00,3541.0145279744156
2022-10-28 16:00:00,3345.079214887653
2022-10-28 17:00:00,3391.460219675919
2022-10-28 18:00:00,3782.528221889315
2022-10-28 19:00:00,3614.787412946878
2022-10-28 20:00:00,3465.4286497621133
2022-10-28 21:00:00,3435.3210027341565
2022-10-28 22:00:00,2819.3034484286754
2022-10-28 23:00:00,2477.2639813871274
2022-10-29 00:00:00,1987.0054617878097
2022-10-29 01:00:00,1811.1089848813547
2022-10-29 02:00:00,2080.8159215294854
2022-10-29 03:00:00,2194.7246138617807
2022-10-29 04:00:00,2220.2175146691684
2022-10-29 05:00:00,2628.528583856567
2022-10-29 06:00:00,3014.689506277272
2022-10-29 07:00:00,2991.817619249786
2022-10-29 08:00:00,2991.9910532551407
2022-10-29 09:00:00,3289.760850579307
2022-10-29 10:00:00,2845.7952449995482
2022-10-29 11:00:00,2699.0719905942515
2022-10-29 12:00:00,2885.7404872912557
2022-10-29 13:00:00,2983.899575517722
2022-10-29 14:00:00,3082.9718191636493
2022-10-29 15:00:00,2934.2329097873408
2022-10-29 16:00:00,2837.871514586878
2022-10-29 17:00:00,3319.127733801411
2022-10-29 18:00:00,2981.845418993017
2022-10-29 19:00:00,3052.049778178901
2022-10-29 20:00:00,2864.7898801362144
2022-10-29 21:00:00,2746.1923962812853
2022-10-29 22:00:00,2609.502337269156
2022-10-29 23:00:00,2538.7287589183557
2022-10-30 00:00:00,1644.9933448944355
2022-10-30 01:00:00,1797.517951843611
2022-10-30 02:00:00,1785.9646310490496
2022-10-30 03:00:00,1899.5324186523071
2022-10-30 04:00:00,2043.6906209740032
2022-10-30 05:00:00,2397.221236101563
2022-10-30 06:00:00,2373.0317428996796
2022-10-30 07:00:00,2975.5854953473045
2022-10-30 08:00:00,2648.9100217342375
2022-10-30 09:00:00,2512.5613813951786
2022-10-30 10:00:00,3030.137867240963
2022-10-30 11:00:00,2585.191287410515
2022-10-30 12:00:00,2554.9938042323465
2022-10-30 13:00:00,2351.265301880621
2022-10-30 14:00:00,2282.5304804892694
2022-10-30 15:00:00,2458.6627228426332
2022-10-30 16:00:00,2699.4146708592375
2022-10-30 17:00:00,2752.8131311957673
2022-10-30 18:00:00,2874.490329277186
2022-10-30 19:00:00,2714.9263756466576
2022-10-30 20:00:00,2679.941317634054
2022-10-30 21:00:00,2648.2796510948774
2022-10-30 22:00:00,2441.417743264073
2022-10-30 23:00:00,2286.689243937075
2022-10-31 00:00:00,2072.4898515549066
2022-10-31 01:00:00,2255.330308096363
2022-10-31 02:00:00,2395.677471163861
2022-10-31 03:00:00,2490.4589375988066
2022-10-31 04:00:00,2901.470727358923
2022-10-31 05:00:00,3143.751994656753
2022-10-31 06:00:00,3197.819169947778
2022-10-31 07:00:00,3756.5073011267873
2022-10-31 08:00:00,3861.1380619696815
2022-10-31 09:00:00,3551.647000698374
2022-10-31 10:00:00,3412.1019525937827
2022-10-31 11:00:00,3500.5383997380422
2022-10-31 12:00:00,3244.615810126256
2022-10-31 13:00:00,2980.081959640079
2022-10-31 14:00:00,3159.5372802890074
2022-10-31 15:00:00,3599.8159965392783
2022-10-31 16:00:00,3442.412373312492
2022-10-31 17:00:00,3647.1253454480884
2022-10-31 18:00:00,3256.6640251622057
2022-10-31 19:00:00,3538.8740450657697
2022-10-31 20:00:00,3531.306334699547
2022-10-31 21:00:00,3711.8219623602963
2022-10-31 22:00:00,3217.3319636235815
2022-10-31 23:00:00,2830.101368920057
2022-11-01 00:00:00,2184.274044047829
2022-11-01 01:00:00,2246.039937450137
2022-11-01 02:00:00,2309.609742522524
2022-11-01 03:00:00,2525.7248799739746
2022-11-01 04:00:00,2678.7938500927394
2022-11-01 05:00:00,2861.9599466571203
2022-11-01 06:00:00,3053.37937183136
2022-11-01 07:00:00,3714.6792399386113
2022-11-01 08:00:00,3582.9376765134666
2022-11-01 09:00:00,3499.423185604935
2022-11-01 10:00:00,3582.438601772082
2022-11-01 11:00:00,3394.8168361814705
2022-11-01 12:00:00,3438.0763439327743
2022-11-01 13:00:00,2923.7523011318435
2022-11-01 14:00:00,3065.605682418387
2022-11-01 15:00:00,3408.397542218358
2022-11-01 16:00:00,3176.299464421885
2022-11-01 17:00:00,3836.5439280844603
2022-11-01 18:00:00,3727.8402435428316
2022-11-01 19:00:00,3581.182750424802
2022-11-01 20:00:00,3411.218126612782
2022-11-01 21:00:00,3400.4924331807842
2022-11-01 22:00:00,3029.568596532013
2022-11-01 23:00:00,2821.202323831596
2022-11-02 00:00:00,2202.8041173262927
2022-11-02 01:00:00,2256.581671103401
2022-11-02 02:00:00,2387.8790594312272
2022-11-02 03:00:00,2519.3231142078794
2022-11-02 04:00:00,2849.7078326425726
2022-11-02 05:00:00,3049.8632851288903
2022-11-02 06:00:00,3227.824892175722
2022-11-02 07:00:00,3754.27390629654
2022-11-02 08:00:00,3767.0430774550787
2022-11-02 09:00:00,3377.662475344775
2022-11-02 10:00:00,3337.873550254728
2022-11-02 11:00:00,3617.4669516966514
2022-11-02 12:00:00,3535.4782575837057
2022-11-02 13:00:00,2876.5326857395494
2022-11-02 14:00:00,3089.599315789134
2022-11-02 15:00:00,3437.4214885582437
2022-11-02 16:00:00,3687.9131200346314
2022-11-02 17:00:00,3686.9822616334263
2022-11-02 18:00:00,3523.428997434017
2022-11-02 19:00:00,3412.890248381595
2022-11-02 20:00:00,3521.568923224014
2022-11-02 21:00:00,3086.056582514797
2022-11-02 22:00:00,2867.382227990973
2022-11-02 23:00:00,2849.5404434780994
2022-11-03 00:00:00,2205.2095706819628
2022-11-03 01:00:00,2398.8926335163137
2022-11-03 02:00:00,2391.335693655715
2022-11-03 03:00:00,2484.24200995862
2022-11-03 04:00:00,2770.927806844361
2022-11-03 05:00:00,3116.3480253844223
2022-11-03 06:00:00,3613.404333163698
2022-11-03 07:00:00,3841.4898107655704
2022-11-03 08:00:00,3755.152939383881
2022-11-03 09:00:00,3807.436998393971
2022-11-03 10:00:00,3369.291012233699
2022-11-03 11:00:00,3198.3831048694974
2022-11-03 12:00:00,3426.5807966305965
2022-11-03 13:00:00,3164.0284177648527
2022-11-03 14:00:00,3556.358264966826
2022-11-03 15:00:00,3131.263462119949
2022-11-03 16:00:00,3535.876706221065
2022-11-03 17:00:00,3522.2929995450063
2022-11-03 18:00:00,3737.1877663156824
2022-11-03 19:00:00,3593.821591411105
2022-11-03 20:00:00,3554.923426240336
2022-11-03 21:00:00,3200.343144104927
2022-11-03 22:00:00,3018.9757894096265
2022-11-03 23:00:00,2836.316584601694
2022-11-04 00:00:00,2345.4743109824913
2022-11-04 01:00:00,2087.9346331003185
2022-11-04 02:00:00,2415.8312847023253
2022-11-04 03:00:00,2724.5768640540787
2022-11-04 04:00:00,2688.649464140927
2022-11-04 05:00:00,3168.509227093345
2022-11-04 06:00:00,3044.2316265781596
2022-11-04 07:00:00,3562.844389612587
2022-11-04 08:00:00,3480.0660562484927
2022-11-04 09:00:00,3613.1661868616065
2022-11-04 10:00:00,3424.5717883514562
2022-11-04 11:00:00,3358.188684096684
2022-11-04 12:00:00,3399.5850902977063
2022-11-04 13:00:00,3487.836604986113
2022-11-04 14:00:00,3385.90985788859
2022-11-04 15:00:00,3217.6750756964107
2022-11-04 16:00:00,3721.255661675791
2022-11-04 17:00:00,3773.232617610708
2022-11-04 18:00:00,3731.205611482718
2022-11-04 19:00:00,3475.080440803559
2022-11-04 20:00:00,3417.2383779287134
2022-11-04 21:00:00,3224.9895415618266
2022-11-04 22:00:00,3110.485123627004
2022-11-04 23:00:00,2657.1908194816815
2022-11-05 00:00:00,1985.915004608559
2022-11-05 01:00:00,1982.4273922365035
2022-11-05 02:00:00,2150.355773577194
2022-11-05 03:00:00,2178.4054279451298
2022-11-05 04:00:00,2319.898180769822
2022-11-05 05:00:00,2677.0512057448277
2022-11-05 06:00:00,2819.4012448804906
2022-11-05 07:00:00,3279.8198334186413
2022-11-05 08:00:00,3341.1539563472115
2022-11-05 09:00:00,3266.518821781821
2022-11-05 10:00:00,3386.494068398479
2022-11-05 11:00:00,3051.375441506758
2022-11-05 12:00:00,2821.7742117814983
2022-11-05 13:00:00,2730.572930106914
2022-11-05 14:00:00,2950.42920851687
2022-11-05 15:00:00,3210.8749670241295
2022-11-05 16:00:00,3334.6064492670002
2022-11-05 17:00:00,3186.5197574663043
2022-11-05 18:00:00,3358.5886199362085
2022-11-05 19:00:00,3302.5476479772174
2022-11-05 20:00:00,3305.119532912046
2022-11-05 21:00:00,2808.0482790369297
2022-11-05 22:00:00,2586.5537217935357
2022-11-05 23:00:00,2459.469119901567
2022-11-06 00:00:00,1585.6085330634658
2022-11-06 01:00:00,1701.105467281461
2022-11-06 02:00:00,1714.5896770108861
2022-11-06 03:00:00,1932.0764256815594
2022-11-06 04:00:00,2089.053396332744
2022-11-06 05:00:00,2335.0398904121903
2022-11-06 06:00:00,2457.897247162251
2022-11-06 07:00:00,2859.828886583554
2022-11-06 08:00:00,2758.494389242691
2022-11-06 09:00:00,2977.2293882724375
2022-11-06 10:00:00,2660.427804847115
2022-11-06 11:00:00,2842.349079391505
2022-11-06 12:00:00,2485.092543730828
2022-11-06 13:00:00,2494.0724591649177
2022-11-06 14:00:00,2793.7509714245193
2022-11-06 15:00:00,2600.1685488194084
2022-11-06 16:00:00,2742.438802768006
2022-11-06 17:00:00,2887.965491907325
2022-11-06 18:00:00,2966.4097420964176
2022-11-06 19:00:00,2705.784144194618
2022-11-06 20:00:00,2704.3510182149826
2022-11-06 21:00:00,2591.5398736435886
2022-11-06 22:00:00,2447.304335779659
2022-11-06 23:00:00,2200.7611834328522
2022-11-07 00:00:00,2151.349722346844
2022-11-07 01:00:00,2279.977511119004
2022-11-07 02:00:00,2447.872702974998
2022-11-07 03:00:00,2282.6492026833535
2022-11-07 04:00:00,2738.661340270256
2022-11-07 05:00:00,3354.7923295703968
2022-11-07 06:00:00,3151.2893126186586
2022-11-07 07:00:00,3809.4314717362113
2022-11-07 08:00:00,3781.0484301541323
2022-11-07 09:00:00,3601.8792887617433
2022-11-07 10:00:00,3401.1264565265437
2022-11-07 11:00:00,3472.297308420672
2022-11-07 12:00:00,3711.843318101137
2022-11-07 13:00:00,3478.7628328026967
2022-11-07 14:00:00,3599.0706575583595
2022-11-07 15:00:00,3550.8070721471718
2022-11-07 16:00:00,3252.280311391989
2022-11-07 17:00:00,3899.2994700913478
2022-11-07 18:00:00,3751.4481734526657
2022-11-07 19:00:00,3443.6263376444404
2022-11-07 20:00:00,3470.304002016797
2022-11-07 21:00:00,3296.1111849604836
2022-11-07 22:00:00,2913.0501754885554
2022-11-07 23:00:00,2670.8883425109275
2022-11-08 00:00:00,2275.3008248460524
2022-11-08 01:00:00,2356.4377335526433
2022-11-08 02:00:00,2278.6265978424517
2022-11-08 03:00:00,2620.800080468321
2022-11-08 04:00:00,2975.8766790291493
2022-11-08 05:00:00,3029.3071483422314
2022-11-08 06:00:00,3373.770066064739
2022-11-08 07:00:00,3838.915140984395
2022-11-08 08:00:00,4128.562222597483
2022-11-08 09:00:00,3680.6805355497763
2022-11-08 10:00:00,3563.918674870381
2022-11-08 11:00:00,3279.2676154166184
2022-11-08 12:00:00,3368.4914139495477
2022-11-08 13:00:00,3380.429688889507
2022-11-08 14:00:00,3521.897625790745
2022-11-08 15:00:00,3352.5481163021545
2022-11-08 16:00:00,3516.6488383639094
2022-11-08 17:00:00,3696.3356660554823
2022-11-08 18:00:00,3755.4624409269563
2022-11-08 19:00:00,3401.007906178829
2022-11-08 20:00:00,3767.8659665523332
2022-11-08 21:00:00,3395.931673065199
2022-11-08 22:00:00,2989.8970090450703
2022-11-08 23:00:00,2891.2275430140708
2022-11-09 00:00:00,2491.9087135656546
2022-11-09 01:00:00,2278.226714622663
2022-11-09 02:00:00,2347.961350524598
2022-11-09 03:00:00,2574.6653872997795
2022-11-09 04:00:00,2836.066121811437
2022-11-09 05:00:00,3353.933594999197
2022-11-09 06:00:00,3335.995194596332
2022-11-09 07:00:00,3788.0579068081784
2022-11-09 08:00:00,3720.599832625812
2022-11-09 09:00:00,3441.6123375233847
2022-11-09 10:00:00,3766.877675419177
2022-11-09 11:00:00,3519.6588268523647
2022-11-09 12:00:00,3368.5839766711947
2022-11-09 13:00:00,3573.2294799350966
2022-11-09 14:00:00,3402.6728732349065
2022-11-09 15:00:00,3180.8076295416204
2022-11-09 16:00:00,3483.5401504979163
2022-11-09 17:00:00,3797.7100640493563
2022-11-09 18:00:00,3925.9708011281773
2022-11-09 19:00:00,3984.3967266752747
2022-11-09 20:00:00,3415.8291903610243
2022-11-09 21:00:00,3748.551828810349
2022-11-09 22:00:00,3068.3841433256916
2022-11-09 23:00:00,2745.1830497560986
2022-11-10 00:00:00,2065.826215716399
2022-11-10 01:00:00,2254.9106082937788
2022-11-10 02:00:00,2643.460950666057
2022-11-10 03:00:00,2852.124755058494
2022-11-10 04:00:00,2851.41757212997
2022-11-10 05:00:00,3408.1477466058045
2022-11-10 06:00:00,3580.2381454509346
2022-11-10 07:00:00,3902.2892854496745
2022-11-10 08:00:00,3483.2987139565794
2022-11-10 09:00:00,3516.395650638182
2022-11-10 10:00:00,3675.539319429957
2022-11-10 11:00:00,3499.274648540549
2022-11-10 12:00:00,3537.4657277716096
2022-11-10 13:00:00,3376.0628859978588
2022-11-10 14:00:00,3160.7667380970165
2022-11-10 15:00:00,3377.7997080855525
2022-11-10 16:00:00,3570.8440441084826
2022-11-10 17:00:00,3525.7665865327517
2022-11-10 18:00:00,3543.2405783962263
2022-11-10 19:00:00,3583.203929511268
2022-11-10 20:00:00,3947.4073366033504
2022-11-10 21:00:00,3473.358892907104
2022-11-10 22:00:00,2890.66586541601
2022-11-10 23:00:00,2901.0527385515893
2022-11-11 00:00:00,2240.0372021913063
2022-11-11 01:00:00,2337.5750106873083
2022-11-11 02:00:00,2507.968406958238
2022-11-11 03:00:00,2560.9284866288554
2022-11-11 04:00:00,2639.7321235614527
2022-11-11 05:00:00,2959.938159016826
2022-11-11 06:00:00,3231.6007534258674
2022-11-11 07:00:00,3612.460154997021
2022-11-11 08:00:00,3838.7204087075647
2022-11-11 09:00:00,3840.7630010290786
2022-11-11 10:00:00,3717.488986516994
2022-11-11 11:00:00,3462.9885764731494
2022-11-11 12:00:00,3105.5072501404916
2022-11-11 13:00:00,3220.7019145983727
2022-11-11 14:00:00,3494.6716186399944
2022-11-11 15:00:00,3818.0057667515557
2022-11-11 16:00:00,3563.9443539217755
2022-11-11 17:00:00,4176.203198400814
2022-11-11 18:00:00,3664.880839300158
2022-11-11 19:00:00,3762.8816080549245
2022-11-11 20:00:00,3598.4884399614707
2022-11-11 21:00:00,3463.453863185516
2022-11-11 22:00:00,3055.670273595381
2022-11-11 23:00:00,2697.718723106727
2022-11-12 00:00:00,1939.4981732731555
2022-11-12 01:00:00,1901.4935661302845
2022-11-12 02:00:00,1987.4130657978446
2022-11-12 03:00:00,2288.114291886748
2022-11-12 04:00:00,2343.42297833246
2022-11-12 05:00:00,2806.889650952659
2022-11-12 06:00:00,3219.252937730448
2022-11-12 07:00:00,3170.90056729656
2022-11-12 08:00:00,3296.8560849228393
2022-11-12 09:00:00,3364.6149313295077
2022-11-12 10:00:00,3270.1205914106868
2022-11-12 11:00:00,3171.1335150500977
2022-11-12 12:00:00,2787.720610490046
2022-11-12 13:00:00,3026.261521585186
2022-11-12 14:00:00,2745.761936912025
2022-11-12 15:00:00,2927.3702758164745
2022-11-12 16:00:00,3304.968439116686
2022-11-12 17:00:00,3028.1050666239375
2022-11-12 18:00:00,3175.903720386757
2022-11-12 19:00:00,3437.444136814891
2022-11-12 20:00:00,3064.7671118609605
2022-11-12 21:00:00,2880.3722122425443
2022-11-12 22:00:00,2539.637294553388
2022-11-12 23:00:00,2538.401959719693
2022-11-13 00:00:00,1779.1373568973472
2022-11-13 01:00:00,1791.350832562567
2022-11-13 02:00:00,1843.4542862524972
2022-11-13 03:00:00,1969.7160407010085
2022-11-13 04:00:00,2427.5659929970134
2022-11-13 05:00:00,2585.5255949194907
2022-11-13 06:00:00,2528.8273442684485
2022-11-13 07:00:00,3152.887217033998
2022-11-13 08:00:00,2857.699434762226
2022-11-13 09:00:00,2720.315760272181
2022-11-13 10:00:00,2905.90503383215
2022-11-13 11:00:00,2846.7124089950407
2022-11-13 12:00:00,2716.8641084173546
2022-11-13 13:00:00,2402.668967552588
2022-11-13 14:00:00,2485.122674715809
2022-11-13 15:00:00,2529.9427106246685
2022-11-13 16:00:00,2870.7881968509632
2022-11-13 17:00:00,2840.084771310754
2022-11-13 18:00:00,3005.2742296822307
2022-11-13 19:00:00,2939.29130121786
2022-11-13 20:00:00,2961.0808047573178
2022-11-13 21:00:00,2653.829286251655
2022-11-13 22:00:00,2215.0260587852445
2022-11-13 23:00:00,2239.250898288677
2022-11-14 00:00:00,2256.9196201500245
2022-11-14 01:00:00,2325.1239102714176
2022-11-14 02:00:00,2405.027744460334
2022-11-14 03:00:00,2467.709263906192
2022-11-14 04:00:00,2700.844014289133
2022-11-14 05:00:00,3152.404843270997
2022-11-14 06:00:00,3433.5037858911433
2022-11-14 07:00:00,3932.8939502466737
2022-11-14 08:00:00,3757.9029186623225
2022-11-14 09:00:00,3844.7957128043213
2022-11-14 10:00:00,3513.264980882976
2022-11-14 11:00:00,3608.689647331426
2022-11-14 12:00:00,3397.811673491946
2022-11-14 13:00:00,3411.7892160307715
2022-11-14 14:00:00,3557.0154771591738
2022-11-14 15:00:00,3442.0912537133277
2022-11-14 16:00:00,3805.829427249085
2022-11-14 17:00:00,3522.3106271691654
2022-11-14 18:00:00,3811.938123283134
2022-11-14 19:00:00,3583.8126222485394
2022-11-14 20:00:00,3621.7201650621487
2022-11-14 21:00:00,3457.9375026236685
2022-11-14 22:00:00,3249.5798600197986
2022-11-14 23:00:00,2983.558359818563
2022-11-15 00:00:00,2221.687197571566
2022-11-15 01:00:00,2390.361470657218
2022-11-15 02:00:00,2538.416045919934
2022-11-15 03:00:00,2601.8192500300993
2022-11-15 04:00:00,2723.3106140161103
2022-11-15 05:00:00,3268.944976976251
2022-11-15 06:00:00,3555.760536144445
2022-11-15 07:00:00,3805.115455299401
2022-11-15 08:00:00,3563.484287513101
2022-11-15 09:00:00,4001.037615491598
2022-11-15 10:00:00,3778.906901662936
2022-11-15 11:00:00,3719.2924537212707
2022-11-15 12:00:00,3429.9458994020174
2022-11-15 13:00:00,3438.89161274434
2022-11-15 14:00:00,3581.8594092800686
2022-11-15 15:00:00,3447.9632526384567
2022-11-15 16:00:00,3971.8745542598904
2022-11-15 17:00:00,4030.5831420975096
2022-11-15 18:00:00,3728.748728718422
2022-11-15 19:00:00,3532.1446349681332
2022-11-15 20:00:00,3540.627324449591
2022-11-15 21:00:00,3562.248218097866
2022-11-15 22:00:00,3119.3083940461315
2022-11-15 23:00:00,2963.446969406462
2022-11-16 00:00:00,2248.788338992089
2022-11-16 01:00:00,2441.255038358664
2022-11-16 02:00:00,2246.815226504592
2022-11-16 03:00:00,2599.2582265203027
2022-11-16 04:00:00,3041.5448442858633
2022-11-16 05:00:00,3121.1629202453737
2022-11-16 06:00:00,3538.750484265959
2022-11-16 07:00:00,3980.4066415809634
2022-11-16 08:00:00,3994.9419925682423
2022-11-16 09:00:00,3874.1055620010916
2022-11-16 10:00:00,3544.9786626933624
2022-11-16 11:00:00,3461.1477642811665
2022-11-16 12:00:00,3291.127037201794
2022-11-16 13:00:00,3301.684626023465
2022-11-16 14:00:00,3341.8233846373255
2022-11-16 15:00:00,3455.651190553688
2022-11-16 16:00:00,3687.7012099722797
2022-11-16 17:00:00,4019.4879396914007
2022-11-16 18:00:00,3882.0079523238833
2022-11-16 19:00:00,3800.084061942509
2022-11-16 20:00:00,3382.5139749422697
2022-11-16 21:00:00,3409.6276139345177
2022-11-16 22:00:00,3229.850728188225
2022-11-16 23:00:00,3208.9662423220493
2022-11-17 00:00:00,2352.745716208347
2022-11-17 01:00:00,2503.73196481515
2022-11-17 02:00:00,2491.5147514650694
2022-11-17 03:00:00,2614.936874732588
2022-11-17 04:00:00,2824.73678481893
2022-11-17 05:00:00,3070.5084225514
2022-11-17 06:00:00,3631.0437426420704
2022-11-17 07:00:00,3806.9077902271956
2022-11-17 08:00:00,3861.809374755707
2022-11-17 09:00:00,3799.3177568885444
2022-11-17 10:00:00,3821.602718931647
2022-11-17 11:00:00,3420.5698369114607
2022-11-17 12:00:00,3118.775150897091
2022-11-17 13:00:00,3481.2239491777627
2022-11-17 14:00:00,3616.880470771596
2022-11-17 15:00:00,3273.0961567988174
2022-11-17 16:00:00,3517.0345109304335
2022-11-17 17:00:00,3875.372876024453
2022-11-17 18:00:00,3779.3773072857152
2022-11-17 19:00:00,3482.51059717265
2022-11-17 20:00:00,3590.716957637305
2022-11-17 21:00:00,3198.665270890423
2022-11-17 22:00:00,3388.512024463218
2022-11-17 23:00:00,2903.0111941635328
2022-11-18 00:00:00,2148.2918657049477
2022-11-18 01:00:00,2302.5763586875255
2022-11-18 02:00:00,2438.2851182059053
2022-11-18 03:00:00,2562.7552753370574
2022-11-18 04:00:00,3038.133546315823
2022-11-18 05:00:00,3297.651247822422
2022-11-18 06:00:00,3487.3709572298067
2022-11-18 07:00:00,3781.750988905004
2022-11-18 08:00:00,3754.245120317019
2022-11-18 09:00:00,3738.901828691507
2022-11-18 10:00:00,3711.751075127465
2022-11-18 11:00:00,3450.6288171741667
2022-11-18 12:00:00,3550.9167749970256
2022-11-18 13:00:00,3081.4194982545396
2022-11-18 14:00:00,3497.3100733838014
2022-11-18 15:00:00,3895.8712403664204
2022-11-18 16:00:00,3900.70625953027
2022-11-18 17:00:00,3877.1870340372325
2022-11-18 18:00:00,3489.9115902454037
2022-11-18 19:00:00,3936.5585154550686
2022-11-18 20:00:00,3561.8898615301246
2022-11-18 21:00:00,3374.075730547648
2022-11-18 22:00:00,3248.4277437506116
2022-11-18 23:00:00,2920.4877622598397
2022-11-19 00:00:00,2100.4976387392003
2022-11-19 01:00:00,2036.1554312248168
2022-11-19 02:00:00,2155.4687425462807
2022-11-19 03:00:00,2411.771220728679
2022-11-19 04:00:00,2379.6914578386973
2022-11-19 05:00:00,2823.538802646525
2022-11-19 06:00:00,3010.4390592584427
2022-11-19 07:00:00,2853.5869593854154
2022-11-19 08:00:00,3339.8793663814804
2022-11-19 09:00:00,3369.369618691808
2022-11-19 10:00:00,3301.2745049515474
2022-11-19 11:00:00,3201.9345968086213
2022-11-19 12:00:00,2776.018717082797
2022-11-19 13:00:00,2989.6589564064
2022-11-19 14:00:00,2986.1625283096637
2022-11-19 15:00:00,3039.013123839967
2022-11-19 16:00:00,3195.9607830929353
2022-11-19 17:00:00,3072.623898022027
2022-11-19 18:00:00,3337.1511264594637
2022-11-19 19:00:00,3262.153450726271
2022-11-19 20:00:00,3217.9131012860357
2022-11-19 21:00:00,3087.361004682283
2022-11-19 22:00:00,2892.5724638887887
2022-11-19 23:00:00,2434.8514166571763
2022-11-20 00:00:00,1902.2031435220806
2022-11-20 01:00:00,1849.456377544207
2022-11-20 02:00:00,1871.7998314216163
2022-11-20 03:00:00,2074.329395186937
2022-11-20 04:00:00,2146.1796476920026
2022-11-20 05:00:00,2582.0086883651543
2022-11-20 06:00:00,2688.781869077645
2022-11-20 07:00:00,2766.2775972481004
2022-11-20 08:00:00,3222.0231944426564
2022-11-20 09:00:00,2773.072091128121
2022-11-20 10:00:00,3071.865128433522
2022-11-20 11:00:00,2663.919761751311
2022-11-20 12:00:00,2804.172877725588
2022-11-20 13:00:00,2695.3395060881917
2022-11-20 14:00:00,2596.81084180265
2022-11-20 15:00:00,2803.5976056486993
2022-11-20 16:00:00,2973.5051081083348
2022-11-20 17:00:00,3017.740270242385
2022-11-20 18:00:00,3173.869717113755
2022-11-20 19:00:00,2707.059449145537
2022-11-20 20:00:00,2773.1086050960917
2022-11-20 21:00:00,2818.866318932145
2022-11-20 22:00:00,2296.0152823786366
2022-11-20 23:00:00,2232.435050950589
2022-11-21 00:00:00,2406.8772215526596
2022-11-21 01:00:00,2480.838226699236
2022-11-21 02:00:00,2490.445764567849
2022-11-21 03:00:00,2743.062405184108
2022-11-21 04:00:00,2993.8318238310862
2022-11-21 05:00:00,3131.09622461554
2022-11-21 06:00:00,3807.4285288072897
2022-11-21 07:00:00,3755.3752672544783
2022-11-21 08:00:00,3678.6569487755996
2022-11-21 09:00:00,3665.826124185044
2022-11-21 10:00:00,3944.3365889177007
2022-11-21 11:00:00,3717.136959217061
2022-11-21 12:00:00,3107.440213214816
2022-11-21 13:00:00,3544.2667534476795
2022-11-21 14:00:00,3399.4457977424836
2022-11-21 15:00:00,3611.9981830013344
2022-11-21 16:00:00,4020.947344035577
2022-11-21 17:00:00,3561.4629701742138
2022-11-21 18:00:00,4099.175529138687
2022-11-21 19:00:00,3818.547948612575
2022-11-21 20:00:00,4042.8580178325315
2022-11-21 21:00:00,3210.2033322881834
2022-11-21 22:00:00,3649.904553915285
2022-11-21 23:00:00,3020.7073180092543
2022-11-22 00:00:00,2269.366819667226
2022-11-22 01:00:00,2552.4081728838423
2022-11-22 02:00:00,2515.9332517472053
2022-11-22 03:00:00,2752.776343793397
2022-11-22 04:00:00,2749.5163135512366
2022-11-22 05:00:00,3369.283814674433
2022-11-22 06:00:00,3348.821740524442
2022-11-22 07:00:00,3876.1792680745107
2022-11-22 08:00:00,3776.257206659125
2022-11-22 09:00:00,3809.372021454907
2022-11-22 10:00:00,3732.7981276133396
2022-11-22 11:00:00,3414.879352002427
2022-11-22 12:00:00,3545.110465592497
2022-11-22 13:00:00,3631.6248725688815
2022-11-22 14:00:00,3535.6094844897857
2022-11-22 15:00:00,3555.1132338933444
2022-11-22 16:00:00,3767.7471678596403
2022-11-22 17:00:00,3466.955389886186
2022-11-22 18:00:00,3779.0428051999534
2022-11-22 19:00:00,3912.124439927198
2022-11-22 20:00:00,3585.5872115692177
2022-11-22 21:00:00,3475.559561222968
2022-11-22 22:00:00,3310.283032085041
2022-11-22 23:00:00,2966.8304511935617
2022-11-23 00:00:00,2522.607198581469
2022-11-23 01:00:00,2409.389611432527
2022-11-23 02:00:00,2754.966366853774
2022-11-23 03:00:00,2744.6863234989546
2022-11-23 04:00:00,2642.66900091665
2022-11-23 05:00:00,3628.597798163295
2022-11-23 06:00:00,3637.3583587932694
2022-11-23 07:00:00,3728.1754186927915
2022-11-23 08:00:00,3847.1679983198915
2022-11-23 09:00:00,3939.026990515902
2022-11-23 10:00:00,3844.1147861068857
2022-11-23 11:00:00,3678.0198620476335
2022-11-23 12:00:00,3237.0905474830593
2022-11-23 13:00:00,3517.367178053671
2022-11-23 14:00:00,3155.7288392141377
2022-11-23 15:00:00,3208.6488005062806
2022-11-23 16:00:00,3811.0859157808204
2022-11-23 17:00:00,3588.964166905572
2022-11-23 18:00:00,4022.0755105469116
2022-11-23 19:00:00,3752.5303762185713
2022-11-23 20:00:00,3635.5453629902636
2022-11-23 21:00:00,3220.7733165441614
2022-11-23 22:00:00,2928.168247671628
2022-11-23 23:00:00,3161.847121747449
2022-11-24 00:00:00,2410.091054613499
2022-11-24 01:00:00,2072.7623519535477
2022-11-24 02:00:00,2546.847359705349
2022-11-24 03:00:00,2655.9737429279544
2022-11-24 04:00:00,2990.601587903766
2022-11-24 05:00:00,3484.00773452198
2022-11-24 06:00:00,3557.021398354598
2022-11-24 07:00:00,3467.650592946073
2022-11-24 08:00:00,3842.0460036592094
2022-11-24 09:00:00,3735.1515560952544
2022-11-24 10:00:00,3723.010082946383
2022-11-24 11:00:00,3884.2388035769304
2022-11-24 12:00:00,3198.452277814797
2022-11-24 13:00:00,3450.611261133847
2022-11-24 14:00:00,3482.0522046257856
2022-11-24 15:00:00,3559.907678974244
2022-11-24 16:00:00,3528.661963856231
2022-11-24 17:00:00,3855.678124990794
2022-11-24 18:00:00,3949.8176761370496
2022-11-24 19:00:00,3953.8031889082836
2022-11-24 20:00:00,3718.4943062902953
2022-11-24 21:00:00,3423.9972718950958
2022-11-24 22:00:00,3309.6314064144854
2022-11-24 23:00:00,3200.048406176617
2022-11-25 00:00:00,2526.037058779939
2022-11-25 01:00:00,2431.87857737192
2022-11-25 02:00:00,2578.1688624040844
2022-11-25 03:00:00,2675.2411884839894
2022-11-25 04:00:00,2881.1452823305626
2022-11-25 05:00:00,3308.1988758708626
2022-11-25 06:00:00,3317.7620147428456
2022-11-25 07:00:00,4013.6927830093914
2022-11-25 08:00:00,4321.111841157075
2022-11-25 09:00:00,4118.026578777617
2022-11-25 10:00:00,3923.117569950918
2022-11-25 11:00:00,3761.7023832899076
2022-11-25 12:00:00,3655.159281661339
2022-11-25 13:00:00,3203.9125822940837
2022-11-25 14:00:00,3407.487569030831
2022-11-25 15:00:00,3821.097765058092
2022-11-25 16:00:00,3913.8280353653563
2022-11-25 17:00:00,3685.649735028075
2022-11-25 18:00:00,3828.067238188107
2022-11-25 19:00:00,3935.7021693887355
2022-11-25 20:00:00,3966.5547255607707
2022-11-25 21:00:00,3612.675358481408
2022-11-25 22:00:00,3226.717316919797
2022-11-25 23:00:00,3068.741944540725
2022-11-26 00:00:00,2061.3279650613968
2022-11-26 01:00:00,2141.7858126521514
2022-11-26 02:00:00,2204.706011200181
2022-11-26 03:00:00,2259.390657322492
2022-11-26 04:00:00,2192.2512870556584
2022-11-26 05:00:00,2717.4288139064374
2022-11-26 06:00:00,3350.6794529505
2022-11-26 07:00:00,3161.260586516023
2022-11-26 08:00:00,3618.215428364952
2022-11-26 09:00:00,3234.564721272142
2022-11-26 10:00:00,3328.452943880414
2022-11-26 11:00:00,2995.851927167052
2022-11-26 12:00:00,2767.5657359983816
2022-11-26 13:00:00,2901.0563460343833
2022-11-26 14:00:00,2862.40680594356
2022-11-26 15:00:00,2840.8198733689715
2022-11-26 16:00:00,3289.1401238903827
2022-11-26 17:00:00,3555.0071678867016
2022-11-26 18:00:00,3234.4014686137666
2022-11-26 19:00:00,3429.088697269347
2022-11-26 20:00:00,3050.5966529877433
2022-11-26 21:00:00,2888.5990270647067
2022-11-26 22:00:00,2868.4578725587776
2022-11-26 23:00:00,2389.6378602281225
2022-11-27 00:00:00,1757.166499439057
2022-11-27 01:00:00,2032.5814951570019
2022-11-27 02:00:00,1853.9013973230383
2022-11-27 03:00:00,2151.9957457075343
2022-11-27 04:00:00,2296.1263083142426
2022-11-27 05:00:00,2407.32241532803
2022-11-27 06:00:00,2824.270532701445
2022-11-27 07:00:00,3003.5761183693976
2022-11-27 08:00:00,3113.1765659086795
2022-11-27 09:00:00,3120.4526644930834
2022-11-27 10:00:00,2945.6690973431596
2022-11-27 11:00:00,2767.2267069477407
2022-11-27 12:00:00,2706.3508904453092
2022-11-27 13:00:00,2339.932679154215
2022-11-27 14:00:00,2784.413419476544
2022-11-27 15:00:00,2944.043315283093
2022-11-27 16:00:00,2786.8206880833372
2022-11-27 17:00:00,3196.801048174633
2022-11-27 18:00:00,3092.0109107069366
2022-11-27 19:00:00,2811.2792150268533
2022-11-27 20:00:00,2648.667767339385
2022-11-27 21:00:00,2856.719070748542
2022-11-27 22:00:00,2507.078291507781
2022-11-27 23:00:00,2287.305710793529
2022-11-28 00:00:00,2373.2100136020604
2022-11-28 01:00:00,2724.6395020537047
2022-11-28 02:00:00,2452.3680114992467
2022-11-28 03:00:00,2675.397819322558
2022-11-28 04:00:00,2984.78025671208
2022-11-28 05:00:00,3385.037246995633
2022-11-28 06:00:00,3616.670378938868
2022-11-28 07:00:00,4319.957507635418
2022-11-28 08:00:00,4002.6687859528465
2022-11-28 09:00:00,4138.034807868701
2022-11-28 10:00:00,3631.2932845440246
2022-11-28 11:00:00,3755.25781737688
2022-11-28 12:00:00,3524.3183474301295
2022-11-28 13:00:00,3768.0726285557334
2022-11-28 14:00:00,3433.8050020254927
2022-11-28 15:00:00,3529.369951038488
2022-11-28 16:00:00,3908.1828612029394
2022-11-28 17:00:00,3975.7006782939734
2022-11-28 18:00:00,3584.877606017623
2022-11-28 19:00:00,3869.497340374742
2022-11-28 20:00:00,3649.196705177599
2022-11-28 21:00:00,3619.644485715419
2022-11-28 22:00:00,3472.420930199141
2022-11-28 23:00:00,3004.9258223910488
2022-11-29 00:00:00,2660.09131438684
2022-11-29 01:00:00,2411.100432786469
2022-11-29 02:00:00,2339.7207873523425
2022-11-29 03:00:00,2696.392748895632
2022-11-29 04:00:00,3057.7789777760636
2022-11-29 05:00:00,3252.8018219566034
2022-11-29 06:00:00,3570.766941911536
2022-11-29 07:00:00,3670.3994512347194
2022-11-29 08:00:00,4000.446060775215
2022-11-29 09:00:00,3623.7335438233163
2022-11-29 10:00:00,4234.661261522697
2022-11-29 11:00:00,3844.389337890091
2022-11-29 12:00:00,3485.379243645595
2022-11-29 13:00:00,3527.3889737363243
2022-11-29 14:00:00,3621.2921760020436
2022-11-29 15:00:00,3664.362972894174
2022-11-29 16:00:00,3438.517691779548
2022-11-29 17:00:00,3908.9827540873457
2022-11-29 18:00:00,3859.631130016701
2022-11-29 19:00:00,4099.478306978716
2022-11-29 20:00:00,3375.357549991226
2022-11-29 21:00:00,3866.8305029670432
2022-11-29 22:00:00,3222.5935346264487
2022-11-29 23:00:00,3003.7565374430733
2022-11-30 00:00:00,2348.146913928007
2022-11-30 01:00:00,2491.314115948295
2022-11-30 02:00:00,2524.8820028133428
2022-11-30 03:00:00,2899.628889506375
2022-11-30 04:00:00,3120.784156313715
2022-11-30 05:00:00,3442.8087431426147
2022-11-30 06:00:00,3384.257026076145
2022-11-30 07:00:00,3824.488700218157
2022-11-30 08:00:00,3907.3875178054823
2022-11-30 09:00:00,4209.004374892968
2022-11-30 10:00:00,3667.8571682768334
2022-11-30 11:00:00,3711.440822236324
2022-11-30 12:00:00,3441.242816754635
2022-11-30 13:00:00,3467.6883999996585
2022-11-30 14:00:00,3638.7651896995676
2022-11-30 15:00:00,3626.30060920942
2022-11-30 16:00:00,3851.5144859292764
2022-11-30 17:00:00,4568.414509758526
2022-11-30 18:00:00,3965.15314916832
2022-11-30 19:00:00,3585.262999172292
2022-11-30 20:00:00,3733.105169902444
2022-11-30 21:00:00,3493.035294010793
2022-11-30 22:00:00,3401.7915858128995
2022-11-30 23:00:00,3040.903764982925
2022-12-01 00:00:00,2370.1151485370137
2022-12-01 01:00:00,2250.7979512731035
2022-12-01 02:00:00,2813.8580813039916
2022-12-01 03:00:00,2858.1549864590843
2022-12-01 04:00:00,2919.8399508217826
2022-12-01 05:00:00,3264.3352288710976
2022-12-01 06:00:00,3734.948768446579
2022-12-01 07:00:00,3454.498104453411
2022-12-01 08:00:00,3872.5387731338633
2022-12-01 09:00:00,3920.7066450825164
2022-12-01 10:00:00,3741.442024313484
2022-12-01 11:00:00,3586.0910142797916
2022-12-01 12:00:00,3620.7691836874174
2022-12-01 13:00:00,3627.2930423011085
2022-12-01 14:00:00,3812.1586399902744
2022-12-01 15:00:00,3554.0792336054046
2022-12-01 16:00:00,3828.912763363289
2022-12-01 17:00:00,3846.881635352767
2022-12-01 18:00:00,3930.29582180333
2022-12-01 19:00:00,4225.161403149418
2022-12-01 20:00:00,3857.9204383405254
2022-12-01 21:00:00,3645.637782128407
2022-12-01 22:00:00,3298.150395963626
2022-12-01 23:00:00,3227.362558724158
2022-12-02 00:00:00,2166.9295255237116
2022-12-02 01:00:00,2458.249186014189
2022-12-02 02:00:00,2699.893374422881
2022-12-02 03:00:00,3009.09036949594
2022-12-02 04:00:00,3103.036331026769
2022-12-02 05:00:00,3277.061491156436
2022-12-02 06:00:00,3698.7321410236477
2022-12-02 07:00:00,3792.446268674435
2022-12-02 08:00:00,3883.788911354732
2022-12-02 09:00:00,4250.035571006241
2022-12-02 10:00:00,3780.276872798317
2022-12-02 11:00:00,3538.8107624829354
2022-12-02 12:00:00,3551.0766969020074
2022-12-02 13:00:00,3370.3382841203793
2022-12-02 14:00:00,3332.3985768860866
2022-12-02 15:00:00,3392.031628451519
2022-12-02 16:00:00,3386.5042425044735
2022-12-02 17:00:00,3975.9258233871296
2022-12-02 18:00:00,3849.777746337167
2022-12-02 19:00:00,4031.142286511474
2022-12-02 20:00:00,4086.639603799608
2022-12-02 21:00:00,3661.11907740886
2022-12-02 22:00:00,2866.588030571515
2022-12-02 23:00:00,3288.6792332914315
2022-12-03 00:00:00,2076.780533247524
2022-12-03 01:00:00,2035.206237809868
2022-12-03 02:00:00,2198.64228541603
2022-12-03 03:00:00,2524.285671104106
2022-12-03 04:00:00,2557.7750967879147
2022-12-03 05:00:00,2977.4983582176965
2022-12-03 06:00:00,3418.4410667729635
2022-12-03 07:00:00,3542.652666393105
2022-12-03 08:00:00,3426.874233531365
2022-12-03 09:00:00,3240.186259137382
2022-12-03 10:00:00,3280.765180549096
2022-12-03 11:00:00,3198.6878911411413
2022-12-03 12:00:00,2978.3187888785146
2022-12-03 13:00:00,3281.901876899183
2022-12-03 14:00:00,2734.585431878846
2022-12-03 15:00:00,2902.5197673188673
2022-12-03 16:00:00,3424.1194538992872
2022-12-03 17:00:00,3519.875965182781
2022-12-03 18:00:00,3368.6882241397834
2022-12-03 19:00:00,3230.025737372916
2022-12-03 20:00:00,3259.2430053409844
2022-12-03 21:00:00,3061.092536435086
2022-12-03 22:00:00,2901.4945386913396
2022-12-03 23:00:00,2225.66048813365
2022-12-04 00:00:00,1868.4475326921772
2022-12-04 01:00:00,1860.2759072591793
2022-12-04 02:00:00,2115.0442407224614
2022-12-04 03:00:00,2143.6791177043974
2022-12-04 04:00:00,2332.2424157397436
2022-12-04 05:00:00,2585.4601212146995
2022-12-04 06:00:00,2823.725320906218
2022-12-04 07:00:00,3027.940350339147
2022-12-04 08:00:00,3169.5119026912776
2022-12-04 09:00:00,3091.126903541526
2022-12-04 10:00:00,2874.5316956954416
2022-12-04 11:00:00,2622.0842960481914
2022-12-04 12:00:00,2596.1574583796573
2022-12-04 13:00:00,2514.861478016756
2022-12-04 14:00:00,2625.909948809023
2022-12-04 15:00:00,2730.103998251817
2022-12-04 16:00:00,3217.607191267668
2022-12-04 17:00:00,3251.121430049413
2022-12-04 18:00:00,2986.5587157046384
2022-12-04 19:00:00,3076.597611935756
2022-12-04 20:00:00,2897.071922043795
2022-12-04 21:00:00,2643.462187646783
2022-12-04 22:00:00,2501.649206630554
2022-12-04 23:00:00,2346.3823840983864
2022-12-05 00:00:00,2218.146579434691
2022-12-05 01:00:00,2690.6134550151974
2022-12-05 02:00:00,2369.511564044536
2022-12-05 03:00:00,2817.5412712030366
2022-12-05 04:00:00,2973.4711386226627
2022-12-05 05:00:00,3300.7760348275124
2022-12-05 06:00:00,3640.8005824958864
2022-12-05 07:00:00,4052.0673431920445
2022-12-05 08:00:00,3722.1392456107387
2022-12-05 09:00:00,3951.520946814119
2022-12-05 10:00:00,3664.6943841664333
2022-12-05 11:00:00,3854.953795642899
2022-12-05 12:00:00,3610.2430848152753
2022-12-05 13:00:00,3430.3722389770905
2022-12-05 14:00:00,3874.6944523306734
2022-12-05 15:00:00,3860.7637221523437
2022-12-05 16:00:00,4141.667661600834
2022-12-05 17:00:00,3938.5562024694395
2022-12-05 18:00:00,4135.246250616084
2022-12-05 19:00:00,3885.0447898473367
2022-12-05 20:00:00,3457.0463388009466
2022-12-05 21:00:00,3604.2873050000608
2022-12-05 22:00:00,2956.077790476508
2022-12-05 23:00:00,2797.9988025269477
2022-12-06 00:00:00,2155.349486682407
2022-12-06 01:00:00,2557.991973803248
2022-12-06 02:00:00,2359.1186129381313
2022-12-06 03:00:00,2717.2111573645657
2022-12-06 04:00:00,2928.347943464814
2022-12-06 05:00:00,3472.5621514971417
2022-12-06 06:00:00,3588.203243587078
2022-12-06 07:00:00,3948.744401839292
2022-12-06 08:00:00,3880.9613649560683
2022-12-06 09:00:00,3726.41657731262
2022-12-06 10:00:00,4084.0891559843003
2022-12-06 11:00:00,3698.2049461031957
2022-12-06 12:00:00,3380.3866342080346
2022-12-06 13:00:00,3582.3630798126273
2022-12-06 14:00:00,3782.4414087125024
2022-12-06 15:00:00,3424.15823655857
2022-12-06 16:00:00,3740.4728530521643
2022-12-06 17:00:00,4210.64064367867
2022-12-06 18:00:00,3739.559556400908
2022-12-06 19:00:00,3939.5676001772927
2022-12-06 20:00:00,3893.9832299445675
2022-12-06 21:00:00,3582.9098137319124
2022-12-06 22:00:00,3437.887458267459
2022-12-06 23:00:00,3387.9260487753563
2022-12-07 00:00:00,2595.9822636092576
2022-12-07 01:00:00,2431.0742822460206
2022-12-07 02:00:00,2608.9328655602226
2022-12-07 03:00:00,2648.3530483686322
2022-12-07 04:00:00,3112.757204280441
2022-12-07 05:00:00,3384.0066957436343
2022-12-07 06:00:00,3859.7720238544193
2022-12-07 07:00:00,4042.6412792108335
2022-12-07 08:00:00,3960.2033224143056
2022-12-07 09:00:00,3858.2232203631734
2022-12-07 10:00:00,3778.027565432749
2022-12-07 11:00:00,4063.289099091413
2022-12-07 12:00:00,3616.042171212553
2022-12-07 13:00:00,3536.773190544853
2022-12-07 14:00:00,3669.1093415240025
2022-12-07 15:00:00,3610.753567434293
2022-12-07 16:00:00,3892.2650241366914
2022-12-07 17:00:00,4206.867351524563
2022-12-07 18:00:00,3872.2227994377145
2022-12-07 19:00:00,3958.4806599732733
2022-12-07 20:00:00,3816.5089583431272
2022-12-07 21:00:00,3439.9260078841326
2022-12-07 22:00:00,3645.0233796564257
2022-12-07 23:00:00,2910.915915424553
2022-12-08 00:00:00,2238.550280627823
2022-12-08 01:00:00,2330.8137937329548
2022-12-08 02:00:00,2437.645229557983
2022-12-08 03:00:00,2640.9116393279555
2022-12-08 04:00:00,3246.767262910906
2022-12-08 05:00:00,3290.9813181751783
2022-12-08 06:00:00,3674.0350003577837
2022-12-08 07:00:00,3983.872352720453
2022-12-08 08:00:00,4197.188226276824
2022-12-08 09:00:00,3863.7877838739464
2022-12-08 10:00:00,4217.671626792671
2022-12-08 11:00:00,3833.9711731008592
2022-12-08 12:00:00,3681.4110043518504
2022-12-08 13:00:00,3238.3864145644798
2022-12-08 14:00:00,3278.7740607896403
2022-12-08 15:00:00,3229.190334097505
2022-12-08 16:00:00,4031.2613676755154
2022-12-08 17:00:00,4027.276540091406
2022-12-08 18:00:00,4272.247104993554
2022-12-08 19:00:00,3552.1009451253726
2022-12-08 20:00:00,4000.362511099409
2022-12-08 21:00:00,3466.5181424523103
2022-12-08 22:00:00,3358.7596763238625
2022-12-08 23:00:00,2879.9002834600283
2022-12-09 00:00:00,2410.3940564470354
2022-12-09 01:00:00,2622.325056836333
2022-12-09 02:00:00,2763.3067142265745
2022-12-09 03:00:00,2782.0660260455115
2022-12-09 04:00:00,3147.573138177823
2022-12-09 05:00:00,3526.053389420338
2022-12-09 06:00:00,3967.6315730874367
2022-12-09 07:00:00,3893.1851464523993
2022-12-09 08:00:00,4279.485720576699
2022-12-09 09:00:00,4315.833167804407
2022-12-09 10:00:00,3690.2855012216824
2022-12-09 11:00:00,3764.659670298022
2022-12-09 12:00:00,3755.7716807902516
2022-12-09 13:00:00,3546.8211969115378
2022-12-09 14:00:00,3922.9807751249937
2022-12-09 15:00:00,3935.839875012077
2022-12-09 16:00:00,4068.8666345959455
2022-12-09 17:00:00,4064.2081844985983
2022-12-09 18:00:00,3519.399790860583
2022-12-09 19:00:00,4034.550754914529
2022-12-09 20:00:00,3828.0969257889847
2022-12-09 21:00:00,3702.0474995240124
2022-12-09 22:00:00,3304.4033681088504
2022-12-09 23:00:00,3041.2491057856796
2022-12-10 00:00:00,1991.3959198797393
2022-12-10 01:00:00,2087.0374889680375
2022-12-10 02:00:00,2394.228531394368
2022-12-10 03:00:00,2628.0569888862256
2022-12-10 04:00:00,2602.985036310871
2022-12-10 05:00:00,3047.3177732470817
2022-12-10 06:00:00,3234.9502839267348
2022-12-10 07:00:00,3433.4433297466726
2022-12-10 08:00:00,2975.2393715226112
2022-12-10 09:00:00,3319.6757995597413
2022-12-10 10:00:00,3955.0754412906103
2022-12-10 11:00:00,3310.060962093435
2022-12-10 12:00:00,2999.33497923943
2022-12-10 13:00:00,3141.070138254525
2022-12-10 14:00:00,3159.692327708026
2022-12-10 15:00:00,3675.090820403387
2022-12-10 16:00:00,3194.06258370581
2022-12-10 17:00:00,3526.7457067908767
2022-12-10 18:00:00,3508.857499736108
2022-12-10 19:00:00,3560.1351868133956
2022-12-10 20:00:00,3246.1849921137436
2022-12-10 21:00:00,2910.8354809097923
2022-12-10 22:00:00,2690.7196862203723
2022-12-10 23:00:00,2897.127437077042
2022-12-11 00:00:00,1927.9056805398995
2022-12-11 01:00:00,1737.801743374881
2022-12-11 02:00:00,2064.016510203743
2022-12-11 03:00:00,2127.807934715106
2022-12-11 04:00:00,2305.6481947699313
2022-12-11 05:00:00,2496.4197715722685
2022-12-11 06:00:00,2699.9756823052453
2022-12-11 07:00:00,3172.03202883467
2022-12-11 08:00:00,3029.3334624166364
2022-12-11 09:00:00,3147.695716400642
2022-12-11 10:00:00,2996.470153403299
2022-12-11 11:00:00,2984.856125475769
2022-12-11 12:00:00,2658.6136308581267
2022-12-11 13:00:00,2631.0763270947537
2022-12-11 14:00:00,2862.9236435321463
2022-12-11 15:00:00,3049.850835929098
2022-12-11 16:00:00,3047.5833653336786
2022-12-11 17:00:00,3058.4494435650613
2022-12-11 18:00:00,2835.7589723915826
2022-12-11 19:00:00,2902.0679972568673
2022-12-11 20:00:00,2985.046338489088
2022-12-11 21:00:00,2954.73639504236
2022-12-11 22:00:00,2472.7881569317606
2022-12-11 23:00:00,2540.2754627889294
2022-12-12 00:00:00,2422.903224841635
2022-12-12 01:00:00,2539.864356168302
2022-12-12 02:00:00,2614.014933371208
2022-12-12 03:00:00,2855.6328322666445
2022-12-12 04:00:00,3061.417810261224
2022-12-12 05:00:00,3527.56897902325
2022-12-12 06:00:00,3476.1903115739174
2022-12-12 07:00:00,3736.1626318974286
2022-12-12 08:00:00,4282.341589219687
2022-12-12 09:00:00,4108.832730023786
2022-12-12 10:00:00,3788.580089221496
2022-12-12 11:00:00,3653.3783076784307
2022-12-12 12:00:00,3696.5576513251885
2022-12-12 13:00:00,3392.4550231088815
2022-12-12 14:00:00,3861.0153971602713
2022-12-12 15:00:00,3926.6810395678135
2022-12-12 16:00:00,3747.8552105576405
2022-12-12 17:00:00,4019.9118138155054
2022-12-12 18:00:00,4084.8007174805366
2022-12-12 19:00:00,3959.1412730961897
2022-12-12 20:00:00,4256.766716881137
2022-12-12 21:00:00,3359.675448130969
2022-12-12 22:00:00,3185.730689068375
2022-12-12 23:00:00,3298.2830560034004
2022-12-13 00:00:00,2743.8484402907056
2022-12-13 01:00:00,2637.032728239038
2022-12-13 02:00:00,2741.456542946581
2022-12-13 03:00:00,2922.579600829655
2022-12-13 04:00:00,2984.7031107145335
2022-12-13 05:00:00,3518.3665938949707
2022-12-13 06:00:00,3677.4299938785493
2022-12-13 07:00:00,3997.6395978348637
2022-12-13 08:00:00,3818.673826504366
2022-12-13 09:00:00,3946.58912369247
2022-12-13 10:00:00,3666.062456519183
2022-12-13 11:00:00,3803.2310130079295
2022-12-13 12:00:00,3434.545859425192
2022-12-13 13:00:00,3507.446217715531
2022-12-13 14:00:00,3593.4606608382505
2022-12-13 15:00:00,3646.2928724462163
2022-12-13 16:00:00,3972.4331456293903
2022-12-13 17:00:00,4135.453265197756
2022-12-13 18:00:00,4194.643515355323
2022-12-13 19:00:00,4276.133774973039
2022-12-13 20:00:00,3845.9137167204062
2022-12-13 21:00:00,3993.0009231609924
2022-12-13 22:00:00,3664.5929017282942
2022-12-13 23:00:00,2945.1054552477485
2022-12-14 00:00:00,2525.4618843684325
2022-12-14 01:00:00,2589.9847719543523
2022-12-14 02:00:00,2476.425395739352
2022-12-14 03:00:00,3029.6126117334
2022-12-14 04:00:00,2977.958354094639
2022-12-14 05:00:00,3375.3106038376186
2022-12-14 06:00:00,3682.2079274740618
2022-12-14 07:00:00,3980.9500953738034
2022-12-14 08:00:00,4336.320616469632
2022-12-14 09:00:00,3819.5336642168068
2022-12-14 10:00:00,3988.0981767276326
2022-12-14 11:00:00,3926.3315760985756
2022-12-14 12:00:00,3693.7299064569515
2022-12-14 13:00:00,3737.9574283072848
2022-12-14 14:00:00,3254.049039301827
2022-12-14 15:00:00,3849.7192905529414
2022-12-14 16:00:00,3595.2673252054983
2022-12-14 17:00:00,3868.7441195423985
2022-12-14 18:00:00,4242.549667580024
2022-12-14 19:00:00,3504.430488340225
2022-12-14 20:00:00,3613.113834139708
2022-12-14 21:00:00,4042.573332066255
2022-12-14 22:00:00,3273.6393136139322
2022-12-14 23:00:00,3242.050598125413
2022-12-15 00:00:00,2740.2862029637467
2022-12-15 01:00:00,2538.224937150821
2022-12-15 02:00:00,2542.4687543004898
2022-12-15 03:00:00,2863.9819792617727
2022-12-15 04:00:00,3237.0655384456372
2022-12-15 05:00:00,3604.6232656091092
2022-12-15 06:00:00,3743.5878713089332
2022-12-15 07:00:00,4189.175659247477
2022-12-15 08:00:00,3871.281356494768
2022-12-15 09:00:00,4237.145711649053
2022-12-15 10:00:00,3774.7452150632857
2022-12-15 11:00:00,3928.4065333206654
2022-12-15 12:00:00,3751.209813625537
2022-12-15 13:00:00,3646.889574539964
2022-12-15 14:00:00,3588.9292734294004
2022-12-15 15:00:00,3729.959092633727
2022-12-15 16:00:00,3465.306046431453
2022-12-15 17:00:00,4069.2676138282886
2022-12-15 18:00:00,4442.383752575577
2022-12-15 19:00:00,4501.069645878893
2022-12-15 20:00:00,3762.203198916169
2022-12-15 21:00:00,3657.880833481882
2022-12-15 22:00:00,3282.364069304018
2022-12-15 23:00:00,3092.7441929180977
2022-12-16 00:00:00,2364.4024743988093
2022-12-16 01:00:00,2394.1289480829973
2022-12-16 02:00:00,2480.960273424338
2022-12-16 03:00:00,2916.8487657697815
2022-12-16 04:00:00,3340.177124637623
2022-12-16 05:00:00,3495.503334545968
2022-12-16 06:00:00,3881.3665870781465
2022-12-16 07:00:00,3770.5424534696017
2022-12-16 08:00:00,4169.310417094478
2022-12-16 09:00:00,4166.246465128832
2022-12-16 10:00:00,3901.030025171709
2022-12-16 11:00:00,3590.721359299946
2022-12-16 12:00:00,3448.2515673773983
2022-12-16 13:00:00,3354.311686873879
2022-12-16 14:00:00,3649.12342653238
2022-12-16 15:00:00,3774.805280016492
2022-12-16 16:00:00,4204.673775534118
2022-12-16 17:00:00,3886.4064907645034
2022-12-16 18:00:00,3876.033547988484
2022-12-16 19:00:00,3977.3519087017335
2022-12-16 20:00:00,3443.0102173418168
2022-12-16 21:00:00,3992.455330077158
2022-12-16 22:00:00,3244.466560293344
2022-12-16 23:00:00,3409.966043598063
2022-12-17 00:00:00,2230.378034453152
2022-12-17 01:00:00,2087.689691798039
2022-12-17 02:00:00,2101.431403322512
2022-12-17 03:00:00,2548.8865744135337
2022-12-17 04:00:00,2644.081174110048
2022-12-17 05:00:00,2971.7214565714094
2022-12-17 06:00:00,3264.25375576332
2022-12-17 07:00:00,3639.9101378681858
2022-12-17 08:00:00,3533.7120443454896
2022-12-17 09:00:00,3557.03567746764
2022-12-17 10:00:00,3435.618131681984
2022-12-17 11:00:00,3243.2600978441133
2022-12-17 12:00:00,3096.1442032096274
2022-12-17 13:00:00,3089.5706273560313
2022-12-17 14:00:00,3136.2975818388354
2022-12-17 15:00:00,3436.2663288019908
2022-12-17 16:00:00,3352.485634101778
2022-12-17 17:00:00,3530.2405393709028
2022-12-17 18:00:00,3313.2553960741334
2022-12-17 19:00:00,3401.434453554421
2022-12-17 20:00:00,3554.9949246107603
2022-12-17 21:00:00,3195.4059978163145
2022-12-17 22:00:00,3068.8285537848465
2022-12-17 23:00:00,2852.9888134839625
2022-12-18 00:00:00,1983.6739251046745
2022-12-18 01:00:00,1994.2246337904082
2022-12-18 02:00:00,1926.6227255269778
2022-12-18 03:00:00,2151.8944667446613
2022-12-18 04:00:00,2257.1572686238824
2022-12-18 05:00:00,2620.723760323154
2022-12-18 06:00:00,2923.257894598331
2022-12-18 07:00:00,2906.0768275627274
2022-12-18 08:00:00,3007.8537550394153
2022-12-18 09:00:00,3022.0826672876306
2022-12-18 10:00:00,3026.5310198644975
2022-12-18 11:00:00,3014.9365013028123
2022-12-18 12:00:00,2836.700197659778
2022-12-18 13:00:00,2633.840303503387
2022-12-18 14:00:00,2583.9701376601256
2022-12-18 15:00:00,2973.0425912261944
2022-12-18 16:00:00,2849.330809430602
2022-12-18 17:00:00,3214.7459289930493
2022-12-18 18:00:00,3096.1094599594476
2022-12-18 19:00:00,2795.537917921335
2022-12-18 20:00:00,3152.4487172791296
2022-12-18 21:00:00,2860.7266322164382
2022-12-18 22:00:00,2809.9500610641644
2022-12-18 23:00:00,2472.734327778998
2022-12-19 00:00:00,2245.938664498964
2022-12-19 01:00:00,2412.6111420645566
2022-12-19 02:00:00,2803.3358774912303
2022-12-19 03:00:00,2925.9043148415567
2022-12-19 04:00:00,3302.017666474085
2022-12-19 05:00:00,3548.379739790173
2022-12-19 06:00:00,3558.4618357389886
2022-12-19 07:00:00,4019.8550337855168
2022-12-19 08:00:00,3960.7820292409124
2022-12-19 09:00:00,4398.076845396498
2022-12-19 10:00:00,3873.1620686272354
2022-12-19 11:00:00,3756.759200205456
2022-12-19 12:00:00,3679.6031218554344
2022-12-19 13:00:00,3597.880687934695
2022-12-19 14:00:00,3486.4646619699147
2022-12-19 15:00:00,3731.794651193353
2022-12-19 16:00:00,4227.598660699177
2022-12-19 17:00:00,4063.1349320024246
2022-12-19 18:00:00,4097.258726257495
2022-12-19 19:00:00,3717.9313519981592
2022-12-19 20:00:00,3783.057891726761
2022-12-19 21:00:00,3699.5107231408056
2022-12-19 22:00:00,3813.6737747645043
2022-12-19 23:00:00,3255.325692238365
2022-12-20 00:00:00,2564.326014031729
2022-12-20 01:00:00,2342.2478136560176
2022-12-20 02:00:00,2638.1909269468747
2022-12-20 03:00:00,3057.533589638863
2022-12-20 04:00:00,3220.011668125455
2022-12-20 05:00:00,3318.62008497324
2022-12-20 06:00:00,3630.9849698325456
2022-12-20 07:00:00,4234.753269733293
2022-12-20 08:00:00,3998.4869160101985
2022-12-20 09:00:00,4305.936641276921
2022-12-20 10:00:00,4021.7119931851976
2022-12-20 11:00:00,3437.070077250624
2022-12-20 12:00:00,3749.0017991132654
2022-12-20 13:00:00,3611.0118745467444
2022-12-20 14:00:00,3635.1848391611124
2022-12-20 15:00:00,4111.241271783491
2022-12-20 16:00:00,4042.690233622262
2022-12-20 17:00:00,4189.013324548249
2022-12-20 18:00:00,3966.274073972064
2022-12-20 19:00:00,4124.749697551556
2022-12-20 20:00:00,3788.214066390405
2022-12-20 21:00:00,4088.201128988234
2022-12-20 22:00:00,3290.7187195736246
2022-12-20 23:00:00,3691.844823409328
2022-12-21 00:00:00,2546.9296595826017
2022-12-21 01:00:00,2486.4995735452717
2022-12-21 02:00:00,2844.2998695859033
2022-12-21 03:00:00,2640.979850018156
2022-12-21 04:00:00,3151.03109453424
2022-12-21 05:00:00,3780.586415307119
2022-12-21 06:00:00,3589.757530133162
2022-12-21 07:00:00,4284.5581636551215
2022-12-21 08:00:00,4169.069172797455
2022-12-21 09:00:00,4032.388564290202
2022-12-21 10:00:00,3908.552518374679
2022-12-21 11:00:00,3690.9050788666973
2022-12-21 12:00:00,3641.785711792736
2022-12-21 13:00:00,3706.576642054741
2022-12-21 14:00:00,3387.0787869253563
2022-12-21 15:00:00,4130.501141654988
2022-12-21 16:00:00,3883.8907329846475
2022-12-21 17:00:00,4154.920389653081
2022-12-21 18:00:00,4162.048373359118
2022-12-21 19:00:00,4083.348233840365
2022-12-21 20:00:00,3889.0085915180675
2022-12-21 21:00:00,3994.2966899832068
2022-12-21 22:00:00,3432.039725502442
2022-12-21 23:00:00,3092.5150097268643
2022-12-22 00:00:00,2439.5025580209804
2022-12-22 01:00:00,2841.66597118119
2022-12-22 02:00:00,2686.7054803717137
2022-12-22 03:00:00,2842.7589459493793
2022-12-22 04:00:00,3154.281367962126
2022-12-22 05:00:00,3344.50454528927
2022-12-22 06:00:00,3706.40492013009
2022-12-22 07:00:00,3821.8535891954593
2022-12-22 08:00:00,3963.2485191433184
2022-12-22 09:00:00,4220.574951553615
2022-12-22 10:00:00,3787.0834860339223
2022-12-22 11:00:00,3746.83307640364
2022-12-22 12:00:00,3454.110509846625
2022-12-22 13:00:00,3400.6495557743715
2022-12-22 14:00:00,3634.1789467587746
2022-12-22 15:00:00,4230.673830216172
2022-12-22 16:00:00,3951.2364725075035
2022-12-22 17:00:00,4094.0854123120766
2022-12-22 18:00:00,3921.391281013771
2022-12-22 19:00:00,3653.756543507578
2022-12-22 20:00:00,3665.6291280718324
2022-12-22 21:00:00,3601.0722738163054
2022-12-22 22:00:00,3456.6206798956714
2022-12-22 23:00:00,3178.729634398211
2022-12-23 00:00:00,2445.2239226395145
2022-12-23 01:00:00,2541.3252693995328
2022-12-23 02:00:00,2678.921173862923
2022-12-23 03:00:00,2879.2254878735566
2022-12-23 04:00:00,3158.3341972256703
2022-12-23 05:00:00,3350.774531707448
2022-12-23 06:00:00,3587.00937923159
2022-12-23 07:00:00,4168.97355494951
2022-12-23 08:00:00,3863.7926939572685
2022-12-23 09:00:00,4394.3168076509455
2022-12-23 10:00:00,4119.418111797366
2022-12-23 11:00:00,3749.4396208631442
2022-12-23 12:00:00,3212.234163109981
2022-12-23 13:00:00,3592.9819225949072
2022-12-23 14:00:00,3937.6079758112173
2022-12-23 15:00:00,3756.843541265201
2022-12-23 16:00:00,3310.0330824343187
2022-12-23 17:00:00,4456.0903437907255
2022-12-23 18:00:00,4317.927848440139
2022-12-23 19:00:00,3982.676811894916
2022-12-23 20:00:00,3732.34753198021
2022-12-23 21:00:00,3765.195223733299
2022-12-23 22:00:00,3610.5852802375775
2022-12-23 23:00:00,3189.498667049802
2022-12-24 00:00:00,2072.59309992483
2022-12-24 01:00:00,2124.1984126671823
2022-12-24 02:00:00,1990.9229677690726
2022-12-24 03:00:00,2409.946090389269
2022-12-24 04:00:00,2594.735426979018
2022-12-24 05:00:00,2962.571638904684
2022-12-24 06:00:00,3102.012628125833
2022-12-24 07:00:00,3333.350386632892
2022-12-24 08:00:00,3330.204578444054
2022-12-24 09:00:00,3347.0651103126847
2022-12-24 10:00:00,3527.1570135717548
2022-12-24 11:00:00,2952.694380662928
2022-12-24 12:00:00,3056.425919471219
2022-12-24 13:00:00,3093.7750866574265
2022-12-24 14:00:00,3237.9298606911666
2022-12-24 15:00:00,3132.1811858464066
2022-12-24 16:00:00,3235.543877352131
2022-12-24 17:00:00,3467.0750726381007
2022-12-24 18:00:00,3311.8767058608037
2022-12-24 19:00:00,3400.7935361668856
2022-12-24 20:00:00,3317.5192969031777
2022-12-24 21:00:00,3186.480289613644
2022-12-24 22:00:00,3015.8907145473027
2022-12-24 23:00:00,3077.142649670895
2022-12-25 00:00:00,1817.280459478904
2022-12-25 01:00:00,1795.407566603568
2022-12-25 02:00:00,2160.700269359712
2022-12-25 03:00:00,2184.635586248266
2022-12-25 04:00:00,2452.190516602932
2022-12-25 05:00:00,2470.9212395827135
2022-12-25 06:00:00,2844.3203035836364
2022-12-25 07:00:00,3122.793835876271
2022-12-25 08:00:00,3056.689265228966
2022-12-25 09:00:00,3073.796684244453
2022-12-25 10:00:00,3177.1754705347525
2022-12-25 11:00:00,2816.8141989167902
2022-12-25 12:00:00,2886.49978374567
2022-12-25 13:00:00,2654.715161478527
2022-12-25 14:00:00,3017.8799509828145
2022-12-25 15:00:00,2706.215076936941
2022-12-25 16:00:00,3209.1995294555763
2022-12-25 17:00:00,3232.9824664217795
2022-12-25 18:00:00,3310.162068561801
2022-12-25 19:00:00,3140.2556132217173
2022-12-25 20:00:00,3133.942428149474
2022-12-25 21:00:00,2969.772596671289
2022-12-25 22:00:00,2682.2233840148388
2022-12-25 23:00:00,2379.066090133186
2022-12-26 00:00:00,2259.5278979174673
2022-12-26 01:00:00,2530.4579433998592
2022-12-26 02:00:00,2718.539762696529
2022-12-26 03:00:00,3032.7409764204535
2022-12-26 04:00:00,2835.713956103364
2022-12-26 05:00:00,3348.8619718455107
2022-12-26 06:00:00,3676.0858780471003
2022-12-26 07:00:00,4131.18678601344
2022-12-26 08:00:00,4113.473188341742
2022-12-26 09:00:00,3921.674926508614
2022-12-26 10:00:00,3996.4887240779663
2022-12-26 11:00:00,3682.760848383506
2022-12-26 12:00:00,4056.133771441121
2022-12-26 13:00:00,3685.0688638717297
2022-12-26 14:00:00,3749.7482737977175
2022-12-26 15:00:00,3916.5491136148376
2022-12-26 16:00:00,4121.133835885224
2022-12-26 17:00:00,4096.861244078649
2022-12-26 18:00:00,4172.47231204669
2022-12-26 19:00:00,4129.709843113374
2022-12-26 20:00:00,4128.597113807221
2022-12-26 21:00:00,3960.4365548887668
2022-12-26 22:00:00,3391.503058428417
2022-12-26 23:00:00,3348.5954691220477
2022-12-27 00:00:00,2528.478307428264
2022-12-27 01:00:00,2637.1687257556177
2022-12-27 02:00:00,2600.390714240785
2022-12-27 03:00:00,2870.9803531247935
2022-12-27 04:00:00,3092.0956109969525
2022-12-27 05:00:00,3724.1492162583095
2022-12-27 06:00:00,3662.1912572056913
2022-12-27 07:00:00,3958.977392005301
2022-12-27 08:00:00,4140.527722906933
2022-12-27 09:00:00,3878.8353814294937
2022-12-27 10:00:00,3996.8194021281083
2022-12-27 11:00:00,3920.712300884359
2022-12-27 12:00:00,3691.8686721264353
2022-12-27 13:00:00,3681.1265893299596
2022-12-27 14:00:00,3627.0968770552154
2022-12-27 15:00:00,3523.459141407356
2022-12-27 16:00:00,4089.3065441341214
2022-12-27 17:00:00,4159.078169941572
2022-12-27 18:00:00,4019.798674714937
2022-12-27 19:00:00,4084.4367535127044
2022-12-27 20:00:00,3837.5201151036663
2022-12-27 21:00:00,3924.5771910646936
2022-12-27 22:00:00,3242.84548999949
2022-12-27 23:00:00,3507.5092915061746
2022-12-28 00:00:00,2550.201641823423
2022-12-28 01:00:00,2625.7712764451344
2022-12-28 02:00:00,2679.3105846684757
2022-12-28 03:00:00,2806.0442880261135
2022-12-28 04:00:00,3281.1586481281447
2022-12-28 05:00:00,3361.0005114930505
2022-12-28 06:00:00,4002.2422826367665
2022-12-28 07:00:00,3791.4716417950476
2022-12-28 08:00:00,4298.849412244621
2022-12-28 09:00:00,4014.682525065223
2022-12-28 10:00:00,4120.808948725688
2022-12-28 11:00:00,3840.8712350219034
2022-12-28 12:00:00,3910.398882671969
2022-12-28 13:00:00,3660.8115222267547
2022-12-28 14:00:00,3159.1795159932576
2022-12-28 15:00:00,3892.812616100487
2022-12-28 16:00:00,3725.7175446394112
2022-12-28 17:00:00,4165.565466967901
2022-12-28 18:00:00,4369.50911093066
2022-12-28 19:00:00,4022.859837680146
2022-12-28 20:00:00,3884.3041020471915
2022-12-28 21:00:00,3590.1790185337695
2022-12-28 22:00:00,3636.129292470783
2022-12-28 23:00:00,3131.719576095495
2022-12-29 00:00:00,2555.5316294231757
2022-12-29 01:00:00,2558.5344318879575
2022-12-29 02:00:00,2734.362493557738
2022-12-29 03:00:00,2807.161405770873
2022-12-29 04:00:00,3375.27470636631
2022-12-29 05:00:00,3816.5601490995846
2022-12-29 06:00:00,3716.8431684688026
2022-12-29 07:00:00,4065.01402553415
2022-12-29 08:00:00,4469.449428682724
2022-12-29 09:00:00,4078.3960193620223
2022-12-29 10:00:00,4248.655495150676
2022-12-29 11:00:00,4204.400336754027
2022-12-29 12:00:00,3275.04477748228
2022-12-29 13:00:00,3401.439472056756
2022-12-29 14:00:00,3501.5257910053433
2022-12-29 15:00:00,3986.306177703875
2022-12-29 16:00:00,4157.26008500387
2022-12-29 17:00:00,4027.1194210952513
2022-12-29 18:00:00,4675.444922308711
2022-12-29 19:00:00,4095.433044358667
2022-12-29 20:00:00,3912.4824818523384
2022-12-29 21:00:00,3773.4454634670774
2022-12-29 22:00:00,3414.056001898473
2022-12-29 23:00:00,3426.6879714567986
2022-12-30 00:00:00,2588.872175099775
2022-12-30 01:00:00,2673.2131811434588
2022-12-30 02:00:00,2616.5207798259394
2022-12-30 03:00:00,2903.961009459
2022-12-30 04:00:00,3038.333608948094
2022-12-30 05:00:00,3487.8049289245487
2022-12-30 06:00:00,3936.764727229817
2022-12-30 07:00:00,3730.5430400639543
2022-12-30 08:00:00,4423.756770659368
2022-12-30 09:00:00,4164.130448296297
2022-12-30 10:00:00,4248.613677302447
2022-12-30 11:00:00,3676.951766112283
2022-12-30 12:00:00,3670.1920395161756
2022-12-30 13:00:00,3407.114129060206
2022-12-30 14:00:00,3671.5452277285885
2022-12-30 15:00:00,3779.9061377481175
2022-12-30 16:00:00,4151.998988883006
2022-12-30 17:00:00,4331.317966436359
2022-12-30 18:00:00,4332.006030284881
2022-12-30 19:00:00,3998.265753627895
2022-12-30 20:00:00,3877.45315105978
2022-12-30 21:00:00,3386.132080804167
2022-12-30 22:00:00,3477.55004189796
2022-12-30 23:00:00,3218.5791893423416
2022-12-31 00:00:00,1937.1638021826402
2022-12-31 01:00:00,2250.048430989548
2022-12-31 02:00:00,2392.318640434902
2022-12-31 03:00:00,2663.5671374101285
2022-12-31 04:00:00,2815.752133996124
2022-12-31 05:00:00,2729.1249605600706
2022-12-31 06:00:00,3148.5946083346635
2022-12-31 07:00:00,3623.060553627143
2022-12-31 08:00:00,3746.61490407044
2022-12-31 09:00:00,3582.790070463454
2022-12-31 10:00:00,3614.9938944795745
2022-12-31 11:00:00,3136.7693203049002
2022-12-31 12:00:00,3077.596178620344
2022-12-31 13:00:00,3015.175280457774
2022-12-31 14:00:00,2950.184163827871
2022-12-31 15:00:00,3329.10296671389
2022-12-31 16:00:00,3386.561847584383
2022-12-31 17:00:00,3473.5012078066125
2022-12-31 18:00:00,3370.5341921539543
2022-12-31 19:00:00,3697.163637568071
2022-12-31 20:00:00,3425.030174122338
2022-12-31 21:00:00,3176.614980097631
2022-12-31 22:00:00,2805.0160851566848
2022-12-31 23:00:00,2868.7554178131263
2023-01-01 00:00:00,2050.889985514701
2023-01-01 01:00:00,1955.577009136923
2023-01-01 02:00:00,1889.4606455785636
2023-01-01 03:00:00,2225.986772391621
2023-01-01 04:00:00,2403.6642862158583
2023-01-01 05:00:00,2682.635141446949
2023-01-01 06:00:00,2735.425452357785
2023-01-01 07:00:00,3096.2017290497856
2023-01-01 08:00:00,2970.0679461166233
2023-01-01 09:00:00,3207.8829017055195
2023-01-01 10:00:00,3126.7695187628706
2023-01-01 11:00:00,2914.5440126745257
2023-01-01 12:00:00,2978.07463687946
2023-01-01 13:00:00,2929.7575013376613
2023-01-01 14:00:00,2926.9671246131893
2023-01-01 15:00:00,3224.430200786059
2023-01-01 16:00:00,3214.4429239928545
2023-01-01 17:00:00,3230.8103334411153
2023-01-01 18:00:00,3381.0500328505364
2023-01-01 19:00:00,3038.671036926214
2023-01-01 20:00:00,3127.335933764424
2023-01-01 21:00:00,2937.5999398781832
2023-01-01 22:00:00,2704.267242186907
2023-01-01 23:00:00,2294.139922169099
2023-01-02 00:00:00,2356.7666156174137
2023-01-02 01:00:00,2679.8045563344667
2023-01-02 02:00:00,2897.8534200378285
2023-01-02 03:00:00,2838.30736663256
2023-01-02 04:00:00,3563.6822791875297
2023-01-02 05:00:00,3352.7762922373695
2023-01-02 06:00:00,4025.303347816838
2023-01-02 07:00:00,4172.05438044664
2023-01-02 08:00:00,4707.316977008333
2023-01-02 09:00:00,4280.189042294138
2023-01-02 10:00:00,4323.404451512
2023-01-02 11:00:00,4236.000923586335
2023-01-02 12:00:00,3897.0609979545493
2023-01-02 13:00:00,3448.629256235071
2023-01-02 14:00:00,3886.5121250147563
2023-01-02 15:00:00,3606.497471914487
2023-01-02 16:00:00,4243.5764648314025
2023-01-02 17:00:00,4163.732677612252
2023-01-02 18:00:00,4495.354603773526
2023-01-02 19:00:00,4191.08781723209
2023-01-02 20:00:00,4078.3852681408894
2023-01-02 21:00:00,3457.6112641507284
2023-01-02 22:00:00,3441.970760250383
2023-01-02 23:00:00,3249.9562848555393
2023-01-03 00:00:00,2568.4368573675047
2023-01-03 01:00:00,2548.7620631795126
2023-01-03 02:00:00,2669.742734299307
2023-01-03 03:00:00,2875.988245847578
2023-01-03 04:00:00,3487.747674203827
2023-01-03 05:00:00,3594.792515787925
2023-01-03 06:00:00,4023.371997246255
2023-01-03 07:00:00,4296.129967182047
2023-01-03 08:00:00,4194.200315519875
2023-01-03 09:00:00,4540.261221027474
2023-01-03 10:00:00,4170.250664172599
2023-01-03 11:00:00,3668.3414356760427
2023-01-03 12:00:00,3421.2310117189795
2023-01-03 13:00:00,3863.3886172009097
2023-01-03 14:00:00,3733.4999663647136
2023-01-03 15:00:00,4181.037260837177
2023-01-03 16:00:00,3841.7981402290798
2023-01-03 17:00:00,4392.225102466508
2023-01-03 18:00:00,4234.735508949966
2023-01-03 19:00:00,4043.2843445144927
2023-01-03 20:00:00,3958.8326053989376
2023-01-03 21:00:00,3693.9548496791704
2023-01-03 22:00:00,3656.600267631382
2023-01-03 23:00:00,3491.90798416756
2023-01-04 00:00:00,2650.451532960581
2023-01-04 01:00:00,2461.846319370274
2023-01-04 02:00:00,2883.3999063730785
2023-01-04 03:00:00,3126.733930999146
2023-01-04 04:00:00,3069.9301842575064
2023-01-04 05:00:00,3595.8219377465725
2023-01-04 06:00:00,3663.6235195706345
2023-01-04 07:00:00,4330.254324805102
2023-01-04 08:00:00,4204.424204653067
2023-01-04 09:00:00,4616.402706779076
2023-01-04 10:00:00,4059.473351743569
2023-01-04 11:00:00,4115.976922485315
2023-01-04 12:00:00,3572.147844635441
2023-01-04 13:00:00,3890.7997270857823
2023-01-04 14:00:00,3827.349908349619
2023-01-04 15:00:00,3915.0016370271615
2023-01-04 16:00:00,4052.616433392645
2023-01-04 17:00:00,3935.449732808408
2023-01-04 18:00:00,4657.835824106954
2023-01-04 19:00:00,4284.796352706833
2023-01-04 20:00:00,3596.0509485608854
2023-01-04 21:00:00,3913.1420181873646
2023-01-04 22:00:00,3302.5309064470925
2023-01-04 23:00:00,3610.550478961939
2023-01-05 00:00:00,2451.2909547616187
2023-01-05 01:00:00,2624.5134633907273
2023-01-05 02:00:00,2797.2550665335257
2023-01-05 03:00:00,3002.8659382026062
2023-01-05 04:00:00,3047.2307344316855
2023-01-05 05:00:00,3611.4462579566543
2023-01-05 06:00:00,3910.013687529422
2023-01-05 07:00:00,4041.818982163653
2023-01-05 08:00:00,4327.063948283046
2023-01-05 09:00:00,3911.18373073037
2023-01-05 10:00:00,4320.524277126222
2023-01-05 11:00:00,3916.7859133766865
2023-01-05 12:00:00,3645.182438696149
2023-01-05 13:00:00,3674.2976458571407
2023-01-05 14:00:00,4208.826278892536
2023-01-05 15:00:00,3814.408446637342
2023-01-05 16:00:00,4278.748121579306
2023-01-05 17:00:00,4310.056267023986
2023-01-05 18:00:00,4074.709352830807
2023-01-05 19:00:00,4131.721095824485
2023-01-05 20:00:00,3953.3508659800136
2023-01-05 21:00:00,3861.4502362547746
2023-01-05 22:00:00,3512.3491783805357
2023-01-05 23:00:00,2770.6506357939215
2023-01-06 00:00:00,2495.7593372358374
2023-01-06 01:00:00,2765.0388730530312
2023-01-06 02:00:00,2890.263147298424
2023-01-06 03:00:00,3185.446889035324
2023-01-06 04:00:00,3125.957970082778
2023-01-06 05:00:00,3490.654350643427
2023-01-06 06:00:00,3836.147532918022
2023-01-06 07:00:00,4011.5798890569044
2023-01-06 08:00:00,4517.207420038435
2023-01-06 09:00:00,4423.076234659702
2023-01-06 10:00:00,4183.748844610511
2023-01-06 11:00:00,3658.0997735421897
2023-01-06 12:00:00,3692.7400020322334
2023-01-06 13:00:00,3861.4946775135013
2023-01-06 14:00:00,3983.7188086978094
2023-01-06 15:00:00,4114.384570647049
2023-01-06 16:00:00,3509.2219414033816
2023-01-06 17:00:00,4174.564229114114
2023-01-06 18:00:00,4058.555220967957
2023-01-06 19:00:00,4299.905936411708
2023-01-06 20:00:00,4423.075697946455
2023-01-06 21:00:00,3738.6731961811793
2023-01-06 22:00:00,3377.6897339964958
2023-01-06 23:00:00,3332.14571768828
2023-01-07 00:00:00,2186.6411050663746
2023-01-07 01:00:00,2348.3532611825867
2023-01-07 02:00:00,2220.169125690771
2023-01-07 03:00:00,2550.5917092448653
2023-01-07 04:00:00,2573.863151313812
2023-01-07 05:00:00,3187.279689751323
2023-01-07 06:00:00,3257.5459126982223
2023-01-07 07:00:00,3835.4726240894897
2023-01-07 08:00:00,3415.89039207717
2023-01-07 09:00:00,3428.750414388056
2023-01-07 10:00:00,3721.8244336733596
2023-01-07 11:00:00,3476.5750978928677
2023-01-07 12:00:00,3375.859902141573
2023-01-07 13:00:00,3161.3945017524525
2023-01-07 14:00:00,3208.473773449424
2023-01-07 15:00:00,3447.6362347070285
2023-01-07 16:00:00,3865.0317170915087
2023-01-07 17:00:00,3688.3038349581057
2023-01-07 18:00:00,3373.4449661164367
2023-01-07 19:00:00,3291.1795485781454
2023-01-07 20:00:00,3414.6010449183245
2023-01-07 21:00:00,3440.549633699058
2023-01-07 22:00:00,3314.0473581518618
2023-01-07 23:00:00,2821.5520455067403
2023-01-08 00:00:00,2052.926040710134
2023-01-08 01:00:00,2027.0349553611275
2023-01-08 02:00:00,1947.4044996692971
2023-01-08 03:00:00,2245.6751717479247
2023-01-08 04:00:00,2408.0027480296694
2023-01-08 05:00:00,3051.301185547006
2023-01-08 06:00:00,2957.083722949675
2023-01-08 07:00:00,3388.192276879522
2023-01-08 08:00:00,3219.077836194533
2023-01-08 09:00:00,3500.528054437771
2023-01-08 10:00:00,3060.4158361337713
2023-01-08 11:00:00,3339.6889389268395
2023-01-08 12:00:00,2931.4558805534834
2023-01-08 13:00:00,2709.8062172771665
2023-01-08 14:00:00,2792.8318290126945
2023-01-08 15:00:00,3081.5225130382682
2023-01-08 16:00:00,3121.602090209536
2023-01-08 17:00:00,3243.975885659436
2023-01-08 18:00:00,3442.682038671879
2023-01-08 19:00:00,3377.77804279976
2023-01-08 20:00:00,2924.755390262288
2023-01-08 21:00:00,2920.0259870787486
2023-01-08 22:00:00,2627.5975743337635
2023-01-08 23:00:00,2271.1353734854265
2023-01-09 00:00:00,2650.3080440878966
2023-01-09 01:00:00,2819.5218769164903
2023-01-09 02:00:00,2751.0381594040605
2023-01-09 03:00:00,2987.3379330660828
2023-01-09 04:00:00,3418.696415364031
2023-01-09 05:00:00,3698.328070854948
2023-01-09 06:00:00,3772.516647259648
2023-01-09 07:00:00,4023.428909890162
2023-01-09 08:00:00,4452.8719092129
2023-01-09 09:00:00,4459.4498382780175
2023-01-09 10:00:00,4291.521020516262
2023-01-09 11:00:00,4196.23912500193
2023-01-09 12:00:00,4123.878699178885
2023-01-09 13:00:00,3595.061213897777
2023-01-09 14:00:00,3672.2562011343593
2023-01-09 15:00:00,3849.633917632227
2023-01-09 16:00:00,4163.181151262777
2023-01-09 17:00:00,4152.51845261497
2023-01-09 18:00:00,4594.0122835211405
2023-01-09 19:00:00,4566.05059297553
2023-01-09 20:00:00,4168.88206206303
2023-01-09 21:00:00,3697.8511184516883
2023-01-09 22:00:00,3729.4354506877366
2023-01-09 23:00:00,3321.7888191125535
2023-01-10 00:00:00,2650.7238216629357
2023-01-10 01:00:00,2736.4904985030976
2023-01-10 02:00:00,2729.837720551501
2023-01-10 03:00:00,2785.1069198858804
2023-01-10 04:00:00,2940.273715526414
2023-01-10 05:00:00,3618.936141530242
2023-01-10 06:00:00,4210.355315999332
2023-01-10 07:00:00,4563.2730036697985
2023-01-10 08:00:00,4218.200278688121
2023-01-10 09:00:00,4070.275400598305
2023-01-10 10:00:00,4099.520425432703
2023-01-10 11:00:00,3751.676335956517
2023-01-10 12:00:00,4116.349113713243
2023-01-10 13:00:00,3678.146810539932
2023-01-10 14:00:00,3466.051897272296
2023-01-10 15:00:00,4250.083333831522
2023-01-10 16:00:00,4223.488033745712
2023-01-10 17:00:00,3997.153159852071
2023-01-10 18:00:00,4244.866797081286
2023-01-10 19:00:00,4306.23527328749
2023-01-10 20:00:00,3638.334171902885
2023-01-10 21:00:00,3666.4561191369453
2023-01-10 22:00:00,3551.124064647966
2023-01-10 23:00:00,3437.980512500819
2023-01-11 00:00:00,2631.5838557328448
2023-01-11 01:00:00,2865.6447556412595
2023-01-11 02:00:00,2618.6715888904055
2023-01-11 03:00:00,2859.3795967481815
2023-01-11 04:00:00,3613.5692754742013
2023-01-11 05:00:00,3420.3373747915225
2023-01-11 06:00:00,4206.107303932466
2023-01-11 07:00:00,4206.5351916326445
2023-01-11 08:00:00,4455.453295305432
2023-01-11 09:00:00,4471.902458558869
2023-01-11 10:00:00,4137.881283573611
2023-01-11 11:00:00,3649.07320001546
2023-01-11 12:00:00,3595.0044116083077
2023-01-11 13:00:00,3720.3820569717545
2023-01-11 14:00:00,3748.1235395279773
2023-01-11 15:00:00,3887.3239448126424
2023-01-11 16:00:00,4070.0883578308926
2023-01-11 17:00:00,4451.737786556641
2023-01-11 18:00:00,4261.895920338358
2023-01-11 19:00:00,4683.553589403197
2023-01-11 20:00:00,3930.108433968159
2023-01-11 21:00:00,3785.420410177377
2023-01-11 22:00:00,3609.9972369722695
2023-01-11 23:00:00,3561.502480613654
2023-01-12 00:00:00,2631.961259296923
2023-01-12 01:00:00,2473.5123314210596
2023-01-12 02:00:00,2460.750529327993
2023-01-12 03:00:00,2739.438744998625
2023-01-12 04:00:00,3176.0740311458158
2023-01-12 05:00:00,3475.705629381549
2023-01-12 06:00:00,4076.1756782055368
2023-01-12 07:00:00,4128.64663362111
2023-01-12 08:00:00,4045.5725564720206
2023-01-12 09:00:00,4446.281457318663
2023-01-12 10:00:00,3734.8667612564354
2023-01-12 11:00:00,3944.3019721551723
2023-01-12 12:00:00,3687.3112950002414
2023-01-12 13:00:00,3652.550916039698
2023-01-12 14:00:00,4015.017942826298
2023-01-12 15:00:00,4189.45600951057
2023-01-12 16:00:00,3804.4334593768303
2023-01-12 17:00:00,4274.706885000599
2023-01-12 18:00:00,4435.812866629171
2023-01-12 19:00:00,4385.776905701232
2023-01-12 20:00:00,4099.021055641513
2023-01-12 21:00:00,3729.103283073725
2023-01-12 22:00:00,3544.3500809322286
2023-01-12 23:00:00,3291.8111886855017
2023-01-13 00:00:00,2406.637949398416
2023-01-13 01:00:00,2706.6426506984994
2023-01-13 02:00:00,2726.0414665678436
2023-01-13 03:00:00,2797.6211229301352
2023-01-13 04:00:00,2931.400380417847
2023-01-13 05:00:00,3611.744802445041
2023-01-13 06:00:00,3749.797832226519
2023-01-13 07:00:00,3912.56737148801
2023-01-13 08:00:00,4563.481024789354
2023-01-13 09:00:00,3878.055407867504
2023-01-13 10:00:00,4177.928708844774
2023-01-13 11:00:00,4034.6364193368136
2023-01-13 12:00:00,3772.631118822443
2023-01-13 13:00:00,3855.3669041971675
2023-01-13 14:00:00,4112.472047831288
2023-01-13 15:00:00,3901.694627851062
2023-01-13 16:00:00,3838.2459175499
2023-01-13 17:00:00,4069.543628900729
2023-01-13 18:00:00,4332.230076035082
2023-01-13 19:00:00,4280.206824861994
2023-01-13 20:00:00,4002.742298557508
2023-01-13 21:00:00,4067.1028592924126
2023-01-13 22:00:00,3527.7810558811148
2023-01-13 23:00:00,3498.7131429929227
2023-01-14 00:00:00,2083.1375502897813
2023-01-14 01:00:00,2146.3455223317496
2023-01-14 02:00:00,2239.754897351922
2023-01-14 03:00:00,2656.9448467217712
2023-01-14 04:00:00,2607.5928150641403
2023-01-14 05:00:00,2827.286113927727
2023-01-14 06:00:00,3653.0153700377136
2023-01-14 07:00:00,3481.4677780664665
2023-01-14 08:00:00,3644.604621790443
2023-01-14 09:00:00,3622.1539753220873
2023-01-14 10:00:00,3532.2905988322354
2023-01-14 11:00:00,3263.3046183703977
2023-01-14 12:00:00,3008.579357931423
2023-01-14 13:00:00,3186.9431581425424
2023-01-14 14:00:00,3289.728497872403
2023-01-14 15:00:00,3479.4659799021947
2023-01-14 16:00:00,3712.184740387448
2023-01-14 17:00:00,3403.334606012652
2023-01-14 18:00:00,3424.4347882289053
2023-01-14 19:00:00,3566.3092031339597
2023-01-14 20:00:00,3436.488803703184
2023-01-14 21:00:00,3586.1655327718386
2023-01-14 22:00:00,3262.9903428691673
2023-01-14 23:00:00,2803.14358960185
2023-01-15 00:00:00,1893.5960305092415
2023-01-15 01:00:00,2034.9213444013599
2023-01-15 02:00:00,1933.94198775898
2023-01-15 03:00:00,2364.665689940295
2023-01-15 04:00:00,2468.333080595608
2023-01-15 05:00:00,2792.8893140533087
2023-01-15 06:00:00,2868.797292236584
2023-01-15 07:00:00,3063.361858822499
2023-01-15 08:00:00,3635.6245958053646
2023-01-15 09:00:00,3205.8993811229684
2023-01-15 10:00:00,3277.3390179794237
2023-01-15 11:00:00,3042.0196115024655
2023-01-15 12:00:00,3058.5465997140204
2023-01-15 13:00:00,2824.083001068332
2023-01-15 14:00:00,3038.963215992221
2023-01-15 15:00:00,3242.2296522447477
2023-01-15 16:00:00,3317.339693306335
2023-01-15 17:00:00,3332.0268728766378
2023-01-15 18:00:00,3339.282114052823
2023-01-15 19:00:00,3064.5921894480907
2023-01-15 20:00:00,2839.5863238009815
2023-01-15 21:00:00,2916.0195735669654
2023-01-15 22:00:00,2540.9021744802035
2023-01-15 23:00:00,2506.793173980904
2023-01-16 00:00:00,2674.2983720016605
2023-01-16 01:00:00,2629.020491117091
2023-01-16 02:00:00,2613.02669855101
2023-01-16 03:00:00,2848.3903474722943
2023-01-16 04:00:00,3581.1219133849618
2023-01-16 05:00:00,3715.7897361108044
2023-01-16 06:00:00,4112.072328658858
2023-01-16 07:00:00,4281.594163724624
2023-01-16 08:00:00,4251.47712152479
2023-01-16 09:00:00,4098.39249868459
2023-01-16 10:00:00,4374.868500233282
2023-01-16 11:00:00,4117.532748568126
2023-01-16 12:00:00,3620.578225570125
2023-01-16 13:00:00,3787.6818617398512
2023-01-16 14:00:00,3765.979084593193
2023-01-16 15:00:00,3832.7213690951417
2023-01-16 16:00:00,4216.927380030419
2023-01-16 17:00:00,4145.681580077698
2023-01-16 18:00:00,4299.143885586776
2023-01-16 19:00:00,4162.57387268135
2023-01-16 20:00:00,4122.934051535283
2023-01-16 21:00:00,3824.5311790850233
2023-01-16 22:00:00,3309.19285241076
2023-01-16 23:00:00,3267.6486910371673
2023-01-17 00:00:00,2431.70629190961
2023-01-17 01:00:00,2148.287141616556
2023-01-17 02:00:00,2801.3629300994444
2023-01-17 03:00:00,3094.6044571380953
2023-01-17 04:00:00,3032.3156311916423
2023-01-17 05:00:00,3324.5959129443913
2023-01-17 06:00:00,4159.3995672798565
2023-01-17 07:00:00,3953.689192860334
2023-01-17 08:00:00,4316.48265022494
2023-01-17 09:00:00,3921.5892395642545
2023-01-17 10:00:00,3785.541447813899
2023-01-17 11:00:00,3788.0210933956014
2023-01-17 12:00:00,4177.5194549272355
2023-01-17 13:00:00,3814.888969413823
2023-01-17 14:00:00,3672.1551331921173
2023-01-17 15:00:00,4003.700135018248
2023-01-17 16:00:00,4276.9677863900815
2023-01-17 17:00:00,4292.497656676524
2023-01-17 18:00:00,3997.729571155723
2023-01-17 19:00:00,4335.540103716909
2023-01-17 20:00:00,4090.088694905204
2023-01-17 21:00:00,3807.252286354053
2023-01-17 22:00:00,3467.748377443624
2023-01-17 23:00:00,3129.858146773635
2023-01-18 00:00:00,2740.7625827745314
2023-01-18 01:00:00,2651.1349767878205
2023-01-18 02:00:00,2572.2215250589416
2023-01-18 03:00:00,3150.5796921296533
2023-01-18 04:00:00,2985.7502210519433
2023-01-18 05:00:00,3488.3497665902896
2023-01-18 06:00:00,3371.3442151392155
2023-01-18 07:00:00,3963.160625092222
2023-01-18 08:00:00,4228.87682110831
2023-01-18 09:00:00,4642.049275152115
2023-01-18 10:00:00,3689.374553321394
2023-01-18 11:00:00,3841.0360650072726
2023-01-18 12:00:00,3839.990645863644
2023-01-18 13:00:00,3684.70853385532
2023-01-18 14:00:00,4096.524313403958
2023-01-18 15:00:00,4248.225381317029
2023-01-18 16:00:00,4543.749540841806
2023-01-18 17:00:00,4356.596746922353
2023-01-18 18:00:00,4457.969259215705
2023-01-18 19:00:00,3887.276210894439
2023-01-18 20:00:00,3812.8789471767445
2023-01-18 21:00:00,4013.643269729895
2023-01-18 22:00:00,3936.2350151943324
2023-01-18 23:00:00,3386.8957728794917
2023-01-19 00:00:00,2535.9458249307604
2023-01-19 01:00:00,2682.8051369510176
2023-01-19 02:00:00,2621.9736015642047
2023-01-19 03:00:00,2979.0080436689727
2023-01-19 04:00:00,2969.594177090655
2023-01-19 05:00:00,3537.024021312855
2023-01-19 06:00:00,3828.8244147534388
2023-01-19 07:00:00,4294.465958310622
2023-01-19 08:00:00,4762.9102124543615
2023-01-19 09:00:00,4560.397005557759
2023-01-19 10:00:00,4051.88731373458
2023-01-19 11:00:00,3991.0843305248222
2023-01-19 12:00:00,3485.4895737154397
2023-01-19 13:00:00,3888.5525850261124
2023-01-19 14:00:00,3813.9187547571605
2023-01-19 15:00:00,4038.8070347307894
2023-01-19 16:00:00,4138.107658782986
2023-01-19 17:00:00,3970.934661115868
2023-01-19 18:00:00,4463.058666654386
2023-01-19 19:00:00,4103.383455217217
2023-01-19 20:00:00,3959.8712142101335
2023-01-19 21:00:00,3829.932241786469
2023-01-19 22:00:00,3438.7192963754374
2023-01-19 23:00:00,3373.8487714749135
2023-01-20 00:00:00,2502.2741691480574
2023-01-20 01:00:00,2685.465566791917
2023-01-20 02:00:00,2495.413201578208
2023-01-20 03:00:00,3037.8245850353137
2023-01-20 04:00:00,3020.80899661039
2023-01-20 05:00:00,3498.04337384641
2023-01-20 06:00:00,4098.178005567959
2023-01-20 07:00:00,4317.161049774609
2023-01-20 08:00:00,4418.3644262287
2023-01-20 09:00:00,4695.233560619895
2023-01-20 10:00:00,4086.8535291053718
2023-01-20 11:00:00,3783.7223863619192
2023-01-20 12:00:00,3715.2431702910912
2023-01-20 13:00:00,3752.8758678963227
2023-01-20 14:00:00,3951.9473829462186
2023-01-20 15:00:00,4158.529241055853
2023-01-20 16:00:00,4141.412292749768
2023-01-20 17:00:00,4159.412171201028
2023-01-20 18:00:00,4439.217655415578
2023-01-20 19:00:00,4170.98730361623
2023-01-20 20:00:00,4331.713436961864
2023-01-20 21:00:00,4051.4611000768095
2023-01-20 22:00:00,3542.206396137376
2023-01-20 23:00:00,3588.690183746255
2023-01-21 00:00:00,2117.2895746793183
2023-01-21 01:00:00,2099.070900790083
2023-01-21 02:00:00,2582.917261745233
2023-01-21 03:00:00,2780.3394020213213
2023-01-21 04:00:00,2546.5460538129846
2023-01-21 05:00:00,2712.8586352437273
2023-01-21 06:00:00,3404.23830394888
2023-01-21 07:00:00,3539.208909080264
2023-01-21 08:00:00,3664.805714698174
2023-01-21 09:00:00,3549.325704832161
2023-01-21 10:00:00,3596.076133131041
2023-01-21 11:00:00,3350.3688365480734
2023-01-21 12:00:00,3079.317862293518
2023-01-21 13:00:00,3202.029721325833
2023-01-21 14:00:00,3131.092238050549
2023-01-21 15:00:00,3316.426606004552
2023-01-21 16:00:00,3705.5282663802036
2023-01-21 17:00:00,3599.896434718143
2023-01-21 18:00:00,3986.509166522868
2023-01-21 19:00:00,3636.3818033263537
2023-01-21 20:00:00,3339.1747146317657
2023-01-21 21:00:00,3541.030299839404
2023-01-21 22:00:00,2897.535565584419
2023-01-21 23:00:00,2968.0011191781855
2023-01-22 00:00:00,2099.1033186034856
2023-01-22 01:00:00,2183.9474707259474
2023-01-22 02:00:00,2056.932404670598
2023-01-22 03:00:00,2176.1211530846044
2023-01-22 04:00:00,2608.1608726943796
2023-01-22 05:00:00,2781.200768454966
2023-01-22 06:00:00,2838.155379350918
2023-01-22 07:00:00,3148.8474764708953
2023-01-22 08:00:00,3428.0539644106225
2023-01-22 09:00:00,3338.547736155199
2023-01-22 10:00:00,3166.7332213712916
2023-01-22 11:00:00,3051.8333286340694
2023-01-22 12:00:00,2918.0354929763816
2023-01-22 13:00:00,2738.4251405929476
2023-01-22 14:00:00,3159.508268191314
2023-01-22 15:00:00,2800.417484430653
2023-01-22 16:00:00,3105.896541091268
2023-01-22 17:00:00,3030.298990300284
2023-01-22 18:00:00,3285.649105178142
2023-01-22 19:00:00,2840.2917777840353
2023-01-22 20:00:00,3141.024700132437
2023-01-22 21:00:00,2872.7906835486197
2023-01-22 22:00:00,2763.4887672279237
2023-01-22 23:00:00,2527.9707611477493
2023-01-23 00:00:00,2563.8545026924353
2023-01-23 01:00:00,2657.779256327877
2023-01-23 02:00:00,3158.4659339593727
2023-01-23 03:00:00,2471.1693956346357
2023-01-23 04:00:00,3220.6894946134494
2023-01-23 05:00:00,3828.5428020366294
2023-01-23 06:00:00,3522.8051967070755
2023-01-23 07:00:00,4338.7848238922525
2023-01-23 08:00:00,4330.001388756083
2023-01-23 09:00:00,4310.481818445388
2023-01-23 10:00:00,4289.413799428963
2023-01-23 11:00:00,3920.797985051827
2023-01-23 12:00:00,3913.0166805035487
2023-01-23 13:00:00,3433.270920152734
2023-01-23 14:00:00,3401.486487172234
2023-01-23 15:00:00,4049.2973564956437
2023-01-23 16:00:00,4313.63454248291
2023-01-23 17:00:00,4516.092998874081
2023-01-23 18:00:00,3702.250606005302
2023-01-23 19:00:00,4277.186265051013
2023-01-23 20:00:00,4157.04699267071
2023-01-23 21:00:00,4016.621055158586
2023-01-23 22:00:00,3458.608375376504
2023-01-23 23:00:00,3208.8496991381785
2023-01-24 00:00:00,2408.2854185498413
2023-01-24 01:00:00,2673.2734739969173
2023-01-24 02:00:00,2940.951326452236
2023-01-24 03:00:00,2901.050504807515
2023-01-24 04:00:00,3064.826815304543
2023-01-24 05:00:00,3346.6632372472804
2023-01-24 06:00:00,4086.4438092894734
2023-01-24 07:00:00,3905.365008349579
2023-01-24 08:00:00,4183.38227688784
